user_id,platform,days_since_install,sessions_7d,last_active_days,alerts_30d,alerts_acked_30d,notif_enabled,location_perm,drills_completed,contacts_added,churned_30d
0,android,382,1,0.0,2,2,1,1,1,2,0
1,web,513,3,2.0,7,1,0,1,0,2,0
2,android,580,11,0.0,2,0,0,0,0,1,0
3,android,112,0,19.0,3,1,1,0,1,1,1
4,web,514,2,0.0,3,2,1,0,2,2,0
5,ios,689,2,5.0,2,0,1,1,0,1,1
6,android,451,2,0.0,2,0,1,1,1,1,0
7,ios,337,5,2.0,2,1,0,0,0,2,0
8,web,95,3,1.0,3,1,0,1,2,1,0
9,android,545,4,3.0,2,0,0,1,3,0,1
10,ios,236,2,1.0,2,2,1,1,0,1,1
11,android,718,6,2.0,3,0,1,0,0,0,1
12,android,296,2,1.0,0,0,1,0,0,2,1
13,android,28,9,4.0,5,3,1,0,0,1,0
14,ios,673,1,1.0,5,4,1,1,0,1,1
15,web,707,6,2.0,1,0,1,1,2,0,0
16,android,665,3,1.0,1,0,1,1,0,0,0
17,android,399,4,1.0,2,1,0,0,1,1,0
18,android,246,1,4.0,1,0,0,1,3,2,0
19,ios,606,1,4.0,2,0,1,1,0,1,1
20,android,429,2,8.0,2,1,1,1,0,2,0
21,android,182,1,1.0,3,2,1,1,2,3,0
22,android,642,2,1.0,3,1,0,1,2,1,0
23,android,309,1,5.0,4,4,0,1,0,3,1
24,android,11,0,30.0,0,0,1,0,2,1,1
25,android,5,4,0.0,3,1,0,1,0,2,0
26,ios,323,4,7.0,2,2,1,1,0,0,0
27,android,388,5,3.0,3,1,0,0,1,0,0
28,android,385,17,1.0,4,1,1,0,0,4,0
29,android,483,4,1.0,2,0,1,0,1,1,0
30,android,221,5,1.0,3,2,1,1,0,1,0
31,android,511,1,0.0,4,2,1,0,2,2,0
32,android,266,5,2.0,3,0,1,1,0,0,0
33,ios,5,0,21.0,4,2,1,0,0,2,0
34,web,411,3,5.0,5,4,1,1,0,0,0
35,ios,195,9,1.0,4,3,1,0,0,1,0
36,ios,324,0,1.0,3,2,1,1,5,3,0
37,ios,508,2,5.0,1,1,0,1,1,3,0
38,android,616,0,8.0,2,1,1,1,0,2,1
39,android,494,2,0.0,1,0,0,1,1,2,1
40,android,257,2,11.0,0,0,1,1,2,1,0
41,android,718,3,0.0,1,1,1,0,0,1,1
42,android,686,1,3.0,4,2,1,0,0,1,0
43,android,699,1,1.0,2,1,1,1,1,4,0
44,ios,246,5,16.0,1,1,0,1,0,0,0
45,ios,291,0,24.0,3,2,1,1,2,2,1
46,ios,295,0,21.0,4,2,0,1,0,5,1
47,android,76,3,2.0,4,0,1,1,2,2,0
48,ios,264,4,0.0,2,2,0,1,0,1,0
49,ios,169,1,9.0,3,2,1,1,0,3,1
50,android,71,2,2.0,5,2,1,1,2,2,0
51,ios,480,2,13.0,5,0,1,1,0,1,0
52,web,170,7,1.0,3,2,1,0,0,0,0
53,web,383,11,5.0,2,0,1,0,1,3,0
54,web,204,2,1.0,1,1,1,1,1,1,0
55,android,466,0,21.0,3,1,1,1,1,2,1
56,android,291,1,7.0,2,1,1,0,0,1,0
57,android,582,0,0.0,3,3,1,0,1,1,0
58,android,108,3,1.0,2,2,1,1,1,4,0
59,ios,578,9,3.0,8,2,1,1,0,2,0
60,android,92,4,4.0,2,2,1,1,0,1,1
61,ios,129,0,2.0,4,3,1,1,1,0,0
62,android,148,3,3.0,3,1,1,1,2,1,0
63,ios,162,3,3.0,4,1,0,0,0,0,1
64,android,277,4,1.0,3,0,1,0,0,1,0
65,ios,119,2,8.0,1,0,1,1,3,0,1
66,ios,513,2,0.0,4,3,1,1,0,0,1
67,ios,553,4,1.0,5,2,1,1,0,2,0
68,ios,52,3,1.0,4,1,1,1,0,1,0
69,android,452,4,13.0,0,0,1,0,2,0,0
70,ios,464,3,1.0,2,0,1,0,1,1,0
71,android,506,3,5.0,2,2,1,0,1,0,0
72,android,288,7,2.0,4,3,0,0,1,0,0
73,ios,70,5,2.0,0,0,0,0,1,0,0
74,ios,505,10,1.0,1,0,1,1,1,3,0
75,web,93,2,0.0,0,0,1,0,0,1,0
76,android,359,7,2.0,4,3,1,0,1,1,1
77,ios,227,0,3.0,4,3,1,1,1,2,1
78,android,339,2,3.0,3,0,1,1,2,1,1
79,android,238,4,4.0,8,4,1,1,1,1,0
80,android,402,2,0.0,4,1,1,1,1,1,0
81,ios,199,1,0.0,4,1,1,1,0,2,0
82,ios,634,0,3.0,0,0,1,1,3,3,0
83,android,203,6,0.0,1,1,1,0,0,1,0
84,ios,39,0,19.0,2,1,1,1,1,2,1
85,android,327,4,1.0,3,3,1,1,0,1,0
86,android,437,0,15.0,1,1,0,1,0,1,1
87,ios,21,2,0.0,5,0,1,1,0,2,0
88,ios,89,3,1.0,3,2,1,0,0,1,0
89,android,383,5,0.0,5,3,1,1,0,2,0
90,ios,100,4,0.0,3,1,0,0,0,1,0
91,android,697,1,1.0,1,1,1,0,1,1,1
92,android,669,8,11.0,3,3,1,1,0,0,0
93,ios,76,1,0.0,5,1,1,1,1,2,0
94,android,431,0,8.0,2,0,0,1,1,1,1
95,android,495,3,5.0,5,3,1,1,1,0,0
96,android,300,0,39.0,3,1,1,1,1,0,1
97,android,649,6,1.0,6,5,1,1,0,1,0
98,android,697,1,8.0,1,1,0,0,0,2,0
99,android,138,0,29.0,2,0,1,1,0,1,1
100,android,376,1,2.0,3,0,1,0,1,2,0
101,ios,566,0,0.0,1,1,0,1,2,0,0
102,android,559,5,11.0,1,1,1,0,0,1,0
103,android,437,0,3.0,7,5,0,1,1,0,1
104,android,436,7,0.0,2,1,1,1,0,0,1
105,ios,503,2,1.0,2,0,1,1,1,2,0
106,android,153,3,4.0,2,1,0,1,1,1,1
107,ios,669,4,2.0,3,0,1,1,0,1,0
108,ios,81,5,2.0,5,4,0,1,0,1,1
109,android,371,3,4.0,2,0,1,0,0,1,0
110,android,352,0,4.0,3,2,1,1,1,3,0
111,android,676,2,1.0,2,2,1,0,2,0,1
112,android,303,0,7.0,2,1,1,1,0,2,0
113,ios,40,1,7.0,2,1,1,1,0,1,1
114,ios,153,16,4.0,4,4,1,1,1,3,0
115,ios,484,8,5.0,2,2,1,1,1,3,0
116,android,558,2,2.0,1,0,1,1,1,3,1
117,web,4,2,0.0,3,0,1,1,0,2,0
118,android,77,1,7.0,2,1,1,1,1,1,1
119,android,484,4,2.0,2,2,0,0,2,2,0
120,ios,399,3,4.0,2,2,0,1,0,0,1
121,android,667,3,4.0,1,1,1,1,1,0,0
122,android,297,0,22.0,3,1,0,1,1,1,1
123,android,32,5,5.0,1,0,1,0,0,2,1
124,android,546,7,0.0,2,2,1,1,0,0,0
125,android,342,1,4.0,5,1,1,1,1,0,1
126,android,539,0,17.0,4,0,1,0,2,2,1
127,web,298,5,5.0,1,1,1,1,2,2,0
128,ios,576,2,16.0,2,0,1,1,0,0,0
129,android,106,2,11.0,4,4,1,1,3,0,0
130,android,387,0,1.0,3,3,1,1,0,0,0
131,ios,555,1,1.0,1,1,1,0,0,2,1
132,android,206,3,3.0,2,1,0,0,1,0,0
133,android,225,2,1.0,5,4,1,1,0,0,0
134,android,647,0,0.0,1,0,1,1,2,3,0
135,android,167,4,1.0,1,0,1,0,0,1,0
136,ios,124,0,1.0,1,1,1,1,0,0,1
137,web,708,3,8.0,3,3,0,1,2,0,0
138,android,394,5,0.0,0,0,1,1,0,1,0
139,android,465,2,2.0,6,0,1,0,0,3,0
140,android,125,1,1.0,6,1,1,1,0,3,0
141,android,40,1,4.0,3,0,0,0,0,0,1
142,ios,381,1,9.0,1,0,1,1,1,0,0
143,web,415,1,1.0,2,2,1,1,1,1,0
144,android,631,14,1.0,1,1,1,1,0,2,0
145,android,438,4,4.0,2,1,1,0,1,2,0
146,ios,434,2,5.0,5,4,1,1,0,1,1
147,android,647,4,1.0,5,5,1,0,2,2,0
148,android,185,5,5.0,3,1,0,0,3,1,1
149,android,85,4,5.0,0,0,1,0,2,0,0
150,ios,273,6,1.0,4,4,1,1,1,1,0
151,ios,470,1,3.0,3,0,0,1,1,0,0
152,android,138,4,1.0,4,3,0,1,0,0,0
153,android,236,1,1.0,6,5,1,1,1,1,1
154,android,418,2,5.0,4,3,1,0,1,0,0
155,android,224,1,2.0,1,0,1,1,0,2,1
156,android,218,1,5.0,2,1,1,1,2,3,1
157,web,322,7,1.0,2,1,1,1,1,2,0
158,web,403,2,3.0,3,2,0,1,2,0,0
159,android,364,4,2.0,5,4,1,1,2,1,0
160,android,314,1,0.0,3,3,1,0,0,2,0
161,ios,296,1,5.0,2,1,0,1,0,1,1
162,android,466,5,8.0,1,0,1,0,0,1,1
163,ios,300,0,14.0,3,0,1,1,0,0,0
164,android,386,7,7.0,3,2,1,1,2,2,1
165,ios,269,3,2.0,3,1,1,1,2,2,1
166,ios,692,1,2.0,4,1,1,1,2,0,0
167,ios,437,4,3.0,4,0,1,1,0,0,0
168,ios,550,1,2.0,3,2,1,1,3,0,0
169,android,566,1,10.0,6,0,1,0,2,0,0
170,ios,423,2,1.0,4,0,1,1,1,1,0
171,android,58,2,3.0,3,3,1,0,1,0,1
172,android,645,12,6.0,1,1,1,1,0,0,0
173,web,544,2,2.0,5,3,1,0,1,1,0
174,android,92,0,7.0,5,2,0,1,1,1,1
175,web,620,0,20.0,5,3,1,1,1,1,1
176,android,659,3,0.0,4,0,1,1,2,0,0
177,android,139,7,3.0,2,1,1,1,0,1,1
178,android,427,1,3.0,0,0,1,1,0,1,0
179,android,147,1,1.0,1,1,1,1,0,2,0
180,web,53,6,3.0,3,1,1,1,1,0,0
181,ios,710,1,1.0,2,1,1,0,1,2,1
182,android,195,0,3.0,4,3,1,1,0,0,1
183,web,307,4,7.0,1,1,1,0,0,0,1
184,android,5,1,6.0,1,1,0,0,0,1,0
185,ios,21,2,0.0,3,1,1,0,0,0,0
186,android,232,4,6.0,2,1,1,1,2,2,0
187,android,260,4,0.0,1,0,0,1,1,3,0
188,web,499,0,1.0,2,1,0,1,0,0,1
189,android,177,6,8.0,2,0,1,1,1,0,0
190,android,75,0,2.0,1,0,0,1,0,1,1
191,android,584,7,1.0,1,1,0,1,3,2,0
192,ios,177,2,1.0,1,0,1,1,2,0,0
193,android,327,1,0.0,4,4,1,0,1,0,0
194,android,312,6,7.0,4,1,1,1,2,1,0
195,android,260,2,7.0,6,6,1,1,0,3,0
196,web,12,2,2.0,5,4,1,0,0,2,0
197,android,580,7,8.0,3,1,0,0,3,1,0
198,ios,606,1,2.0,4,1,0,1,2,1,0
199,android,275,3,3.0,3,2,1,0,0,1,0
200,android,419,2,2.0,3,1,1,0,1,3,0
201,web,559,1,0.0,2,1,1,0,0,2,0
202,web,570,6,4.0,4,1,0,1,0,0,0
203,android,277,0,1.0,2,2,0,0,3,2,0
204,android,94,5,0.0,4,0,1,0,2,1,0
205,web,655,1,9.0,2,2,1,0,1,3,1
206,ios,407,1,2.0,2,2,1,1,0,2,0
207,android,180,3,1.0,2,1,1,1,0,1,0
208,android,187,3,1.0,4,1,1,0,0,1,0
209,ios,555,1,0.0,4,2,1,1,2,3,0
210,ios,421,0,0.0,3,3,1,1,1,1,1
211,android,676,3,1.0,4,0,0,1,2,1,0
212,android,457,1,3.0,2,1,1,1,2,4,0
213,android,562,1,2.0,4,3,1,1,2,1,0
214,android,194,3,3.0,3,2,1,1,1,1,0
215,ios,52,11,7.0,1,0,1,0,2,0,0
216,android,104,12,4.0,6,5,1,1,2,2,0
217,ios,8,2,1.0,1,1,1,0,1,2,0
218,android,151,2,1.0,3,0,1,0,1,2,0
219,ios,294,1,0.0,3,3,1,1,1,0,1
220,android,369,0,30.0,1,1,1,1,1,1,0
221,android,328,1,1.0,3,3,1,1,1,1,1
222,ios,636,0,8.0,2,1,0,1,0,2,0
223,android,608,0,6.0,6,2,1,1,0,1,0
224,ios,575,0,5.0,4,3,1,0,0,2,0
225,android,529,2,2.0,1,1,1,1,1,1,0
226,android,31,0,9.0,0,0,1,1,0,0,1
227,android,82,4,6.0,1,1,0,1,2,2,1
228,ios,449,4,1.0,1,1,1,1,0,1,0
229,android,33,6,0.0,2,2,1,1,0,2,0
230,ios,458,5,1.0,0,0,1,0,1,0,0
231,web,227,2,0.0,2,2,0,0,0,1,0
232,ios,120,1,6.0,0,0,1,1,1,0,0
233,android,429,6,0.0,8,7,0,1,0,1,0
234,android,361,9,3.0,2,2,1,0,0,0,1
235,android,657,3,4.0,3,1,1,1,2,0,1
236,ios,115,1,6.0,2,2,1,1,0,2,0
237,android,389,3,3.0,2,0,1,1,0,1,0
238,android,494,3,0.0,5,1,0,1,1,0,0
239,android,457,2,1.0,1,0,0,1,0,4,0
240,android,74,7,2.0,2,1,1,0,1,1,0
241,android,10,2,0.0,4,1,1,0,0,0,0
242,ios,553,5,6.0,2,1,1,1,2,1,0
243,web,515,0,11.0,1,0,1,1,1,2,0
244,android,435,0,2.0,3,2,1,0,1,2,0
245,android,164,1,3.0,2,2,1,0,4,0,0
246,android,436,0,6.0,4,3,1,1,4,1,0
247,android,93,3,1.0,8,5,1,0,0,1,0
248,ios,553,2,1.0,1,0,1,1,0,0,0
249,android,402,7,0.0,0,0,1,1,2,2,0
250,android,254,4,7.0,3,2,1,0,0,0,0
251,android,557,2,1.0,5,5,0,0,0,0,0
252,android,61,2,0.0,2,2,0,1,1,4,0
253,ios,589,1,1.0,6,5,1,1,1,1,0
254,android,701,0,8.0,0,0,0,1,1,1,1
255,android,524,1,3.0,5,5,1,1,0,1,0
256,android,596,5,9.0,4,3,0,1,0,1,0
257,android,498,0,6.0,1,1,0,1,1,2,0
258,android,177,4,2.0,3,0,1,1,0,1,0
259,ios,190,3,1.0,6,1,1,1,4,1,0
260,ios,186,3,2.0,4,4,1,1,0,3,0
261,ios,42,2,2.0,3,3,1,0,1,3,0
262,web,337,4,1.0,1,0,1,1,2,2,0
263,web,560,0,25.0,4,0,1,1,1,2,0
264,ios,590,3,2.0,2,1,1,1,3,0,0
265,ios,262,2,8.0,3,3,0,1,0,3,0
266,android,341,7,8.0,2,2,1,1,3,2,0
267,web,360,4,10.0,4,2,1,0,1,1,0
268,ios,323,2,2.0,4,4,0,1,3,0,0
269,android,22,2,7.0,5,4,1,0,2,1,0
270,android,339,0,3.0,3,2,1,1,1,2,0
271,android,391,2,1.0,6,4,1,1,0,2,0
272,android,457,2,1.0,4,2,1,1,0,2,0
273,web,68,11,0.0,4,4,1,1,0,1,0
274,android,148,0,5.0,6,6,1,1,1,0,1
275,android,689,1,2.0,6,5,0,1,0,2,1
276,web,298,2,4.0,2,2,1,1,0,1,0
277,web,579,0,30.0,4,3,1,1,0,1,1
278,ios,688,3,3.0,5,2,1,1,0,1,1
279,web,235,3,4.0,1,0,0,0,0,1,0
280,android,104,5,2.0,3,1,1,0,1,1,0
281,ios,337,8,0.0,5,5,1,1,0,1,0
282,android,24,1,2.0,3,3,1,0,2,2,0
283,android,173,6,3.0,4,1,1,1,1,1,0
284,android,260,1,6.0,2,2,0,0,2,3,0
285,web,111,1,0.0,3,1,0,1,0,3,0
286,android,383,2,1.0,2,2,0,0,2,1,0
287,android,548,3,1.0,2,2,1,0,5,2,1
288,ios,669,4,1.0,9,4,1,1,2,4,0
289,web,12,2,2.0,2,0,1,0,2,1,0
290,android,294,1,3.0,4,4,1,0,2,0,1
291,android,669,1,3.0,3,3,1,1,0,0,0
292,android,336,0,2.0,2,2,1,1,0,1,1
293,android,402,2,4.0,5,2,1,1,1,1,0
294,ios,419,0,5.0,2,0,1,1,1,1,0
295,android,174,11,2.0,5,2,1,1,0,1,0
296,ios,565,6,2.0,4,3,1,1,0,0,1
297,android,577,1,2.0,3,2,1,1,0,0,0
298,android,130,12,1.0,1,0,0,1,2,0,0
299,android,385,4,4.0,4,1,1,0,2,0,1
300,android,565,2,2.0,5,3,0,0,1,1,1
301,android,564,9,1.0,2,2,1,1,0,0,0
302,web,493,1,4.0,1,0,1,0,2,3,1
303,android,359,5,4.0,3,2,1,0,1,1,0
304,android,448,0,19.0,3,1,1,0,1,0,0
305,android,608,2,1.0,5,1,1,1,0,0,0
306,ios,76,2,0.0,2,0,1,1,0,0,1
307,android,693,5,1.0,4,3,0,0,0,1,0
308,android,292,5,1.0,3,1,1,1,0,1,0
309,web,95,0,6.0,1,1,1,1,1,2,0
310,android,564,3,5.0,1,1,1,1,0,1,0
311,web,352,1,4.0,5,5,1,1,0,1,0
312,web,648,6,2.0,1,0,0,1,2,2,0
313,android,480,2,2.0,8,5,1,0,1,2,0
314,android,368,1,2.0,2,1,0,1,2,2,0
315,ios,116,2,2.0,2,1,1,0,1,1,0
316,web,179,0,6.0,2,1,1,1,1,0,1
317,android,568,0,9.0,0,0,1,0,0,3,0
318,ios,565,3,9.0,4,3,1,0,1,0,1
319,ios,657,0,0.0,4,0,1,1,0,1,1
320,android,91,5,1.0,5,3,0,1,1,1,0
321,ios,682,3,4.0,3,3,1,1,4,0,1
322,android,99,2,8.0,0,0,1,0,1,0,1
323,android,540,1,1.0,2,2,0,0,1,4,0
324,ios,565,2,13.0,1,1,1,1,0,3,0
325,web,526,5,1.0,3,0,1,0,0,0,1
326,android,709,3,1.0,3,2,1,0,1,0,0
327,android,85,1,0.0,1,1,0,1,1,2,0
328,web,2,3,2.0,3,1,0,1,0,2,1
329,ios,606,3,2.0,2,2,1,1,0,1,0
330,android,380,8,1.0,1,1,1,0,1,1,0
331,web,442,0,8.0,2,2,1,1,1,1,0
332,android,511,1,0.0,4,3,1,0,0,0,1
333,android,658,0,8.0,2,1,1,0,2,3,0
334,android,590,6,1.0,2,2,1,1,2,1,0
335,android,392,0,3.0,1,1,1,1,0,0,0
336,android,502,0,12.0,5,3,1,0,0,1,0
337,android,345,3,1.0,2,1,1,1,0,1,0
338,android,87,5,2.0,1,1,1,1,1,1,0
339,android,706,17,3.0,5,3,0,1,1,0,0
340,ios,386,2,4.0,2,1,1,0,0,1,0
341,ios,429,4,2.0,4,1,1,1,1,0,0
342,android,559,1,16.0,2,1,1,0,2,0,0
343,ios,364,1,6.0,3,3,0,0,1,1,1
344,android,345,2,2.0,3,0,1,1,4,2,0
345,android,172,2,0.0,4,3,1,0,2,3,0
346,android,317,8,1.0,4,2,1,0,2,0,0
347,android,79,0,7.0,3,2,1,1,1,1,0
348,android,650,0,10.0,4,1,1,1,0,2,0
349,android,115,5,3.0,1,0,0,0,1,1,0
350,android,449,4,8.0,2,2,0,0,0,3,0
351,android,263,6,2.0,5,4,1,0,2,2,0
352,android,699,5,3.0,3,2,1,0,2,2,0
353,android,23,1,6.0,1,0,1,1,1,2,0
354,android,385,1,1.0,2,1,1,1,1,0,1
355,android,154,3,12.0,2,0,1,0,0,3,1
356,ios,492,3,6.0,1,0,0,0,0,2,1
357,ios,629,9,1.0,2,0,1,0,1,0,0
358,android,551,0,41.0,5,3,0,0,2,0,1
359,android,35,4,1.0,1,0,1,1,0,0,0
360,android,362,2,0.0,3,1,1,0,1,1,0
361,web,471,2,17.0,2,2,1,0,0,1,0
362,ios,19,1,2.0,4,3,0,1,0,1,0
363,android,112,0,23.0,3,1,1,0,1,1,0
364,android,270,4,1.0,2,2,1,1,2,0,0
365,web,508,2,1.0,2,2,1,0,0,1,0
366,web,449,2,0.0,0,0,1,0,0,0,0
367,ios,210,5,2.0,3,3,0,1,1,2,0
368,android,460,2,0.0,4,4,0,1,1,1,0
369,ios,584,5,2.0,2,1,1,1,0,0,0
370,ios,267,3,4.0,1,0,0,1,0,2,0
371,android,236,2,1.0,5,4,0,1,1,2,0
372,android,579,10,1.0,2,0,1,0,0,1,0
373,ios,572,2,2.0,2,1,1,1,2,1,0
374,android,628,1,6.0,4,4,1,0,0,0,1
375,ios,32,1,1.0,6,1,1,0,0,0,0
376,web,101,0,5.0,1,0,1,1,2,2,0
377,android,268,4,3.0,7,6,0,1,2,3,1
378,android,103,0,15.0,1,1,1,0,1,0,1
379,web,20,2,3.0,3,1,1,0,0,4,0
380,android,413,9,5.0,6,4,1,0,1,1,0
381,ios,372,2,0.0,1,1,1,1,1,2,1
382,ios,437,6,2.0,2,1,0,1,0,1,0
383,ios,564,2,4.0,4,2,1,1,0,1,1
384,android,8,1,1.0,4,2,1,1,0,3,0
385,android,382,2,3.0,4,2,1,1,0,1,1
386,ios,41,1,8.0,1,1,1,1,1,1,1
387,android,73,2,2.0,5,3,1,1,1,1,0
388,android,424,3,11.0,0,0,1,0,0,1,0
389,android,633,0,58.0,2,2,0,1,0,2,1
390,ios,186,5,1.0,3,3,1,0,2,2,0
391,ios,269,1,11.0,0,0,0,0,0,0,0
392,android,256,2,5.0,1,1,1,0,0,2,1
393,android,386,4,6.0,1,1,0,1,3,1,1
394,web,272,1,12.0,2,1,0,1,0,3,0
395,android,206,0,20.0,2,2,1,1,1,1,1
396,ios,156,4,6.0,3,0,1,0,1,1,1
397,ios,24,3,1.0,3,0,1,0,0,0,0
398,ios,310,2,7.0,3,2,1,1,0,1,0
399,android,522,3,3.0,5,5,0,1,0,0,1
400,android,99,4,0.0,3,0,1,1,0,0,0
401,ios,197,0,7.0,5,3,1,0,1,1,1
402,web,420,5,4.0,1,0,1,0,1,0,0
403,ios,295,0,5.0,5,3,1,0,2,0,1
404,android,136,1,3.0,1,0,1,0,3,0,0
405,android,622,2,5.0,2,0,1,1,2,0,0
406,android,263,1,0.0,2,1,0,1,0,2,0
407,android,496,1,5.0,6,6,0,1,0,1,1
408,android,476,3,1.0,2,0,1,1,0,0,0
409,android,316,1,1.0,2,2,1,1,0,3,0
410,android,485,7,3.0,1,1,1,0,1,0,0
411,ios,472,5,1.0,2,2,1,1,0,1,0
412,web,388,5,6.0,3,0,1,0,1,1,1
413,web,388,1,0.0,3,2,1,1,0,0,0
414,ios,618,13,3.0,2,1,1,1,2,1,0
415,android,502,0,11.0,3,3,1,1,2,0,1
416,web,587,2,8.0,1,1,1,0,0,3,1
417,android,330,1,1.0,2,2,1,0,0,1,1
418,ios,593,8,1.0,3,2,1,1,0,1,0
419,ios,301,3,4.0,5,2,1,0,0,0,1
420,ios,141,9,7.0,2,0,1,1,0,1,0
421,ios,514,9,5.0,2,2,1,1,3,0,0
422,android,679,1,1.0,4,4,1,1,0,0,1
423,android,424,3,5.0,2,0,0,1,2,1,0
424,android,487,4,6.0,4,3,1,1,1,0,0
425,android,536,1,1.0,2,1,1,1,0,2,0
426,android,460,0,10.0,5,3,1,1,0,0,0
427,android,525,5,12.0,0,0,0,0,1,2,0
428,web,320,3,1.0,4,4,1,0,0,1,0
429,android,482,5,0.0,4,3,1,1,1,2,0
430,ios,181,1,0.0,5,5,1,1,0,1,0
431,android,339,6,5.0,2,2,1,1,2,5,0
432,ios,154,3,2.0,5,5,1,1,1,1,0
433,android,541,3,0.0,3,3,1,1,2,2,1
434,ios,28,13,0.0,3,1,1,1,3,0,0
435,ios,81,2,2.0,3,2,1,1,1,0,0
436,android,313,1,5.0,3,2,0,1,0,3,1
437,android,617,1,5.0,9,6,1,1,0,0,0
438,android,597,3,1.0,6,2,1,0,1,0,0
439,ios,162,3,0.0,3,3,1,1,0,2,1
440,android,404,7,1.0,3,0,1,1,1,2,0
441,android,459,1,1.0,2,0,1,1,1,0,1
442,android,546,3,9.0,4,1,0,0,0,1,0
443,ios,499,2,1.0,2,1,0,0,0,3,1
444,ios,426,3,1.0,2,1,1,1,0,1,0
445,ios,127,1,0.0,3,3,1,0,0,0,1
446,ios,528,4,2.0,7,5,0,1,1,1,1
447,ios,138,7,0.0,4,4,0,0,2,1,0
448,android,186,6,3.0,3,2,1,0,1,0,0
449,ios,712,5,0.0,4,4,1,0,1,2,0
450,ios,434,4,2.0,2,1,0,0,1,1,1
451,android,526,1,0.0,3,2,0,0,0,0,1
452,ios,246,3,4.0,3,0,1,1,1,3,0
453,ios,160,1,3.0,1,1,1,1,2,1,0
454,android,343,0,8.0,4,4,1,1,0,1,0
455,android,695,3,1.0,2,0,1,1,1,1,0
456,android,571,1,0.0,6,3,0,0,0,0,1
457,ios,676,5,1.0,4,2,0,1,0,2,0
458,android,294,0,14.0,1,0,1,0,0,0,1
459,android,603,4,1.0,3,0,1,0,0,1,0
460,android,76,1,0.0,0,0,1,0,2,3,1
461,android,613,3,1.0,1,0,1,1,1,0,0
462,ios,113,4,3.0,4,2,1,0,1,1,0
463,web,211,1,1.0,4,0,0,1,0,1,0
464,android,571,4,4.0,2,1,1,0,2,2,0
465,android,626,4,7.0,2,1,1,0,2,2,1
466,android,568,0,8.0,3,3,1,1,0,2,1
467,android,51,6,2.0,5,2,1,1,1,0,0
468,android,188,1,4.0,2,1,1,1,0,1,1
469,ios,480,0,12.0,3,1,1,1,1,2,1
470,ios,74,2,0.0,2,1,1,1,0,0,0
471,android,652,3,6.0,2,1,1,1,0,1,0
472,ios,416,8,6.0,2,1,0,0,0,0,0
473,web,435,12,8.0,6,2,0,1,1,0,0
474,android,458,0,3.0,1,1,1,0,0,2,0
475,ios,454,2,7.0,5,4,1,0,1,2,0
476,web,537,0,27.0,3,0,1,1,1,0,1
477,android,500,1,2.0,5,0,1,0,2,3,1
478,android,489,0,10.0,2,1,1,0,0,3,0
479,android,378,0,4.0,2,2,1,0,2,0,0
480,android,334,7,4.0,2,2,1,1,1,1,0
481,android,290,7,0.0,4,1,0,1,2,0,0
482,android,84,10,2.0,6,4,1,1,0,2,0
483,android,707,2,5.0,4,2,1,1,1,2,0
484,android,269,4,3.0,2,2,1,1,0,1,0
485,ios,145,6,1.0,2,2,1,1,3,1,0
486,android,466,1,6.0,4,3,1,1,0,3,1
487,ios,706,0,1.0,2,2,1,0,1,1,0
488,ios,134,9,2.0,1,1,0,1,0,1,1
489,android,32,5,1.0,5,1,1,1,0,1,0
490,android,50,4,5.0,3,1,1,0,1,2,0
491,android,637,13,2.0,4,3,1,0,0,1,0
492,android,568,0,26.0,4,1,1,1,0,3,0
493,android,557,4,0.0,3,1,0,1,1,1,0
494,android,340,2,0.0,2,1,0,1,1,1,0
495,android,633,0,12.0,6,3,1,1,1,4,0
496,android,638,6,4.0,3,2,1,1,0,1,1
497,android,221,3,1.0,2,2,1,1,0,1,1
498,ios,637,3,0.0,1,1,1,1,0,2,0
499,ios,84,1,1.0,4,0,1,1,0,1,0
500,android,451,2,4.0,1,1,1,1,1,0,1
501,web,701,2,1.0,1,0,1,1,0,1,0
502,android,456,0,4.0,2,2,1,1,0,0,1
503,ios,68,2,2.0,5,4,1,1,1,1,0
504,android,709,0,0.0,3,2,0,1,2,0,0
505,web,274,2,0.0,3,3,1,1,1,2,0
506,android,485,0,19.0,2,2,1,0,1,2,0
507,ios,167,6,0.0,7,3,0,1,0,3,0
508,android,170,0,6.0,1,1,1,1,1,1,1
509,android,261,7,2.0,1,0,1,1,0,2,0
510,ios,656,7,4.0,1,1,1,1,2,1,0
511,android,130,7,2.0,6,5,0,0,1,1,0
512,ios,354,2,9.0,3,2,1,1,2,0,0
513,android,120,0,4.0,6,1,1,0,1,3,0
514,web,486,0,14.0,6,4,1,0,1,1,1
515,android,354,3,1.0,3,3,1,1,1,0,1
516,ios,510,9,9.0,5,3,1,1,0,2,0
517,android,614,1,0.0,1,1,0,0,0,1,0
518,ios,69,4,1.0,2,1,1,1,0,0,1
519,ios,93,3,0.0,6,5,1,1,1,1,0
520,web,519,4,5.0,5,2,0,0,0,1,0
521,web,341,0,7.0,6,5,1,1,0,0,1
522,ios,533,1,5.0,2,1,1,1,1,0,0
523,web,401,0,7.0,2,1,1,1,1,0,1
524,web,21,1,1.0,2,0,1,1,1,1,0
525,android,210,1,2.0,5,5,1,1,1,1,1
526,android,608,0,10.0,1,1,1,1,1,1,1
527,ios,514,3,1.0,3,2,1,0,0,2,0
528,android,101,2,1.0,2,2,0,0,2,1,0
529,android,8,4,1.0,2,2,1,0,2,3,0
530,web,260,2,1.0,1,1,1,1,2,4,0
531,android,522,2,2.0,2,1,1,1,3,0,0
532,android,223,1,3.0,1,1,1,1,1,0,1
533,ios,26,5,2.0,6,4,1,0,0,4,0
534,ios,470,0,20.0,1,0,0,1,0,2,1
535,android,420,3,1.0,1,0,0,1,1,2,0
536,ios,652,3,2.0,7,6,1,1,0,0,0
537,android,415,2,2.0,3,3,1,1,1,1,0
538,android,271,2,3.0,5,4,1,1,2,2,0
539,android,615,0,6.0,2,2,1,0,0,1,1
540,ios,635,3,2.0,2,0,0,1,2,0,1
541,ios,619,6,6.0,3,1,1,0,0,1,0
542,ios,175,0,22.0,3,0,1,0,1,1,1
543,android,592,0,23.0,5,4,1,1,0,1,1
544,web,594,10,0.0,3,0,1,1,0,1,0
545,ios,63,3,3.0,1,0,1,1,0,2,0
546,android,682,1,4.0,4,2,1,1,0,1,0
547,ios,216,0,0.0,0,0,1,1,0,1,0
548,android,353,2,1.0,3,2,0,1,1,1,1
549,android,645,8,11.0,2,2,1,0,0,1,0
550,web,645,2,7.0,3,3,0,0,0,0,1
551,android,438,4,3.0,3,1,1,1,0,0,0
552,android,393,0,2.0,2,1,1,1,0,1,0
553,ios,696,1,3.0,1,0,1,0,0,2,1
554,ios,635,6,2.0,6,4,1,0,1,3,0
555,android,273,2,2.0,3,2,0,1,1,1,0
556,web,392,2,2.0,3,3,1,0,2,3,0
557,android,364,5,0.0,4,3,1,1,1,0,0
558,android,392,1,2.0,1,1,1,0,1,2,0
559,android,461,3,0.0,1,0,1,0,0,1,0
560,ios,333,2,0.0,0,0,1,1,1,2,0
561,web,313,0,10.0,6,1,0,1,4,0,1
562,web,608,2,4.0,4,4,1,1,0,2,0
563,ios,21,3,5.0,2,0,0,1,0,0,1
564,android,199,1,2.0,2,1,1,1,2,3,0
565,web,333,0,6.0,1,1,1,1,2,0,0
566,android,51,3,1.0,2,2,0,1,2,1,1
567,android,346,6,12.0,1,1,1,0,0,4,0
568,android,200,5,5.0,3,0,1,1,1,2,0
569,android,609,6,5.0,1,1,1,1,0,4,0
570,android,694,1,4.0,0,0,0,0,0,2,1
571,android,169,0,12.0,1,1,0,1,2,2,1
572,ios,416,1,0.0,4,3,1,1,2,0,0
573,android,131,2,1.0,5,2,1,0,0,0,0
574,android,108,1,0.0,2,2,1,1,0,1,0
575,android,567,0,18.0,2,0,1,0,0,1,1
576,android,27,2,2.0,0,0,1,0,0,3,0
577,android,199,3,3.0,2,1,1,1,0,1,0
578,android,9,4,14.0,2,1,1,1,0,4,0
579,android,61,0,19.0,3,2,0,0,2,1,1
580,android,569,1,3.0,2,1,1,1,2,1,0
581,ios,274,11,1.0,4,3,1,1,0,2,0
582,android,495,2,1.0,5,1,1,0,1,1,0
583,web,620,0,17.0,3,2,1,1,3,0,1
584,android,682,3,0.0,2,2,0,0,1,3,0
585,ios,566,1,2.0,3,3,0,0,1,1,1
586,android,280,5,4.0,2,2,1,0,0,1,0
587,android,207,2,0.0,5,3,1,0,1,1,0
588,android,449,1,4.0,4,0,1,1,1,1,0
589,android,5,1,0.0,3,2,1,1,0,1,0
590,ios,123,3,0.0,5,5,0,1,1,2,0
591,android,478,4,3.0,1,1,1,1,3,2,0
592,ios,431,2,6.0,2,0,1,1,0,1,1
593,ios,123,0,0.0,2,1,1,0,0,1,1
594,android,578,3,0.0,5,4,1,1,0,0,0
595,android,326,1,12.0,6,3,1,0,1,3,1
596,ios,213,0,20.0,2,0,1,1,3,0,1
597,android,323,1,10.0,1,0,1,1,1,4,1
598,android,198,7,7.0,2,1,1,0,0,1,0
599,ios,641,1,2.0,3,1,0,1,1,2,0
600,ios,381,5,5.0,3,2,1,1,1,3,0
601,ios,532,3,6.0,2,2,1,0,4,2,0
602,ios,547,0,4.0,5,3,1,1,0,0,1
603,ios,91,4,0.0,2,0,0,1,1,0,0
604,ios,526,3,4.0,3,0,0,1,0,0,0
605,web,167,4,2.0,4,0,1,0,0,1,0
606,ios,39,1,11.0,6,2,0,1,0,1,1
607,android,66,1,1.0,2,2,1,1,0,2,0
608,ios,375,2,1.0,4,3,1,0,0,2,0
609,android,198,3,1.0,0,0,1,0,1,0,0
610,ios,401,1,2.0,1,1,0,1,0,3,0
611,ios,233,2,3.0,5,5,1,1,1,0,0
612,android,370,0,7.0,1,0,1,1,2,0,0
613,android,79,2,5.0,7,3,1,1,0,0,0
614,ios,14,0,8.0,2,1,1,1,0,3,1
615,web,235,2,2.0,7,6,1,0,0,1,1
616,ios,274,0,46.0,5,3,1,0,1,1,1
617,android,324,2,1.0,2,1,0,0,0,2,0
618,ios,49,3,2.0,1,0,1,1,0,0,0
619,ios,89,1,5.0,4,3,1,0,0,1,0
620,ios,22,14,1.0,5,5,0,1,0,3,0
621,android,636,1,2.0,2,2,0,1,1,3,1
622,android,459,0,14.0,6,1,1,0,0,0,0
623,web,181,0,27.0,4,2,1,0,1,1,1
624,web,29,5,2.0,3,2,1,1,0,1,0
625,ios,131,8,5.0,2,2,1,1,1,0,0
626,ios,665,7,4.0,4,3,1,0,0,1,0
627,android,64,1,1.0,4,4,1,1,2,3,0
628,android,296,3,1.0,5,5,1,0,2,0,0
629,android,138,2,7.0,1,1,0,1,0,0,0
630,android,483,0,12.0,5,2,1,0,1,1,1
631,ios,268,5,0.0,4,2,1,0,0,0,0
632,ios,646,6,2.0,2,1,1,0,2,1,0
633,android,232,1,11.0,4,4,0,0,2,1,0
634,web,448,3,0.0,3,3,1,1,1,5,0
635,web,350,5,9.0,2,2,1,0,2,0,1
636,android,47,2,9.0,1,1,0,1,1,0,1
637,android,689,2,0.0,6,3,1,1,2,2,0
638,web,131,1,1.0,2,1,1,1,1,4,0
639,ios,719,2,9.0,0,0,1,1,3,1,0
640,web,388,4,1.0,3,2,0,1,3,0,1
641,ios,452,6,2.0,6,6,1,0,2,1,1
642,web,399,4,0.0,3,2,0,1,0,0,1
643,android,710,0,2.0,2,1,0,1,0,2,1
644,android,334,3,6.0,6,1,1,1,1,0,0
645,android,442,5,1.0,3,3,0,1,0,2,0
646,android,290,4,1.0,2,1,0,0,1,1,0
647,ios,651,1,0.0,5,3,1,0,0,0,1
648,ios,680,0,13.0,1,1,1,1,0,0,1
649,android,379,0,7.0,3,2,1,1,0,1,0
650,ios,567,0,11.0,0,0,1,1,1,0,1
651,android,42,3,2.0,5,3,1,1,1,4,0
652,android,313,5,2.0,3,2,1,1,0,1,0
653,ios,311,7,4.0,6,1,1,1,0,0,0
654,android,36,6,1.0,2,1,1,1,0,0,0
655,ios,341,2,3.0,2,2,0,1,3,2,1
656,android,458,0,7.0,3,3,0,0,2,0,1
657,android,300,2,3.0,1,1,1,1,1,3,0
658,android,714,0,3.0,6,1,1,1,0,1,1
659,android,121,3,3.0,1,1,1,1,1,1,1
660,android,406,2,4.0,3,1,0,1,1,2,0
661,android,62,0,2.0,2,0,1,1,0,0,1
662,android,380,0,60.0,2,2,0,1,0,0,1
663,android,35,4,8.0,2,0,1,1,1,1,1
664,android,628,2,1.0,4,4,0,1,1,2,1
665,android,682,0,8.0,0,0,0,1,1,2,1
666,android,123,1,3.0,4,1,0,1,2,1,0
667,android,271,6,1.0,3,1,1,0,2,4,0
668,android,492,4,1.0,2,2,1,0,1,0,0
669,android,277,7,5.0,3,3,1,1,0,1,1
670,ios,25,2,1.0,8,8,0,1,0,1,0
671,android,679,1,1.0,8,4,1,0,0,2,0
672,ios,647,4,7.0,1,1,0,1,1,2,0
673,android,96,4,5.0,3,1,1,1,1,2,0
674,android,704,9,1.0,2,1,1,0,1,2,0
675,ios,154,2,0.0,3,3,1,0,0,0,0
676,web,300,0,7.0,3,3,1,1,0,3,1
677,android,232,0,6.0,3,0,1,0,0,2,0
678,ios,26,6,2.0,2,0,1,1,0,2,0
679,android,333,1,0.0,3,1,0,0,0,0,0
680,android,553,0,13.0,6,3,1,1,0,1,0
681,android,237,1,9.0,1,1,1,1,0,1,0
682,ios,289,6,3.0,5,2,1,1,1,2,0
683,android,304,0,1.0,2,1,0,1,1,0,0
684,web,61,3,1.0,2,0,0,1,1,2,0
685,ios,381,3,1.0,4,1,1,1,0,1,0
686,android,228,2,4.0,4,4,1,1,2,2,0
687,ios,500,2,6.0,5,3,0,1,1,1,0
688,ios,547,3,1.0,1,0,0,0,0,1,0
689,android,44,0,1.0,4,3,1,0,2,1,0
690,android,148,0,1.0,6,6,1,0,1,0,0
691,ios,483,3,0.0,5,5,1,1,0,0,0
692,ios,9,0,2.0,1,1,1,0,3,0,0
693,ios,311,1,9.0,7,4,1,1,0,3,1
694,web,303,2,3.0,3,3,1,0,3,3,0
695,ios,138,5,3.0,2,2,1,1,0,1,0
696,ios,38,5,3.0,1,0,1,0,2,1,0
697,android,653,2,11.0,3,2,1,1,1,1,0
698,ios,487,2,1.0,2,0,1,0,0,0,1
699,android,72,1,5.0,1,0,1,0,1,1,0
700,ios,615,1,19.0,3,1,1,1,0,0,1
701,android,666,2,1.0,1,1,0,1,1,1,0
702,android,710,5,12.0,3,0,1,0,0,2,0
703,ios,373,0,35.0,3,2,0,1,2,0,1
704,android,98,1,3.0,3,3,1,0,0,1,1
705,android,262,1,3.0,1,1,1,1,2,2,0
706,ios,128,0,9.0,9,9,0,1,2,1,1
707,ios,151,1,1.0,3,1,1,1,1,2,0
708,android,57,0,14.0,2,0,1,0,2,0,0
709,ios,197,5,4.0,2,1,1,0,1,1,1
710,android,322,10,4.0,1,1,0,0,2,2,0
711,android,712,3,3.0,1,0,1,0,1,0,0
712,ios,469,1,6.0,4,2,1,1,0,0,0
713,android,341,3,1.0,4,2,1,1,2,1,1
714,android,78,8,1.0,4,0,0,0,0,0,0
715,android,501,0,16.0,2,2,1,1,1,1,1
716,ios,426,4,7.0,4,4,1,1,1,2,0
717,android,128,1,2.0,0,0,0,1,0,0,1
718,android,35,0,12.0,2,0,1,1,1,1,1
719,android,67,3,3.0,9,5,1,1,2,0,0
720,web,459,1,1.0,3,3,1,0,1,1,1
721,ios,29,5,3.0,3,1,0,0,1,0,1
722,android,619,2,0.0,3,1,1,1,0,0,0
723,ios,579,0,26.0,6,4,1,0,2,0,1
724,ios,315,3,0.0,5,1,1,1,1,1,0
725,ios,51,0,3.0,7,7,1,1,1,0,1
726,android,10,3,1.0,0,0,1,1,2,4,0
727,ios,525,1,4.0,2,0,1,1,0,0,1
728,android,395,3,11.0,2,2,1,0,2,2,1
729,android,209,0,8.0,5,4,1,0,1,1,1
730,android,192,1,3.0,1,1,1,0,0,0,0
731,android,405,2,4.0,1,0,0,1,0,4,0
732,android,431,1,9.0,4,3,1,1,1,2,0
733,ios,135,2,1.0,0,0,1,1,1,1,0
734,ios,241,4,6.0,0,0,1,1,0,3,0
735,ios,717,1,2.0,3,2,0,0,0,3,1
736,android,408,1,3.0,2,2,1,0,0,0,1
737,ios,336,4,2.0,3,2,0,0,0,0,1
738,android,378,2,0.0,6,4,1,0,2,1,0
739,ios,645,1,3.0,4,1,0,1,1,1,1
740,android,600,4,0.0,6,1,1,1,0,1,0
741,android,439,2,0.0,4,3,1,1,0,1,1
742,android,679,0,16.0,2,1,1,0,0,1,0
743,android,255,3,1.0,4,3,0,1,1,2,0
744,android,161,2,4.0,2,1,0,0,1,0,1
745,android,660,0,32.0,3,1,1,0,1,1,1
746,android,405,0,11.0,6,2,1,1,1,1,0
747,ios,658,7,2.0,1,1,1,1,1,3,0
748,android,652,10,7.0,0,0,1,1,1,1,0
749,ios,378,2,2.0,4,2,1,1,1,1,0
750,android,448,5,9.0,5,2,1,0,1,0,0
751,android,366,0,6.0,3,3,1,1,1,3,1
752,android,710,3,4.0,3,2,1,1,0,1,0
753,android,664,0,6.0,2,1,1,1,0,2,1
754,web,672,2,7.0,4,4,1,1,1,1,0
755,android,228,4,2.0,3,1,0,1,0,0,0
756,android,568,0,11.0,2,1,1,1,2,0,1
757,web,643,1,4.0,3,0,1,1,3,2,0
758,ios,665,8,12.0,5,4,0,1,3,1,0
759,ios,146,2,4.0,3,2,0,1,1,3,1
760,android,473,4,11.0,2,2,0,0,0,4,0
761,ios,136,3,5.0,1,1,0,0,0,0,0
762,android,464,10,1.0,2,1,0,1,0,2,0
763,android,366,1,0.0,2,0,1,1,0,1,0
764,web,361,6,2.0,3,1,1,0,0,2,0
765,android,36,6,2.0,4,3,1,1,0,1,0
766,android,662,0,3.0,2,1,1,1,1,1,0
767,android,704,4,10.0,5,1,1,1,0,4,0
768,android,336,4,5.0,2,0,1,1,0,3,1
769,android,167,5,2.0,3,0,0,1,1,2,0
770,web,394,2,1.0,6,1,1,0,0,2,1
771,android,623,5,1.0,7,0,1,1,2,1,0
772,android,197,1,1.0,4,3,1,0,1,0,0
773,ios,34,7,4.0,2,1,1,1,1,0,0
774,ios,598,6,1.0,1,0,1,1,1,0,0
775,ios,671,1,7.0,6,6,0,0,0,0,1
776,web,403,5,2.0,2,1,1,1,2,0,0
777,android,34,3,10.0,2,2,0,1,1,0,1
778,android,95,9,2.0,2,0,1,1,1,1,0
779,ios,657,3,5.0,5,0,1,1,0,1,0
780,android,15,1,5.0,3,3,1,1,2,1,0
781,android,143,2,0.0,2,0,1,1,1,1,0
782,ios,547,3,2.0,3,2,1,1,0,1,0
783,android,381,1,5.0,3,0,1,1,1,1,0
784,android,2,2,11.0,3,1,0,1,3,1,0
785,android,476,4,4.0,3,2,1,1,0,1,0
786,ios,415,3,1.0,2,0,0,0,1,0,1
787,ios,358,1,2.0,3,2,0,1,0,0,1
788,web,598,0,4.0,2,2,1,0,0,1,1
789,android,263,3,0.0,4,2,1,1,1,3,0
790,android,195,0,11.0,5,2,1,1,0,0,1
791,android,193,2,8.0,4,0,0,1,1,5,0
792,android,180,1,3.0,5,4,1,1,1,0,0
793,android,439,3,0.0,2,1,1,1,0,2,0
794,android,395,9,2.0,2,2,1,1,0,1,0
795,android,75,1,1.0,2,1,1,0,0,1,0
796,android,324,4,7.0,7,5,1,1,3,0,0
797,ios,682,1,3.0,8,6,1,1,2,2,1
798,android,697,0,9.0,0,0,1,1,4,1,0
799,ios,558,3,1.0,4,4,1,1,0,0,1
800,ios,575,2,0.0,2,2,1,1,1,0,0
801,ios,77,13,2.0,1,1,0,1,0,1,0
802,android,205,2,10.0,1,1,0,1,0,1,1
803,android,693,2,0.0,6,4,1,1,1,1,0
804,ios,53,2,3.0,2,1,1,1,1,1,0
805,android,39,5,1.0,1,1,1,1,0,3,0
806,ios,335,3,2.0,0,0,1,1,1,1,0
807,android,130,0,16.0,4,3,1,0,1,1,0
808,android,42,0,9.0,3,2,1,0,2,2,0
809,android,9,2,4.0,4,3,1,1,2,0,0
810,android,648,3,2.0,4,3,1,1,0,1,0
811,ios,598,4,2.0,5,4,1,0,0,1,0
812,web,447,1,12.0,2,1,0,1,2,1,0
813,android,569,5,1.0,1,1,1,1,0,0,1
814,android,353,1,0.0,2,1,1,0,0,0,0
815,android,647,0,31.0,1,0,1,0,1,2,0
816,ios,5,3,1.0,3,1,1,1,0,0,0
817,android,610,3,4.0,4,2,1,1,0,0,0
818,ios,367,3,3.0,4,1,1,0,0,0,1
819,ios,203,1,2.0,2,2,0,1,3,2,0
820,ios,456,0,15.0,2,1,1,0,1,1,1
821,android,588,3,1.0,1,0,1,1,2,1,0
822,android,679,4,1.0,1,1,1,1,1,0,1
823,ios,362,0,3.0,1,1,1,1,2,0,0
824,android,92,2,3.0,2,2,1,1,1,1,0
825,web,623,0,34.0,3,2,1,1,0,1,0
826,android,449,0,30.0,4,2,1,0,1,1,1
827,ios,707,1,1.0,7,6,0,1,0,2,1
828,ios,463,3,0.0,3,1,1,0,1,0,1
829,android,14,2,10.0,4,1,0,1,2,1,0
830,web,378,0,10.0,1,1,1,1,0,2,0
831,ios,675,8,0.0,7,5,1,0,1,0,0
832,android,563,6,0.0,4,4,1,1,0,3,0
833,android,477,0,1.0,4,1,1,1,2,2,0
834,ios,117,7,3.0,5,2,1,0,0,2,0
835,android,239,5,4.0,4,4,1,0,0,2,0
836,ios,174,4,0.0,1,1,1,1,0,1,1
837,web,661,3,7.0,3,2,1,0,1,0,0
838,ios,461,1,0.0,3,1,1,0,1,1,1
839,android,675,0,1.0,3,0,1,1,0,2,0
840,web,287,2,7.0,1,0,1,0,1,1,0
841,web,614,10,4.0,4,2,1,0,0,0,0
842,web,675,3,2.0,0,0,1,1,1,1,1
843,ios,146,1,4.0,1,1,0,0,0,1,0
844,web,211,1,2.0,5,5,1,0,1,2,0
845,ios,182,1,1.0,5,1,1,0,3,1,0
846,android,344,2,1.0,5,1,1,1,0,1,0
847,android,661,1,3.0,2,2,1,1,1,2,0
848,web,166,2,4.0,1,0,1,0,1,0,0
849,android,499,0,17.0,2,0,1,0,0,3,1
850,android,141,2,3.0,4,0,1,0,1,1,1
851,android,197,4,1.0,3,2,0,0,0,0,1
852,android,694,2,1.0,3,2,0,1,1,2,0
853,ios,224,6,3.0,2,1,1,1,0,1,0
854,android,559,1,2.0,2,2,1,1,1,0,0
855,android,366,0,3.0,3,1,1,0,1,1,0
856,web,391,4,2.0,1,1,1,0,1,3,1
857,android,356,2,6.0,2,1,1,0,1,1,0
858,android,204,0,0.0,3,3,0,1,0,1,1
859,ios,312,1,5.0,5,2,1,0,1,0,0
860,android,659,1,4.0,1,1,1,1,1,2,1
861,ios,232,0,20.0,4,4,0,1,2,3,0
862,web,613,1,3.0,4,0,1,0,0,1,0
863,android,68,1,3.0,4,3,1,0,0,0,1
864,ios,220,2,3.0,2,2,1,0,0,3,0
865,android,539,0,6.0,1,0,1,1,0,2,1
866,android,630,5,1.0,1,1,1,0,0,0,0
867,android,76,1,7.0,5,5,1,1,0,1,1
868,ios,510,8,2.0,2,2,1,1,0,4,0
869,ios,636,3,7.0,4,2,1,0,0,5,1
870,android,251,2,1.0,0,0,0,1,1,1,1
871,ios,349,2,4.0,1,1,0,1,1,0,1
872,ios,255,1,2.0,2,0,1,1,1,2,0
873,android,673,0,15.0,0,0,0,1,2,0,1
874,android,707,11,2.0,1,1,0,1,0,1,1
875,android,676,1,4.0,3,2,1,1,0,4,0
876,android,136,3,0.0,2,1,1,1,2,2,0
877,web,43,2,3.0,3,3,1,0,1,1,1
878,ios,615,3,4.0,4,2,1,0,0,2,1
879,android,578,4,9.0,2,0,1,1,0,0,1
880,ios,482,2,4.0,3,1,0,1,1,2,1
881,android,596,3,1.0,0,0,0,1,2,0,0
882,web,611,1,1.0,2,2,1,1,0,3,0
883,android,660,1,2.0,3,0,1,1,0,2,0
884,ios,323,0,22.0,2,1,1,0,0,2,1
885,ios,264,0,5.0,8,2,1,1,0,1,0
886,android,353,2,0.0,6,1,1,1,2,1,0
887,ios,687,1,6.0,5,5,1,0,1,1,0
888,android,522,4,0.0,4,4,1,1,3,1,0
889,web,708,2,4.0,2,1,1,1,2,3,0
890,web,391,4,1.0,2,2,1,0,0,0,0
891,ios,619,2,1.0,2,2,1,1,0,0,0
892,android,278,5,2.0,4,3,1,0,2,1,0
893,android,659,4,0.0,4,3,1,1,1,1,0
894,android,34,1,4.0,4,1,0,1,1,2,0
895,android,657,1,1.0,1,1,1,1,2,1,0
896,android,516,11,0.0,4,3,0,1,0,1,0
897,android,547,3,1.0,3,2,1,1,0,0,0
898,android,638,1,9.0,4,4,1,1,1,0,0
899,android,266,0,20.0,2,1,0,1,1,0,1
900,android,361,3,1.0,5,4,1,1,1,2,0
901,android,146,0,10.0,5,4,1,1,0,1,0
902,web,563,2,9.0,1,0,1,1,1,0,0
903,ios,700,1,0.0,3,1,0,1,1,1,0
904,android,146,1,1.0,1,0,0,0,1,1,0
905,web,115,2,7.0,8,7,0,0,2,1,1
906,android,84,1,2.0,3,0,1,1,0,1,1
907,android,35,1,1.0,5,2,0,0,0,0,1
908,android,152,0,38.0,4,3,0,1,1,0,1
909,web,270,6,0.0,3,0,1,0,1,0,0
910,web,182,0,10.0,1,1,1,1,1,2,0
911,android,402,0,60.0,1,0,1,0,0,2,1
912,ios,716,3,4.0,4,0,1,0,1,4,0
913,android,353,2,3.0,4,3,1,1,1,1,0
914,android,283,2,0.0,3,3,1,0,0,4,0
915,android,208,5,3.0,4,0,1,0,1,1,0
916,android,362,0,3.0,1,0,0,1,1,0,0
917,android,59,4,3.0,3,2,0,1,1,2,0
918,android,282,0,21.0,2,2,1,1,2,1,1
919,android,331,0,12.0,6,2,1,1,0,3,0
920,android,562,0,7.0,3,2,1,0,0,2,0
921,android,331,2,0.0,1,1,0,0,0,1,0
922,android,652,0,29.0,5,5,1,1,0,2,1
923,ios,231,3,1.0,0,0,0,1,0,2,0
924,ios,664,3,10.0,2,2,1,1,1,2,0
925,ios,711,5,1.0,2,0,1,0,5,2,0
926,android,505,1,0.0,5,4,1,1,1,0,1
927,android,306,2,5.0,4,2,1,1,0,2,0
928,ios,690,0,0.0,2,1,1,0,0,2,0
929,android,555,2,5.0,4,4,0,0,1,1,1
930,android,211,4,2.0,1,1,1,1,1,1,0
931,ios,111,0,20.0,3,3,1,1,1,1,1
932,android,381,2,2.0,2,2,1,1,1,0,1
933,android,87,2,0.0,1,0,1,0,3,2,1
934,ios,207,3,9.0,5,1,0,0,2,2,0
935,android,238,4,1.0,2,1,1,0,0,2,0
936,android,219,2,1.0,0,0,1,0,0,1,0
937,ios,630,4,2.0,2,2,1,0,0,1,0
938,android,156,6,4.0,3,0,0,1,2,1,0
939,web,510,1,7.0,0,0,1,1,0,0,0
940,android,57,10,1.0,3,3,1,1,0,1,0
941,ios,251,0,6.0,4,4,1,0,0,0,1
942,ios,630,9,3.0,3,0,1,0,1,4,0
943,android,707,1,1.0,3,2,1,1,0,0,1
944,ios,416,4,4.0,2,2,0,1,2,1,0
945,web,585,5,7.0,3,1,0,1,2,0,0
946,android,27,2,10.0,1,1,1,1,0,0,0
947,android,330,1,5.0,3,2,1,0,0,2,0
948,android,173,5,1.0,3,1,0,1,2,2,0
949,android,116,6,2.0,3,3,1,0,0,2,0
950,android,559,1,5.0,3,0,0,1,2,2,0
951,android,107,0,31.0,2,1,1,1,0,3,1
952,ios,699,2,11.0,2,1,0,1,1,1,1
953,android,28,1,4.0,4,3,1,1,0,1,0
954,android,575,0,40.0,3,3,1,1,3,1,1
955,android,123,4,3.0,3,3,1,1,1,2,0
956,android,331,2,5.0,0,0,1,0,0,0,1
957,android,122,3,3.0,5,2,1,0,0,1,0
958,android,355,4,3.0,2,0,1,0,0,2,1
959,android,576,0,23.0,2,1,1,1,1,1,1
960,ios,133,4,1.0,5,3,1,0,1,3,0
961,ios,508,2,2.0,3,1,1,0,1,0,0
962,ios,404,10,5.0,7,0,1,1,1,1,0
963,ios,93,4,0.0,6,4,1,1,1,1,0
964,android,533,4,0.0,3,0,1,1,0,0,0
965,android,611,2,5.0,1,1,0,0,1,0,1
966,android,458,1,7.0,3,3,1,1,1,1,1
967,ios,547,7,0.0,1,1,0,1,0,2,0
968,android,669,1,6.0,2,2,1,0,0,1,0
969,ios,228,0,4.0,5,0,0,1,0,1,1
970,web,424,3,4.0,5,2,1,0,0,0,0
971,android,29,1,1.0,4,1,1,0,3,1,0
972,android,311,2,0.0,3,1,1,0,1,3,0
973,ios,190,0,14.0,2,2,1,1,1,1,1
974,android,711,6,1.0,5,0,1,0,1,0,0
975,web,534,3,3.0,3,2,1,1,0,2,0
976,android,474,8,0.0,5,1,1,1,1,2,0
977,ios,440,5,4.0,4,2,1,0,1,3,0
978,ios,574,0,6.0,2,2,1,1,1,1,0
979,android,235,0,9.0,3,2,1,1,3,2,0
980,ios,227,0,1.0,3,1,1,1,1,1,1
981,android,384,9,1.0,2,1,1,1,0,0,0
982,ios,696,3,4.0,4,4,1,1,0,1,0
983,android,393,0,28.0,5,0,1,1,1,1,0
984,ios,214,2,6.0,3,2,1,1,1,3,0
985,android,7,8,0.0,1,1,1,1,4,2,0
986,ios,705,9,14.0,2,2,1,1,1,1,1
987,ios,40,7,3.0,2,2,1,0,0,1,0
988,android,69,7,0.0,4,3,0,1,0,2,0
989,ios,518,6,0.0,1,0,1,1,2,2,0
990,ios,66,5,1.0,3,3,1,1,1,1,0
991,android,203,3,5.0,3,0,1,1,0,0,1
992,android,530,4,2.0,4,2,1,0,2,1,0
993,android,638,1,1.0,4,3,0,0,0,0,0
994,ios,176,0,1.0,4,2,1,0,0,0,0
995,ios,81,4,3.0,8,1,0,0,0,0,1
996,android,58,0,0.0,1,1,1,1,1,1,0
997,ios,117,5,3.0,3,1,1,0,0,1,0
998,android,362,4,3.0,2,0,1,1,1,2,0
999,android,636,1,2.0,8,3,1,1,1,1,0
1000,android,503,8,5.0,2,2,1,1,0,0,0
1001,android,34,4,2.0,2,1,1,1,1,1,0
1002,android,360,2,4.0,2,1,1,1,0,2,0
1003,android,22,5,1.0,3,2,1,1,0,1,0
1004,ios,345,5,2.0,2,1,1,1,1,1,0
1005,android,485,5,5.0,6,5,1,0,2,0,0
1006,android,55,4,2.0,6,5,1,0,1,2,0
1007,ios,205,6,3.0,6,5,1,0,0,2,0
1008,android,666,1,1.0,2,2,1,1,1,4,0
1009,android,94,12,2.0,1,1,1,1,0,1,0
1010,ios,434,0,1.0,1,1,1,0,1,0,0
1011,android,691,3,0.0,5,3,1,1,0,1,0
1012,web,60,6,0.0,2,0,1,1,0,1,0
1013,ios,486,9,3.0,2,1,1,0,0,0,0
1014,android,469,1,0.0,1,1,1,1,1,1,1
1015,android,690,6,3.0,4,3,1,1,1,1,0
1016,android,544,3,2.0,6,3,1,0,1,1,0
1017,web,450,4,9.0,0,0,1,1,1,2,0
1018,android,441,0,29.0,2,0,1,0,3,2,1
1019,ios,538,4,4.0,2,1,1,1,0,1,1
1020,ios,278,1,2.0,2,1,1,1,0,1,1
1021,android,379,0,10.0,3,2,0,1,0,0,1
1022,android,242,5,1.0,3,2,1,0,0,2,0
1023,ios,576,4,1.0,0,0,1,1,0,2,0
1024,android,414,5,5.0,4,4,0,1,1,0,1
1025,ios,157,3,3.0,3,0,1,1,1,1,0
1026,web,204,1,1.0,6,2,1,1,3,1,0
1027,android,679,0,9.0,3,3,1,1,1,4,1
1028,android,83,0,47.0,2,0,1,0,0,2,0
1029,ios,252,5,0.0,4,1,1,0,2,1,0
1030,android,395,11,2.0,4,3,1,1,0,1,1
1031,android,665,6,1.0,2,0,0,1,3,2,0
1032,web,295,3,9.0,1,0,1,0,1,0,0
1033,ios,432,9,5.0,0,0,1,1,0,0,0
1034,ios,100,3,1.0,3,3,0,1,0,0,1
1035,android,24,2,2.0,2,1,1,0,2,0,0
1036,android,403,0,41.0,5,5,0,1,2,0,1
1037,ios,103,2,1.0,3,2,1,0,0,3,0
1038,android,445,6,0.0,2,1,0,0,1,0,0
1039,android,680,0,27.0,7,4,1,0,0,2,1
1040,android,503,5,1.0,0,0,0,1,0,0,0
1041,android,176,2,1.0,6,4,1,0,0,0,0
1042,android,524,0,19.0,6,5,1,1,1,0,1
1043,web,84,1,1.0,5,1,1,1,0,1,1
1044,android,411,1,4.0,3,2,0,0,0,0,1
1045,android,51,2,3.0,5,0,0,1,1,3,0
1046,android,66,7,0.0,4,0,1,1,2,1,0
1047,ios,390,3,9.0,3,2,1,0,0,0,0
1048,android,99,0,6.0,3,1,1,1,0,1,0
1049,ios,10,1,4.0,3,1,1,1,1,0,0
1050,android,672,0,1.0,6,4,1,0,0,0,1
1051,android,604,2,1.0,2,1,1,1,0,1,0
1052,android,616,1,2.0,5,1,1,0,1,0,1
1053,android,9,0,14.0,5,3,1,1,0,0,1
1054,android,493,4,0.0,2,0,0,1,1,0,0
1055,android,270,5,5.0,2,0,1,1,0,0,0
1056,ios,595,1,8.0,2,1,1,0,1,3,0
1057,ios,302,7,2.0,2,1,1,0,1,1,0
1058,android,492,0,3.0,1,0,1,1,0,0,0
1059,android,291,1,7.0,3,1,1,1,0,0,1
1060,web,384,1,3.0,1,1,1,1,1,1,1
1061,android,234,0,8.0,4,4,1,1,0,0,1
1062,ios,640,3,6.0,3,2,1,0,0,1,1
1063,android,665,1,2.0,4,0,1,1,1,2,0
1064,android,431,0,12.0,6,2,1,1,1,1,1
1065,ios,228,4,1.0,5,4,0,1,2,3,0
1066,android,714,7,2.0,2,1,1,0,4,2,0
1067,ios,200,6,1.0,0,0,1,0,0,1,0
1068,ios,478,2,8.0,2,1,1,1,1,1,0
1069,ios,115,2,0.0,2,2,1,1,3,3,0
1070,android,603,3,2.0,2,2,1,0,1,0,1
1071,android,555,0,30.0,6,3,0,1,0,0,1
1072,web,359,3,4.0,3,3,1,0,2,2,0
1073,android,143,7,3.0,3,2,1,1,0,1,0
1074,android,177,4,2.0,5,5,1,0,1,3,0
1075,ios,208,5,2.0,1,0,1,0,0,0,0
1076,ios,323,0,1.0,5,5,1,1,0,1,1
1077,android,42,1,1.0,4,3,1,1,1,0,0
1078,ios,425,2,1.0,3,3,1,0,1,1,1
1079,android,619,3,2.0,3,1,0,1,0,4,0
1080,ios,319,2,7.0,4,4,0,1,0,1,0
1081,android,679,1,5.0,6,4,1,1,0,1,1
1082,ios,108,1,15.0,2,2,0,1,0,2,0
1083,web,338,1,2.0,0,0,0,1,0,1,0
1084,android,223,4,3.0,3,2,0,1,0,1,0
1085,ios,342,7,0.0,4,2,1,1,0,0,0
1086,web,143,1,3.0,5,3,1,0,0,2,0
1087,android,170,8,1.0,1,0,1,0,0,1,0
1088,ios,401,2,1.0,3,1,0,0,0,3,0
1089,ios,7,1,2.0,5,5,0,0,0,2,1
1090,android,521,0,8.0,2,2,1,1,0,3,0
1091,android,486,5,1.0,4,1,1,0,3,0,0
1092,ios,56,2,1.0,2,1,1,0,1,0,0
1093,android,131,1,3.0,6,3,1,1,1,1,0
1094,ios,473,1,4.0,2,1,0,1,1,1,0
1095,web,394,2,1.0,2,2,1,0,2,1,0
1096,android,662,1,2.0,2,2,1,1,0,3,0
1097,android,214,6,2.0,1,1,1,0,2,4,0
1098,ios,593,0,4.0,3,3,1,0,0,1,1
1099,android,528,3,4.0,6,3,0,1,0,5,1
1100,android,585,2,7.0,6,5,0,1,0,1,1
1101,android,544,3,1.0,3,3,1,1,2,1,0
1102,android,326,3,9.0,3,1,1,1,1,1,0
1103,ios,80,1,3.0,4,2,1,1,0,3,0
1104,ios,610,0,14.0,1,1,1,0,1,2,0
1105,android,260,1,2.0,3,3,1,1,2,1,0
1106,ios,668,5,6.0,0,0,1,1,1,2,0
1107,ios,23,5,1.0,3,2,1,1,2,3,0
1108,android,472,0,0.0,2,2,0,0,1,1,0
1109,ios,701,4,2.0,2,1,1,1,1,1,0
1110,android,385,5,2.0,0,0,1,0,0,1,0
1111,android,110,4,3.0,2,1,1,1,0,1,1
1112,web,49,4,1.0,1,0,1,0,1,3,0
1113,android,341,2,1.0,3,2,0,0,2,0,0
1114,android,189,2,0.0,5,3,1,0,0,1,0
1115,android,475,0,8.0,7,2,0,0,2,0,1
1116,android,337,0,22.0,4,2,1,0,0,0,0
1117,android,520,3,11.0,8,3,1,1,0,0,1
1118,android,688,2,0.0,4,4,0,1,1,0,1
1119,android,281,1,4.0,5,3,1,1,0,2,0
1120,android,375,0,3.0,3,2,1,1,3,0,0
1121,android,716,3,3.0,0,0,1,0,0,0,0
1122,android,460,6,7.0,2,1,1,1,1,0,0
1123,android,633,2,1.0,3,3,0,0,2,0,0
1124,ios,504,7,0.0,5,4,1,1,0,0,0
1125,ios,537,0,36.0,0,0,1,1,0,0,1
1126,android,532,0,3.0,2,1,1,0,1,1,0
1127,android,638,3,5.0,2,0,1,1,0,1,0
1128,android,458,6,6.0,1,0,1,1,0,1,0
1129,ios,451,2,5.0,2,1,0,1,1,1,0
1130,android,189,4,0.0,5,3,1,1,0,2,0
1131,android,691,6,1.0,5,2,1,1,0,1,0
1132,android,280,5,8.0,2,1,1,1,4,1,0
1133,web,589,1,1.0,3,0,1,1,3,2,0
1134,android,262,1,2.0,1,0,1,1,1,2,1
1135,ios,35,1,4.0,3,2,1,1,1,2,0
1136,android,38,2,0.0,1,0,1,1,1,0,1
1137,android,479,7,6.0,4,4,1,0,0,4,0
1138,android,486,5,4.0,2,2,1,1,0,3,0
1139,android,153,1,1.0,2,1,0,0,0,1,0
1140,ios,550,4,3.0,5,4,1,1,1,3,0
1141,android,548,6,0.0,3,2,1,1,0,1,0
1142,android,704,1,0.0,2,0,0,1,1,1,0
1143,android,62,8,1.0,3,3,1,1,1,0,0
1144,android,625,2,0.0,1,1,1,1,1,1,0
1145,android,254,2,4.0,2,1,1,1,1,4,0
1146,android,396,4,1.0,3,2,1,1,1,3,0
1147,android,158,2,2.0,4,2,0,0,1,1,0
1148,web,115,0,11.0,2,2,1,0,1,1,0
1149,android,397,2,1.0,4,1,1,0,1,2,1
1150,ios,360,0,15.0,2,2,1,1,0,5,0
1151,android,72,6,1.0,3,3,1,1,1,2,1
1152,ios,581,2,0.0,0,0,0,0,1,1,0
1153,ios,124,7,1.0,4,4,1,0,1,4,0
1154,ios,281,2,3.0,1,0,0,0,2,0,0
1155,android,715,1,3.0,7,6,1,0,2,1,1
1156,ios,641,3,1.0,1,0,1,0,1,2,0
1157,android,518,0,6.0,4,1,0,0,3,4,0
1158,ios,598,0,9.0,1,1,0,1,0,2,0
1159,ios,534,3,0.0,1,1,0,0,1,1,0
1160,ios,568,8,1.0,3,1,1,0,3,0,0
1161,web,478,0,17.0,4,1,1,0,0,1,1
1162,android,664,4,0.0,2,2,1,1,0,2,1
1163,android,315,1,1.0,0,0,1,1,2,1,0
1164,ios,163,4,4.0,5,3,0,1,0,3,0
1165,web,312,5,0.0,4,1,1,1,1,0,0
1166,web,706,3,1.0,1,1,0,1,1,0,1
1167,android,247,2,1.0,0,0,1,1,1,3,0
1168,ios,399,2,2.0,1,1,1,1,2,1,0
1169,ios,12,0,8.0,1,0,1,1,2,0,1
1170,android,679,6,16.0,2,2,1,1,1,2,1
1171,ios,110,1,1.0,2,2,1,0,0,0,0
1172,android,108,6,1.0,5,4,0,0,0,1,0
1173,ios,422,7,1.0,1,1,1,1,1,1,0
1174,ios,594,2,7.0,2,1,0,1,0,1,1
1175,android,215,2,2.0,3,2,0,0,0,4,1
1176,android,573,3,2.0,2,2,1,1,0,2,0
1177,android,570,1,0.0,2,2,1,1,1,0,1
1178,android,362,1,0.0,3,2,1,1,0,0,0
1179,ios,378,6,6.0,6,0,1,1,0,0,0
1180,android,301,0,25.0,11,1,0,1,1,2,1
1181,android,594,2,1.0,6,2,1,0,0,0,1
1182,ios,385,5,1.0,0,0,0,0,1,0,1
1183,android,42,2,3.0,3,2,1,0,0,3,0
1184,android,204,1,3.0,2,0,0,1,0,3,0
1185,android,592,3,4.0,4,2,1,1,0,0,0
1186,android,528,1,5.0,4,1,0,1,4,2,0
1187,android,168,2,1.0,3,1,0,1,0,1,0
1188,android,553,3,2.0,2,1,0,1,0,0,0
1189,ios,475,8,1.0,4,1,0,0,0,3,0
1190,android,414,5,5.0,4,2,1,1,1,1,0
1191,web,693,2,2.0,5,1,0,0,0,0,0
1192,web,381,6,2.0,1,0,1,1,2,2,0
1193,ios,595,1,0.0,2,2,0,0,0,0,1
1194,android,163,3,2.0,2,1,0,1,0,0,1
1195,android,185,1,3.0,3,2,1,1,1,0,0
1196,android,266,4,2.0,2,1,1,0,1,1,0
1197,android,286,8,8.0,3,3,1,0,2,0,0
1198,android,391,5,1.0,3,3,1,1,0,1,0
1199,android,344,1,1.0,2,1,1,0,1,1,1
1200,android,546,2,11.0,1,1,0,0,0,1,0
1201,ios,617,0,11.0,3,1,0,0,1,1,1
1202,ios,552,2,3.0,5,4,1,1,3,2,0
1203,android,79,6,4.0,3,2,1,1,1,2,0
1204,android,662,6,1.0,7,3,1,0,0,1,0
1205,ios,689,3,0.0,5,0,0,1,0,2,0
1206,web,166,1,9.0,2,1,1,1,1,0,1
1207,ios,100,2,3.0,4,4,1,1,0,3,1
1208,ios,672,4,3.0,5,3,0,0,0,0,1
1209,android,72,5,1.0,1,1,0,0,0,2,1
1210,web,124,0,1.0,3,2,1,1,0,4,0
1211,ios,18,1,4.0,3,1,0,1,0,1,0
1212,android,320,3,1.0,2,2,0,1,1,1,0
1213,android,200,1,13.0,6,4,1,0,0,1,1
1214,ios,407,1,1.0,3,1,1,0,1,0,0
1215,android,373,7,2.0,2,2,1,1,0,2,0
1216,android,677,8,5.0,3,1,1,1,1,1,0
1217,android,448,3,1.0,4,3,1,1,0,1,0
1218,android,245,1,5.0,2,1,0,0,1,1,0
1219,android,86,3,0.0,2,0,1,1,1,0,0
1220,android,326,2,3.0,2,1,0,0,1,0,0
1221,android,301,0,6.0,4,2,1,0,0,2,0
1222,android,615,0,4.0,6,4,1,0,0,2,1
1223,android,437,1,0.0,1,1,1,1,2,6,0
1224,ios,642,8,8.0,3,1,1,1,0,0,0
1225,android,182,0,4.0,2,1,1,1,1,3,0
1226,ios,597,1,0.0,2,2,1,0,0,2,0
1227,ios,177,4,3.0,0,0,1,0,1,0,0
1228,android,90,3,0.0,3,1,1,0,1,3,0
1229,ios,390,2,2.0,1,1,1,1,2,2,1
1230,android,461,5,1.0,4,1,1,1,0,2,0
1231,android,8,1,7.0,2,2,0,1,0,1,1
1232,ios,279,0,22.0,2,2,1,1,0,0,0
1233,ios,485,2,1.0,1,0,1,1,1,0,0
1234,ios,120,1,5.0,4,4,0,0,1,0,1
1235,android,526,1,1.0,6,6,1,1,0,3,0
1236,android,404,0,9.0,2,1,1,1,0,4,1
1237,ios,463,9,2.0,1,1,0,0,1,3,1
1238,android,688,1,0.0,3,1,0,1,1,1,1
1239,android,249,2,3.0,2,1,0,1,0,0,1
1240,android,632,3,1.0,1,1,1,1,1,2,0
1241,android,383,8,1.0,2,0,1,1,1,3,0
1242,ios,102,2,4.0,1,1,1,1,0,1,0
1243,ios,416,4,0.0,3,1,1,0,1,0,0
1244,ios,210,1,2.0,0,0,0,1,0,1,1
1245,android,132,1,6.0,1,0,1,1,1,4,0
1246,android,350,1,3.0,3,3,1,0,1,3,0
1247,android,177,1,1.0,3,2,1,1,1,4,1
1248,android,400,1,2.0,2,1,1,1,1,3,0
1249,android,149,2,1.0,4,4,1,1,0,1,0
1250,android,205,3,0.0,2,0,1,0,4,0,0
1251,web,132,0,33.0,5,5,1,0,2,0,1
1252,ios,154,0,5.0,4,0,1,1,5,0,0
1253,android,98,0,1.0,2,1,1,0,0,1,1
1254,android,326,12,0.0,4,3,0,0,0,1,0
1255,web,530,5,1.0,2,2,1,1,0,2,0
1256,ios,311,0,26.0,6,1,1,0,2,3,1
1257,android,99,10,0.0,0,0,1,0,0,3,0
1258,android,276,2,7.0,5,0,0,1,1,2,1
1259,android,519,0,4.0,3,1,1,0,0,1,0
1260,android,20,0,9.0,1,0,1,0,3,1,1
1261,android,449,9,4.0,0,0,1,1,0,2,0
1262,ios,298,6,1.0,3,3,1,1,0,1,0
1263,ios,4,2,9.0,3,2,1,1,1,1,0
1264,android,123,1,3.0,3,0,1,0,2,0,1
1265,android,259,0,6.0,5,4,1,0,0,1,1
1266,android,667,0,0.0,1,1,0,1,2,1,1
1267,android,656,5,2.0,3,1,0,1,0,1,1
1268,web,8,1,4.0,7,5,1,1,0,3,0
1269,android,628,7,4.0,3,0,1,1,1,1,0
1270,ios,361,6,4.0,3,2,0,1,1,1,0
1271,ios,280,13,3.0,2,1,1,0,1,0,0
1272,web,591,2,1.0,4,3,0,1,0,4,0
1273,ios,90,2,1.0,0,0,1,1,0,1,0
1274,android,382,7,0.0,1,1,1,1,0,1,0
1275,android,529,1,4.0,2,1,1,0,0,1,1
1276,ios,194,4,1.0,1,0,1,0,2,1,0
1277,ios,231,3,6.0,2,1,0,1,1,1,1
1278,web,556,1,7.0,3,3,1,1,1,0,0
1279,android,11,2,1.0,3,2,1,1,3,1,0
1280,android,572,4,1.0,2,0,0,1,0,4,0
1281,web,627,0,5.0,3,2,1,1,1,1,1
1282,android,268,5,0.0,8,2,1,1,0,1,0
1283,ios,568,1,6.0,0,0,1,1,2,1,1
1284,ios,185,3,1.0,2,2,1,0,0,0,1
1285,android,506,4,1.0,4,2,1,1,1,0,1
1286,android,8,3,8.0,2,2,1,1,0,6,0
1287,ios,688,5,1.0,3,1,1,0,0,0,1
1288,web,466,13,3.0,1,1,1,1,1,2,0
1289,android,183,1,2.0,3,3,1,1,1,0,0
1290,android,684,5,1.0,1,0,1,1,0,0,0
1291,ios,503,10,0.0,2,1,0,1,0,1,0
1292,ios,687,3,1.0,2,1,1,1,0,1,0
1293,android,44,4,0.0,4,3,0,0,0,1,1
1294,android,398,0,5.0,2,2,1,0,1,1,1
1295,web,575,11,2.0,3,1,1,1,0,2,0
1296,ios,632,7,8.0,4,1,1,1,0,1,0
1297,android,387,2,2.0,2,0,1,1,1,3,0
1298,android,170,2,2.0,5,2,1,0,0,0,0
1299,android,88,2,3.0,3,1,1,0,0,0,1
1300,android,292,2,3.0,2,1,0,0,2,1,0
1301,android,573,1,3.0,4,3,1,1,0,3,0
1302,android,16,1,2.0,4,2,1,1,2,1,1
1303,android,577,0,38.0,1,1,1,0,1,0,1
1304,android,544,3,1.0,2,2,0,1,1,0,1
1305,android,618,2,15.0,3,1,0,1,1,0,1
1306,android,641,3,1.0,2,2,0,0,1,0,1
1307,android,277,3,3.0,2,2,0,0,2,1,0
1308,android,472,4,1.0,5,3,0,0,1,0,1
1309,android,162,4,4.0,4,3,1,1,0,2,1
1310,android,380,1,4.0,1,0,0,0,0,1,0
1311,ios,100,0,1.0,2,1,1,1,0,3,0
1312,android,636,3,0.0,5,0,1,0,0,2,1
1313,android,472,0,18.0,2,0,0,0,0,0,1
1314,android,225,2,2.0,3,2,1,0,0,1,0
1315,ios,190,3,0.0,3,2,1,0,0,5,0
1316,android,56,1,4.0,4,1,1,1,0,0,0
1317,ios,87,1,3.0,1,1,0,1,1,2,1
1318,android,187,4,2.0,5,3,1,1,0,0,0
1319,android,285,6,2.0,2,1,0,0,1,2,0
1320,android,608,2,2.0,3,3,1,0,1,1,0
1321,android,612,7,3.0,4,2,1,1,1,2,0
1322,android,264,6,4.0,0,0,1,0,1,0,0
1323,android,356,3,1.0,1,1,1,0,1,4,0
1324,android,101,3,9.0,4,1,1,1,1,3,0
1325,android,226,5,1.0,2,1,1,0,0,0,0
1326,ios,478,0,10.0,1,0,1,1,1,0,0
1327,android,250,6,4.0,4,4,1,1,0,1,0
1328,android,387,1,4.0,3,3,1,0,1,0,0
1329,android,269,4,3.0,5,2,1,0,0,2,0
1330,android,627,5,2.0,4,3,0,1,2,2,0
1331,web,667,0,33.0,2,2,0,1,2,0,1
1332,android,283,3,10.0,4,3,1,0,1,0,1
1333,android,72,3,5.0,3,3,1,0,0,1,1
1334,android,62,1,2.0,6,2,1,0,0,0,1
1335,android,108,3,1.0,6,3,1,1,1,0,0
1336,android,370,3,4.0,7,6,1,1,3,1,0
1337,android,656,4,1.0,1,0,1,1,1,0,0
1338,android,128,1,7.0,4,4,1,1,0,1,1
1339,android,641,8,0.0,4,3,0,0,0,1,0
1340,android,66,3,6.0,4,4,0,0,0,0,1
1341,android,678,0,17.0,4,1,1,1,0,1,1
1342,android,709,0,8.0,1,0,1,0,1,0,0
1343,android,390,4,5.0,5,2,1,1,0,1,0
1344,android,182,0,3.0,7,4,1,1,3,1,0
1345,android,368,0,0.0,2,1,0,1,2,0,1
1346,android,70,4,4.0,3,3,1,1,2,3,0
1347,ios,134,1,0.0,3,1,1,0,2,1,0
1348,android,421,3,4.0,2,0,1,1,1,2,1
1349,ios,637,6,3.0,4,2,1,1,3,1,0
1350,android,294,2,0.0,3,1,1,1,0,1,0
1351,android,624,2,8.0,1,1,1,1,1,0,0
1352,web,475,3,3.0,2,2,0,1,0,2,0
1353,ios,18,0,5.0,3,0,0,0,1,0,0
1354,android,557,7,4.0,2,1,1,1,2,1,0
1355,ios,57,5,17.0,0,0,1,1,1,1,1
1356,android,280,10,0.0,4,1,1,1,2,1,0
1357,web,554,2,0.0,5,4,0,1,1,2,0
1358,android,136,3,4.0,2,2,1,0,1,1,0
1359,android,266,2,6.0,3,0,1,0,0,1,0
1360,android,365,1,3.0,0,0,0,0,1,0,1
1361,ios,475,0,5.0,2,2,0,1,1,2,0
1362,android,238,5,0.0,4,4,1,0,1,1,0
1363,android,383,14,3.0,6,5,1,0,0,0,0
1364,android,559,2,9.0,2,2,1,1,1,1,0
1365,android,188,2,2.0,2,1,1,0,1,1,1
1366,android,40,3,0.0,2,2,0,1,2,0,0
1367,ios,460,2,4.0,2,0,1,0,0,1,0
1368,android,248,1,8.0,3,1,1,0,0,1,1
1369,ios,719,6,1.0,4,1,1,0,0,1,0
1370,android,411,3,1.0,1,1,1,0,2,1,0
1371,android,328,7,2.0,9,5,1,1,1,0,0
1372,android,429,4,5.0,1,1,1,1,1,1,0
1373,android,603,0,18.0,1,1,1,0,0,0,0
1374,android,491,2,4.0,4,3,1,1,1,1,0
1375,android,224,0,3.0,5,5,0,1,4,2,0
1376,ios,202,1,7.0,4,1,1,0,0,1,0
1377,ios,514,2,4.0,2,0,1,1,1,0,0
1378,android,177,0,5.0,4,4,0,1,1,2,1
1379,ios,586,7,1.0,2,0,1,0,2,1,0
1380,web,625,10,3.0,2,2,0,0,0,1,0
1381,web,83,9,5.0,4,4,1,1,0,0,0
1382,ios,529,0,2.0,1,0,1,0,0,2,0
1383,android,383,3,4.0,2,1,1,0,3,1,1
1384,ios,396,3,1.0,6,6,1,1,0,4,0
1385,android,215,2,3.0,3,2,0,0,2,1,1
1386,android,377,0,2.0,2,2,0,1,2,3,1
1387,web,255,1,2.0,6,5,0,1,3,2,1
1388,android,302,1,5.0,1,0,0,1,0,2,0
1389,web,319,2,0.0,3,2,1,1,1,0,0
1390,android,276,2,0.0,1,1,1,0,0,1,1
1391,android,532,4,2.0,2,1,0,0,1,0,0
1392,android,451,0,13.0,4,2,1,0,2,0,0
1393,android,524,6,0.0,4,0,0,1,2,0,0
1394,ios,478,2,2.0,2,2,1,1,1,3,0
1395,android,152,5,6.0,2,2,1,1,0,0,1
1396,ios,508,6,0.0,7,4,1,0,0,1,0
1397,ios,219,1,2.0,4,2,1,0,0,2,0
1398,android,545,2,4.0,5,3,1,0,2,1,0
1399,ios,637,1,5.0,5,1,0,1,1,1,1
1400,android,189,2,5.0,1,1,0,0,0,3,0
1401,android,144,5,1.0,1,0,1,1,2,1,0
1402,web,10,9,0.0,3,0,1,0,0,2,0
1403,ios,19,4,1.0,3,1,1,0,0,1,0
1404,android,608,2,3.0,5,3,1,1,2,1,0
1405,ios,145,2,5.0,4,4,1,1,2,2,1
1406,web,712,2,11.0,4,0,1,1,2,1,1
1407,web,389,1,0.0,5,5,1,1,2,1,0
1408,android,322,5,3.0,4,4,1,1,0,2,0
1409,ios,256,5,7.0,4,1,1,1,0,3,0
1410,android,164,0,2.0,3,3,1,0,1,2,0
1411,web,602,6,3.0,3,0,1,1,0,1,0
1412,android,209,7,7.0,2,0,0,1,1,2,1
1413,ios,48,2,0.0,4,3,1,1,2,0,0
1414,android,592,3,1.0,3,2,1,0,2,3,0
1415,web,82,4,6.0,1,0,1,1,1,1,0
1416,android,294,1,7.0,3,2,1,1,2,2,0
1417,ios,513,2,4.0,3,2,0,1,0,2,0
1418,ios,448,0,60.0,0,0,1,1,0,1,1
1419,android,242,0,2.0,4,2,0,1,1,1,1
1420,android,489,3,3.0,6,3,1,1,0,2,1
1421,ios,580,2,4.0,5,0,1,1,2,0,0
1422,android,169,0,14.0,4,1,1,1,1,0,1
1423,android,389,5,3.0,4,2,1,1,1,2,1
1424,android,627,2,0.0,1,1,1,1,0,1,0
1425,web,380,7,1.0,2,1,0,0,1,0,0
1426,android,279,6,0.0,2,2,1,1,0,2,0
1427,android,173,3,5.0,1,0,1,1,2,0,0
1428,ios,159,2,1.0,4,1,1,1,1,2,1
1429,ios,392,0,14.0,4,3,1,1,2,1,0
1430,android,659,1,1.0,3,2,1,0,3,1,1
1431,web,570,1,6.0,3,3,0,1,0,2,1
1432,android,692,3,5.0,2,2,1,1,0,1,0
1433,android,26,2,0.0,4,2,1,1,0,3,0
1434,android,101,3,0.0,3,2,1,0,0,0,0
1435,android,408,10,3.0,2,2,1,0,1,0,0
1436,ios,214,1,3.0,3,3,1,0,1,1,0
1437,ios,608,2,0.0,4,2,0,1,1,1,1
1438,android,264,3,1.0,5,4,1,0,0,1,0
1439,ios,170,5,2.0,2,2,1,0,1,0,0
1440,android,235,1,0.0,2,2,1,1,2,1,0
1441,ios,637,4,2.0,3,2,0,0,0,1,0
1442,ios,178,7,1.0,1,1,1,0,1,2,0
1443,ios,235,3,0.0,7,2,1,0,2,2,0
1444,android,33,1,6.0,0,0,1,0,1,2,0
1445,ios,477,6,2.0,6,2,0,1,0,1,0
1446,android,495,0,23.0,4,2,1,1,0,0,1
1447,android,436,4,10.0,5,1,1,1,1,0,0
1448,android,172,5,7.0,3,3,1,0,1,4,0
1449,ios,285,0,8.0,1,0,1,1,1,1,0
1450,android,341,3,6.0,3,0,1,1,0,1,0
1451,ios,66,6,2.0,3,3,1,1,1,1,0
1452,ios,365,1,1.0,0,0,1,0,2,1,1
1453,android,589,3,0.0,5,4,1,0,0,1,1
1454,web,718,4,12.0,3,3,1,1,0,1,0
1455,android,607,0,18.0,2,1,0,0,0,0,1
1456,android,486,0,3.0,1,1,1,1,0,0,0
1457,ios,550,2,4.0,4,1,1,1,2,4,0
1458,android,597,1,4.0,5,2,1,0,0,1,0
1459,android,460,0,4.0,4,4,0,0,4,6,1
1460,ios,507,3,3.0,1,1,1,0,0,1,0
1461,android,559,3,2.0,4,1,1,0,0,0,0
1462,android,549,0,10.0,1,1,1,0,0,3,0
1463,web,254,2,2.0,0,0,0,0,0,0,1
1464,android,458,4,1.0,5,1,1,1,0,0,1
1465,android,50,0,39.0,2,0,1,1,0,1,1
1466,android,685,7,4.0,0,0,1,1,0,0,0
1467,ios,296,6,3.0,2,0,1,1,0,1,0
1468,android,301,1,12.0,5,3,0,0,0,0,0
1469,ios,530,4,1.0,4,4,0,0,0,2,0
1470,ios,56,5,0.0,2,1,1,0,0,0,0
1471,ios,290,0,33.0,2,0,1,0,1,2,1
1472,ios,28,2,2.0,1,0,1,1,1,4,0
1473,android,260,5,4.0,4,3,1,1,2,2,0
1474,android,484,6,1.0,1,1,1,1,0,0,0
1475,android,72,3,1.0,7,7,1,1,0,0,0
1476,android,7,0,15.0,4,2,1,1,1,1,0
1477,ios,322,2,4.0,2,1,0,0,0,1,1
1478,android,281,5,3.0,0,0,1,1,1,1,0
1479,ios,327,3,0.0,1,1,1,1,1,3,0
1480,android,398,4,3.0,4,1,1,0,1,4,0
1481,ios,478,2,6.0,1,1,1,0,0,3,1
1482,ios,597,0,47.0,2,2,1,0,0,0,1
1483,android,590,1,3.0,4,4,1,1,3,0,0
1484,ios,253,0,9.0,1,0,0,0,0,1,1
1485,android,318,4,2.0,3,3,1,1,1,0,0
1486,android,225,4,2.0,2,1,0,1,0,2,0
1487,ios,169,1,5.0,0,0,1,0,1,1,0
1488,android,482,3,0.0,4,4,1,0,0,1,1
1489,ios,547,5,1.0,2,1,1,1,0,0,0
1490,android,690,2,1.0,3,0,1,0,2,0,0
1491,android,531,6,1.0,4,1,1,1,1,0,0
1492,web,26,1,4.0,2,2,0,1,1,3,1
1493,android,172,1,1.0,2,2,0,1,1,1,0
1494,android,85,2,5.0,2,2,1,1,0,1,1
1495,web,337,5,5.0,2,1,1,1,1,1,0
1496,ios,220,1,1.0,5,2,0,0,3,1,1
1497,android,584,1,3.0,3,1,1,1,1,1,0
1498,ios,145,0,20.0,1,0,1,1,0,1,0
1499,android,186,3,5.0,2,0,1,1,1,1,0
1500,android,474,3,5.0,0,0,0,1,0,1,1
1501,android,662,4,2.0,2,1,1,1,2,3,0
1502,android,668,4,2.0,2,1,1,1,0,3,0
1503,android,440,6,2.0,4,0,1,0,1,0,0
1504,android,674,5,3.0,2,0,1,1,0,1,1
1505,android,708,3,1.0,1,0,1,1,0,0,0
1506,ios,36,1,2.0,3,3,0,1,0,1,1
1507,android,708,6,2.0,1,1,1,1,0,2,0
1508,ios,62,1,1.0,3,2,1,1,2,2,0
1509,web,241,3,7.0,2,2,0,0,1,1,0
1510,android,3,0,1.0,2,1,1,0,0,2,0
1511,android,89,2,0.0,5,5,0,0,0,1,0
1512,android,504,0,1.0,1,0,1,1,1,1,1
1513,android,123,4,7.0,2,1,0,1,0,1,0
1514,android,579,1,14.0,2,2,0,0,2,0,1
1515,android,278,8,6.0,2,1,1,1,0,0,0
1516,ios,129,7,5.0,9,6,1,1,0,2,0
1517,android,162,1,2.0,1,0,1,0,0,3,0
1518,android,410,4,1.0,4,1,0,1,1,0,0
1519,ios,444,2,0.0,4,4,1,0,0,0,0
1520,android,324,3,5.0,6,3,1,1,1,3,0
1521,android,228,7,6.0,1,0,1,1,1,0,0
1522,android,173,3,1.0,5,4,1,1,0,1,1
1523,android,609,6,0.0,2,0,1,1,3,3,0
1524,android,527,3,2.0,3,2,1,1,2,0,0
1525,android,579,0,8.0,2,2,0,1,0,2,0
1526,android,637,5,1.0,0,0,1,0,1,0,0
1527,android,304,0,19.0,3,2,0,1,0,0,1
1528,android,200,0,24.0,3,0,1,0,1,2,0
1529,android,643,1,1.0,3,3,1,1,0,2,0
1530,android,15,6,3.0,5,4,0,0,0,0,1
1531,android,20,1,0.0,6,3,1,1,0,2,0
1532,web,195,2,4.0,4,1,1,1,1,1,0
1533,android,395,5,7.0,4,2,1,1,1,1,0
1534,android,705,1,3.0,1,1,0,0,1,2,0
1535,android,646,2,7.0,7,0,1,1,0,2,0
1536,android,52,4,1.0,4,2,0,0,1,0,0
1537,android,342,0,2.0,1,1,0,1,2,1,0
1538,android,161,0,31.0,2,0,0,1,2,2,1
1539,ios,487,2,7.0,4,1,1,0,2,0,0
1540,ios,700,3,1.0,1,1,0,1,0,1,0
1541,android,471,1,6.0,1,0,0,0,1,1,0
1542,web,679,0,0.0,1,1,1,1,1,1,1
1543,android,447,3,5.0,3,0,1,1,1,3,0
1544,android,543,3,12.0,7,1,0,0,2,6,0
1545,android,429,4,0.0,4,3,1,1,0,2,0
1546,ios,522,1,7.0,3,2,1,1,3,1,0
1547,android,189,6,1.0,5,1,1,0,0,2,0
1548,web,705,0,22.0,5,0,1,1,1,0,1
1549,android,657,0,2.0,2,0,1,1,0,0,0
1550,android,162,4,2.0,2,1,1,1,0,1,0
1551,android,696,1,3.0,2,2,0,0,0,0,1
1552,android,71,0,7.0,2,2,1,0,1,1,0
1553,ios,297,1,3.0,1,0,1,1,1,2,0
1554,android,468,12,11.0,3,2,0,0,0,0,1
1555,ios,648,5,0.0,2,2,1,1,0,0,0
1556,android,621,5,2.0,2,2,0,1,1,6,0
1557,web,72,4,7.0,7,2,1,0,0,0,1
1558,android,287,2,0.0,3,2,1,1,0,0,0
1559,android,235,2,2.0,4,4,1,0,1,2,1
1560,ios,683,7,1.0,3,0,1,0,1,1,0
1561,android,160,7,2.0,4,4,1,1,0,1,0
1562,android,588,5,1.0,6,3,0,1,0,1,0
1563,ios,666,0,1.0,3,1,1,0,0,0,0
1564,ios,405,4,1.0,1,1,0,0,0,0,0
1565,android,51,2,4.0,2,2,1,1,0,0,0
1566,android,343,7,2.0,4,1,0,1,1,0,0
1567,android,51,3,2.0,2,1,1,0,0,0,1
1568,android,621,5,5.0,3,1,1,1,2,1,0
1569,android,62,5,1.0,1,0,0,1,1,1,0
1570,android,698,3,4.0,1,0,1,0,0,1,0
1571,android,678,1,8.0,6,3,1,1,0,2,1
1572,android,340,2,1.0,4,3,1,1,0,1,0
1573,web,364,2,16.0,2,2,1,1,0,2,0
1574,web,629,2,1.0,4,1,1,0,1,2,0
1575,android,48,1,2.0,1,1,1,1,0,2,1
1576,ios,639,11,7.0,1,1,0,1,0,1,1
1577,android,180,5,3.0,7,6,1,1,2,1,0
1578,ios,15,7,0.0,3,1,1,1,1,1,0
1579,android,222,1,1.0,2,2,1,0,0,1,1
1580,android,99,4,0.0,2,2,1,0,1,2,0
1581,ios,137,2,0.0,2,1,1,0,0,0,0
1582,ios,655,7,2.0,7,5,1,1,2,2,0
1583,ios,20,2,2.0,2,0,1,0,0,1,1
1584,ios,572,4,0.0,1,1,0,1,2,3,0
1585,ios,91,1,2.0,6,5,1,1,0,1,0
1586,ios,181,2,3.0,2,2,1,1,1,1,1
1587,ios,676,3,4.0,5,0,1,0,1,2,0
1588,android,697,4,2.0,5,2,1,1,2,2,0
1589,android,480,2,1.0,7,7,1,0,1,1,1
1590,ios,698,0,20.0,3,2,1,0,0,0,1
1591,android,719,9,1.0,4,2,1,0,2,0,0
1592,ios,448,1,1.0,3,0,1,1,0,0,1
1593,android,619,2,5.0,1,0,1,0,0,0,1
1594,android,719,4,1.0,4,0,1,1,1,0,0
1595,android,110,5,1.0,1,0,1,0,0,2,0
1596,android,200,3,6.0,3,1,1,0,1,1,0
1597,android,335,7,9.0,1,1,1,0,0,0,0
1598,web,360,0,2.0,2,2,1,0,0,0,0
1599,android,590,2,1.0,2,2,1,0,3,2,0
1600,android,570,1,3.0,1,0,1,1,0,1,0
1601,web,338,2,4.0,3,1,1,0,0,0,1
1602,android,637,13,2.0,4,4,1,0,1,1,0
1603,android,186,1,6.0,3,3,1,1,1,0,0
1604,android,525,2,2.0,1,1,1,1,0,3,1
1605,ios,300,5,11.0,5,1,0,1,0,2,1
1606,android,469,4,2.0,4,2,0,0,1,0,1
1607,web,89,2,1.0,4,2,1,0,1,0,1
1608,android,584,0,12.0,1,1,0,0,1,0,0
1609,android,480,1,3.0,1,1,0,1,1,1,0
1610,android,80,11,5.0,5,1,0,0,0,1,0
1611,android,385,2,7.0,4,3,1,0,0,2,1
1612,android,221,3,2.0,4,1,1,0,1,1,0
1613,android,216,8,1.0,4,1,1,1,3,1,0
1614,ios,434,6,5.0,4,4,0,1,0,3,0
1615,android,509,5,4.0,2,1,1,0,2,0,0
1616,android,645,4,0.0,0,0,1,1,1,1,0
1617,android,390,7,20.0,1,1,1,1,3,1,0
1618,ios,637,8,2.0,3,1,0,1,1,0,0
1619,ios,75,0,16.0,5,5,1,1,2,1,0
1620,ios,123,7,6.0,3,0,1,0,2,4,0
1621,ios,456,6,1.0,1,1,1,1,0,0,0
1622,android,407,2,1.0,3,1,1,1,0,1,0
1623,ios,173,3,10.0,2,2,1,1,2,0,0
1624,android,689,0,6.0,0,0,0,1,0,0,0
1625,web,315,3,4.0,2,1,0,1,0,0,1
1626,ios,104,5,1.0,3,3,1,1,0,1,0
1627,web,354,0,0.0,2,1,0,0,0,0,0
1628,ios,426,1,0.0,2,2,1,1,2,1,0
1629,android,518,3,4.0,0,0,1,0,1,2,1
1630,android,51,11,1.0,1,0,1,1,1,0,0
1631,ios,35,1,0.0,4,1,1,1,0,1,0
1632,android,1,2,5.0,3,2,0,1,0,1,1
1633,ios,234,2,1.0,2,1,1,1,1,1,0
1634,android,27,18,2.0,2,1,0,1,3,2,0
1635,ios,533,4,1.0,2,0,1,0,1,1,0
1636,android,313,5,0.0,1,1,1,1,1,2,0
1637,web,312,1,2.0,5,3,1,1,1,3,1
1638,android,473,4,1.0,0,0,0,0,3,1,0
1639,android,28,3,5.0,5,5,0,0,1,1,1
1640,android,162,17,2.0,4,3,0,0,0,1,0
1641,android,352,5,3.0,3,1,1,1,0,2,0
1642,android,486,1,9.0,1,0,1,1,1,1,1
1643,android,700,3,5.0,4,3,1,0,1,0,0
1644,ios,116,5,2.0,3,2,0,0,0,0,0
1645,android,372,4,5.0,5,2,1,1,0,2,0
1646,android,505,2,1.0,4,3,1,1,0,1,0
1647,web,166,0,18.0,3,3,0,1,0,2,1
1648,android,482,8,4.0,3,2,1,0,1,0,0
1649,android,34,2,2.0,2,1,0,1,3,2,0
1650,android,705,7,3.0,2,2,0,1,0,0,0
1651,ios,293,0,5.0,2,2,0,1,1,0,1
1652,android,185,3,8.0,2,0,1,0,0,2,1
1653,ios,64,2,8.0,3,3,1,1,0,2,0
1654,android,460,1,3.0,2,2,1,1,0,0,1
1655,android,128,4,5.0,3,2,0,1,0,0,0
1656,ios,398,2,3.0,3,2,1,1,0,1,0
1657,android,643,1,1.0,3,2,1,0,2,2,0
1658,android,470,4,0.0,3,0,0,0,0,2,0
1659,android,206,1,2.0,4,4,1,0,2,0,0
1660,android,37,0,26.0,5,1,1,1,0,1,1
1661,android,201,6,3.0,0,0,1,1,0,2,0
1662,android,617,1,0.0,2,1,1,1,3,1,0
1663,android,309,2,4.0,5,5,0,0,2,3,0
1664,ios,518,11,2.0,3,3,1,1,2,1,0
1665,ios,234,2,1.0,2,2,0,1,2,1,0
1666,ios,268,2,0.0,3,0,1,1,1,2,0
1667,android,511,1,1.0,2,1,1,0,0,1,0
1668,android,387,1,8.0,5,5,1,1,0,1,0
1669,ios,2,2,8.0,1,1,1,1,1,0,1
1670,android,266,4,5.0,4,0,1,1,0,0,1
1671,android,502,4,1.0,2,2,1,1,0,2,0
1672,android,462,2,4.0,3,1,1,1,2,2,0
1673,android,371,5,0.0,6,2,0,1,3,2,0
1674,ios,319,2,6.0,4,0,1,1,1,1,0
1675,android,334,0,8.0,4,2,1,1,1,2,1
1676,android,465,7,10.0,4,3,1,1,0,2,0
1677,android,596,5,2.0,1,0,0,0,0,4,0
1678,android,20,4,2.0,3,3,1,1,0,1,0
1679,android,483,4,6.0,3,1,1,0,0,2,0
1680,android,707,3,3.0,3,2,1,0,0,2,1
1681,ios,584,5,2.0,3,1,1,0,0,0,0
1682,android,661,4,1.0,2,0,0,0,0,1,1
1683,ios,593,3,0.0,2,1,1,0,0,1,1
1684,android,633,2,2.0,3,1,1,1,1,3,0
1685,android,615,2,3.0,4,2,1,1,0,1,0
1686,android,131,10,3.0,4,4,1,0,2,0,0
1687,android,545,0,33.0,1,1,1,1,1,3,1
1688,ios,579,2,0.0,4,1,1,1,1,2,0
1689,android,131,4,7.0,3,1,0,0,0,1,1
1690,android,85,8,9.0,2,1,1,1,0,1,0
1691,ios,365,2,5.0,3,1,1,1,2,0,0
1692,android,572,6,5.0,1,1,0,0,0,0,1
1693,ios,629,1,4.0,3,2,1,1,0,1,0
1694,android,70,2,7.0,3,2,1,1,1,1,0
1695,android,462,4,3.0,1,1,0,0,1,0,0
1696,android,673,3,1.0,3,2,0,1,1,1,0
1697,android,316,7,9.0,4,1,0,0,1,2,1
1698,web,157,6,1.0,2,1,0,1,0,1,1
1699,android,283,9,3.0,6,3,1,0,0,2,0
1700,ios,238,1,8.0,1,0,0,1,1,0,0
1701,android,226,5,0.0,2,2,0,1,0,1,0
1702,ios,110,12,4.0,2,0,1,0,3,0,0
1703,android,536,0,2.0,3,3,1,1,2,1,0
1704,android,330,5,0.0,2,2,1,0,0,1,0
1705,android,108,3,2.0,3,2,1,1,1,1,0
1706,android,360,4,1.0,3,3,0,0,2,1,0
1707,android,149,3,4.0,2,1,0,1,0,1,1
1708,android,577,4,0.0,4,2,1,0,2,0,0
1709,android,609,7,7.0,3,1,1,1,0,0,0
1710,web,200,1,10.0,4,2,1,0,1,0,0
1711,android,120,3,2.0,6,0,1,1,0,1,0
1712,web,447,1,2.0,3,3,1,0,0,2,1
1713,android,468,6,4.0,2,1,0,0,0,1,0
1714,android,574,1,4.0,5,0,1,0,0,0,0
1715,android,412,1,0.0,4,1,1,1,0,0,0
1716,ios,294,5,8.0,4,2,0,1,2,1,0
1717,android,189,1,2.0,4,3,0,1,2,0,1
1718,android,224,6,3.0,3,2,1,1,1,2,0
1719,ios,401,4,5.0,3,2,1,0,2,0,0
1720,android,77,3,0.0,2,2,1,1,0,1,0
1721,ios,627,0,2.0,7,4,1,1,2,1,0
1722,ios,177,3,2.0,3,1,1,1,3,0,0
1723,android,231,2,2.0,6,4,1,1,0,0,0
1724,android,696,3,3.0,1,0,1,0,1,3,0
1725,android,279,8,1.0,2,2,0,1,0,1,1
1726,android,488,1,0.0,4,0,1,1,0,0,0
1727,android,333,3,2.0,3,1,1,0,2,1,0
1728,ios,184,3,4.0,4,3,1,1,0,1,0
1729,android,695,1,1.0,2,2,1,1,1,2,0
1730,android,283,1,2.0,3,1,1,0,1,2,0
1731,android,138,4,3.0,1,0,1,1,1,2,0
1732,android,294,3,2.0,7,1,1,0,0,2,0
1733,ios,512,8,0.0,2,2,1,1,0,1,0
1734,android,222,1,0.0,8,5,1,1,1,0,0
1735,android,574,3,5.0,8,7,1,1,2,1,0
1736,ios,452,1,0.0,1,1,1,0,1,2,0
1737,ios,615,4,4.0,2,1,0,1,0,1,0
1738,ios,633,11,0.0,0,0,1,1,0,1,0
1739,android,27,3,1.0,5,1,1,0,2,5,0
1740,android,292,6,0.0,5,4,1,0,0,2,1
1741,web,116,2,1.0,2,1,0,1,1,1,0
1742,ios,72,2,9.0,3,2,1,0,1,1,0
1743,ios,574,6,4.0,2,2,0,1,1,1,0
1744,web,614,4,2.0,4,3,1,1,0,1,0
1745,ios,157,4,2.0,3,3,1,0,1,2,0
1746,android,205,2,15.0,7,4,1,1,1,3,0
1747,web,537,4,2.0,1,0,1,0,0,0,0
1748,android,462,2,2.0,2,2,1,0,1,1,1
1749,ios,213,3,6.0,2,2,0,0,1,2,1
1750,android,554,6,9.0,4,3,1,0,0,1,0
1751,ios,405,7,3.0,3,3,0,1,0,0,1
1752,android,254,0,1.0,3,3,1,0,0,2,1
1753,android,147,6,2.0,4,4,1,1,0,0,0
1754,ios,29,1,0.0,3,2,1,1,1,1,1
1755,android,541,0,5.0,3,3,0,1,0,3,1
1756,ios,196,2,1.0,3,3,1,1,1,1,0
1757,android,95,1,1.0,1,1,1,1,0,0,0
1758,android,703,1,1.0,3,2,1,0,0,4,0
1759,web,140,5,0.0,7,4,1,1,1,1,0
1760,ios,346,1,4.0,3,2,1,1,0,3,0
1761,android,533,2,0.0,1,1,1,0,1,2,0
1762,android,578,1,9.0,5,4,1,1,2,1,0
1763,android,28,1,7.0,3,3,1,0,1,0,1
1764,android,367,3,5.0,2,1,1,1,0,1,0
1765,ios,487,3,2.0,10,7,1,1,0,0,0
1766,web,700,1,1.0,1,0,1,1,0,3,0
1767,ios,304,0,22.0,2,2,1,1,0,1,1
1768,ios,232,2,4.0,4,3,0,1,0,1,1
1769,android,575,2,2.0,6,0,1,1,0,0,0
1770,android,130,6,7.0,4,0,1,0,1,0,0
1771,android,5,4,1.0,2,1,1,0,1,1,0
1772,android,584,3,5.0,5,2,1,0,1,3,0
1773,android,35,4,2.0,0,0,1,1,0,0,0
1774,android,622,0,29.0,4,1,1,1,0,1,1
1775,ios,206,3,10.0,4,4,1,0,0,2,1
1776,ios,368,9,1.0,4,3,1,1,1,0,0
1777,ios,430,2,1.0,3,0,1,0,0,1,0
1778,android,312,3,0.0,7,7,1,1,0,1,0
1779,android,428,2,2.0,2,2,1,0,4,0,0
1780,ios,265,8,2.0,4,3,1,1,2,2,0
1781,android,535,0,6.0,4,4,1,1,1,0,0
1782,web,52,1,0.0,5,5,1,0,0,4,0
1783,android,597,7,4.0,4,1,1,1,1,0,0
1784,ios,453,3,1.0,2,1,1,1,0,0,0
1785,android,424,0,10.0,2,0,1,1,0,3,0
1786,ios,47,10,2.0,5,1,1,0,1,0,0
1787,android,405,0,2.0,2,0,1,1,1,4,0
1788,ios,449,4,4.0,1,0,1,0,3,1,0
1789,ios,410,2,1.0,8,7,1,0,2,1,0
1790,android,474,1,1.0,8,6,1,0,0,0,0
1791,android,258,2,1.0,4,3,1,0,1,3,0
1792,android,544,2,4.0,4,2,0,0,0,2,1
1793,web,472,3,1.0,3,2,1,0,1,1,0
1794,android,455,4,1.0,6,1,1,1,3,0,1
1795,android,335,2,1.0,4,2,1,1,1,0,0
1796,android,355,11,2.0,4,0,1,1,0,0,0
1797,ios,238,0,13.0,2,2,0,1,3,1,1
1798,web,103,5,3.0,1,1,1,1,0,1,0
1799,ios,489,1,7.0,3,2,1,1,1,2,0
1800,android,542,0,8.0,2,1,1,1,0,1,0
1801,android,253,5,2.0,6,3,1,1,0,1,0
1802,android,146,4,4.0,0,0,0,0,1,0,0
1803,android,570,4,5.0,1,1,1,1,1,0,0
1804,android,453,1,3.0,3,1,1,0,2,0,0
1805,ios,108,1,6.0,5,4,0,1,3,1,1
1806,web,526,5,0.0,2,2,1,0,0,2,0
1807,web,502,1,8.0,2,1,1,0,0,0,1
1808,ios,332,2,1.0,2,2,1,0,0,1,1
1809,android,584,2,1.0,3,1,0,1,0,0,1
1810,android,202,2,2.0,1,1,1,1,1,0,0
1811,android,190,7,0.0,2,2,1,1,0,1,0
1812,android,636,2,4.0,2,2,0,1,0,0,1
1813,android,388,1,1.0,3,3,1,1,0,0,0
1814,android,443,1,7.0,4,2,1,0,2,0,1
1815,web,165,3,1.0,3,2,0,0,0,2,0
1816,android,179,1,1.0,5,4,0,1,3,3,0
1817,ios,249,0,6.0,5,1,1,1,0,5,1
1818,android,521,2,5.0,3,0,1,1,0,1,1
1819,android,193,4,1.0,5,4,1,1,0,1,0
1820,android,448,1,7.0,4,1,0,1,1,2,0
1821,android,223,3,1.0,1,1,0,1,1,0,0
1822,android,166,3,12.0,1,1,0,0,1,1,1
1823,android,271,1,7.0,2,2,1,1,0,2,1
1824,web,163,3,2.0,6,3,0,0,2,0,0
1825,android,606,1,0.0,4,2,1,1,1,1,0
1826,android,592,0,11.0,4,4,1,0,0,1,0
1827,android,371,10,1.0,2,1,1,1,1,2,0
1828,android,61,0,0.0,2,1,0,1,0,3,1
1829,android,144,0,14.0,5,4,1,0,1,2,1
1830,android,131,6,1.0,2,0,1,0,1,1,0
1831,android,194,0,15.0,5,5,1,0,3,0,0
1832,android,556,2,1.0,3,1,0,1,1,1,0
1833,web,317,2,3.0,3,2,1,1,3,2,0
1834,android,130,0,20.0,3,2,0,1,0,2,0
1835,ios,416,2,1.0,1,1,0,0,0,3,0
1836,android,160,1,0.0,1,0,1,0,0,1,0
1837,android,716,0,17.0,3,2,1,0,1,1,0
1838,android,347,0,14.0,2,1,1,0,0,2,1
1839,android,260,6,4.0,8,2,1,1,2,0,0
1840,android,532,2,3.0,3,1,1,1,1,0,0
1841,ios,534,0,1.0,3,2,1,1,1,1,0
1842,android,462,8,0.0,4,3,1,1,1,2,0
1843,ios,217,4,0.0,2,1,1,1,0,1,1
1844,android,239,0,18.0,3,3,1,0,1,1,0
1845,android,189,3,3.0,2,1,1,0,0,2,0
1846,ios,316,1,6.0,0,0,1,1,2,0,0
1847,android,55,3,1.0,4,1,0,0,1,0,0
1848,ios,703,1,2.0,3,1,1,0,0,3,0
1849,android,664,0,48.0,2,1,1,1,0,1,1
1850,android,573,2,3.0,7,7,1,1,1,0,1
1851,android,106,4,2.0,4,3,0,1,1,3,0
1852,android,51,1,13.0,2,1,1,1,2,1,1
1853,android,37,7,2.0,1,1,1,0,1,1,1
1854,ios,93,0,1.0,4,0,1,0,2,1,0
1855,ios,425,2,1.0,4,3,1,1,0,0,0
1856,android,450,1,0.0,5,0,1,0,0,1,0
1857,web,196,2,1.0,1,0,1,0,0,3,0
1858,ios,104,1,2.0,5,3,1,0,1,1,0
1859,android,485,1,1.0,2,1,1,1,1,2,0
1860,android,479,0,3.0,3,2,1,1,1,1,1
1861,android,42,4,7.0,2,0,1,0,1,2,0
1862,android,486,5,5.0,4,0,0,0,0,0,1
1863,android,40,4,4.0,5,3,1,1,0,2,0
1864,android,473,3,1.0,2,1,0,0,0,1,0
1865,ios,464,2,4.0,6,1,1,0,3,0,0
1866,web,341,1,5.0,2,0,1,0,2,2,1
1867,android,414,2,2.0,6,6,1,1,1,2,0
1868,android,317,1,5.0,2,0,0,1,0,1,0
1869,android,607,4,1.0,3,2,0,0,0,1,0
1870,android,501,12,3.0,4,4,0,1,0,0,0
1871,android,196,5,1.0,3,3,1,1,0,1,0
1872,web,336,1,2.0,4,4,1,1,1,4,0
1873,ios,310,4,1.0,1,1,1,1,1,2,0
1874,ios,593,3,6.0,5,4,1,0,1,2,1
1875,android,443,6,4.0,4,2,1,1,1,2,0
1876,android,647,3,1.0,4,4,1,0,1,1,0
1877,android,55,4,1.0,1,0,1,1,2,0,0
1878,web,297,5,2.0,4,1,0,1,1,0,0
1879,android,531,0,10.0,3,2,1,0,1,1,1
1880,android,564,0,3.0,3,2,1,1,1,1,1
1881,ios,401,4,2.0,6,3,1,0,2,2,0
1882,web,248,0,29.0,2,1,1,0,0,0,1
1883,android,341,2,2.0,4,3,0,1,1,3,1
1884,android,253,5,7.0,4,3,0,1,1,2,0
1885,android,509,1,2.0,2,1,1,0,3,0,0
1886,android,703,3,2.0,4,2,0,1,1,2,1
1887,ios,433,2,5.0,4,0,1,1,1,1,0
1888,android,233,3,6.0,2,0,1,0,1,2,1
1889,ios,652,1,2.0,4,1,0,1,1,1,0
1890,android,460,2,1.0,3,2,1,1,0,2,1
1891,web,250,3,13.0,2,1,1,1,0,1,0
1892,android,257,4,0.0,3,2,0,1,0,0,0
1893,android,684,5,1.0,1,1,0,0,2,4,0
1894,ios,510,2,9.0,4,3,1,1,0,1,0
1895,android,134,2,1.0,6,4,1,1,1,1,0
1896,android,408,6,0.0,1,1,1,0,0,1,0
1897,ios,625,1,1.0,4,2,0,1,1,2,1
1898,android,77,5,2.0,4,3,0,1,0,0,0
1899,ios,190,8,0.0,3,3,1,1,1,0,0
1900,android,689,1,3.0,2,0,0,1,1,1,1
1901,web,191,6,1.0,3,0,1,1,1,0,0
1902,android,690,0,0.0,8,4,1,1,0,4,0
1903,web,48,0,21.0,2,0,1,1,2,2,0
1904,ios,355,6,1.0,4,1,0,0,0,0,1
1905,android,597,1,10.0,2,1,1,1,0,2,1
1906,ios,459,0,16.0,5,2,1,1,0,0,0
1907,android,494,3,3.0,3,1,0,1,1,1,0
1908,android,640,2,6.0,6,2,1,1,1,2,0
1909,ios,5,1,6.0,7,6,1,1,2,1,0
1910,android,48,2,2.0,2,0,1,0,0,1,1
1911,ios,294,0,25.0,4,2,1,1,0,1,1
1912,web,367,4,0.0,2,1,1,1,1,1,0
1913,android,324,5,1.0,3,0,0,1,0,2,0
1914,android,700,0,8.0,2,2,1,1,1,2,0
1915,android,6,1,7.0,4,3,0,0,0,0,1
1916,ios,311,5,3.0,2,0,1,0,2,0,0
1917,android,625,2,1.0,4,3,1,1,0,0,0
1918,android,672,0,16.0,5,3,1,1,1,0,1
1919,android,690,0,1.0,4,3,1,1,0,1,0
1920,android,486,1,1.0,0,0,0,1,0,3,0
1921,ios,479,3,3.0,4,0,1,0,0,1,1
1922,android,610,2,1.0,2,0,0,1,1,0,1
1923,android,565,1,7.0,2,1,0,1,1,0,0
1924,ios,72,14,0.0,1,1,1,1,1,1,0
1925,android,170,1,3.0,1,1,1,1,1,2,1
1926,android,320,1,1.0,0,0,1,1,0,1,0
1927,android,193,1,0.0,2,0,1,1,2,2,1
1928,ios,276,2,0.0,2,1,1,0,3,1,0
1929,ios,708,0,22.0,1,1,1,1,0,2,1
1930,android,711,1,2.0,4,4,1,1,2,1,1
1931,ios,336,1,1.0,4,3,1,1,1,0,1
1932,android,60,4,1.0,3,2,1,1,0,0,0
1933,android,9,3,5.0,0,0,1,0,1,2,1
1934,android,14,3,0.0,2,2,1,1,2,1,0
1935,android,630,11,1.0,3,3,1,1,1,0,0
1936,android,274,7,0.0,4,0,0,0,0,2,1
1937,android,344,7,2.0,2,2,1,1,1,1,0
1938,android,462,3,4.0,4,2,1,1,0,1,0
1939,android,451,0,8.0,1,1,1,1,1,0,1
1940,android,709,6,0.0,3,2,1,1,4,2,0
1941,android,251,5,2.0,2,1,0,1,0,1,0
1942,android,613,1,4.0,5,1,1,1,0,1,0
1943,android,674,1,5.0,4,3,1,1,0,2,0
1944,android,157,4,4.0,4,4,1,1,2,0,0
1945,ios,122,0,1.0,0,0,1,1,2,2,0
1946,android,60,1,2.0,3,3,1,1,1,0,1
1947,android,421,0,14.0,3,3,0,1,1,0,1
1948,android,565,1,5.0,0,0,1,1,1,0,0
1949,android,490,6,3.0,2,1,1,1,0,1,1
1950,android,28,7,2.0,8,2,1,1,0,0,0
1951,web,77,0,3.0,2,0,1,1,1,1,1
1952,android,280,1,3.0,6,2,1,1,1,1,0
1953,android,675,2,0.0,0,0,1,0,2,1,0
1954,ios,377,4,0.0,4,0,1,0,0,0,1
1955,android,572,9,3.0,4,2,1,1,0,1,0
1956,android,612,1,3.0,1,0,1,1,0,1,0
1957,android,614,2,5.0,0,0,0,1,1,0,1
1958,ios,582,3,1.0,5,3,1,1,1,3,0
1959,android,124,1,3.0,3,1,1,1,0,3,0
1960,ios,327,3,2.0,4,1,1,1,1,0,1
1961,ios,92,0,4.0,0,0,0,1,0,0,1
1962,android,31,3,7.0,5,5,1,0,2,2,0
1963,android,514,1,2.0,7,3,1,1,2,0,0
1964,android,125,5,6.0,5,5,0,0,0,1,0
1965,android,227,2,4.0,2,2,1,1,1,2,0
1966,android,258,7,5.0,1,0,1,0,0,2,0
1967,android,474,8,3.0,4,4,1,1,0,1,0
1968,android,459,2,6.0,4,1,0,1,0,0,1
1969,android,447,2,3.0,2,1,1,1,1,0,0
1970,ios,438,4,0.0,1,0,1,0,0,1,0
1971,web,448,1,4.0,4,2,1,1,1,1,0
1972,android,163,1,1.0,2,1,1,1,1,1,0
1973,android,258,10,4.0,1,1,1,1,1,1,0
1974,android,42,6,12.0,4,2,0,0,0,1,0
1975,android,419,0,6.0,3,2,1,0,0,2,0
1976,android,417,2,4.0,2,2,1,1,0,1,0
1977,web,317,2,2.0,5,5,1,1,0,0,1
1978,ios,19,5,2.0,0,0,1,1,1,1,0
1979,android,470,0,16.0,4,4,1,1,0,0,1
1980,ios,484,1,0.0,4,2,1,0,1,2,0
1981,android,113,2,7.0,1,1,1,1,0,0,1
1982,ios,708,4,11.0,4,1,0,1,2,2,1
1983,android,109,9,2.0,1,1,1,1,0,1,0
1984,ios,37,3,6.0,4,4,1,0,2,1,0
1985,android,203,5,2.0,4,3,0,0,0,1,0
1986,android,328,7,5.0,1,0,1,0,1,2,0
1987,android,380,3,6.0,2,1,1,0,1,0,0
1988,android,642,1,2.0,2,1,0,1,0,0,1
1989,android,49,2,1.0,1,1,1,0,0,0,0
1990,web,650,6,0.0,4,3,1,1,1,1,0
1991,ios,312,0,16.0,1,1,1,0,0,1,1
1992,ios,87,2,3.0,2,0,1,1,1,1,0
1993,android,348,0,2.0,2,1,1,1,0,1,0
1994,android,334,1,5.0,4,2,1,1,1,1,1
1995,ios,115,0,9.0,5,4,1,0,1,0,1
1996,android,643,0,5.0,11,5,1,0,0,1,1
1997,ios,18,6,0.0,1,0,1,1,1,1,0
1998,ios,701,8,5.0,3,3,1,1,0,3,0
1999,ios,273,1,2.0,3,1,0,1,0,0,1
2000,web,232,0,2.0,4,4,1,1,1,2,0
2001,android,450,4,10.0,0,0,1,1,0,1,0
2002,android,608,2,4.0,5,2,0,1,0,0,1
2003,ios,145,2,1.0,0,0,0,0,1,1,0
2004,ios,350,0,1.0,0,0,1,1,0,4,0
2005,android,484,3,2.0,2,2,1,1,2,2,0
2006,ios,101,2,6.0,3,1,1,0,0,1,0
2007,web,540,2,5.0,4,0,0,1,0,0,0
2008,android,446,4,1.0,4,1,1,1,1,1,0
2009,android,6,0,7.0,3,1,0,1,1,1,0
2010,ios,626,2,1.0,3,3,1,1,1,0,0
2011,ios,337,7,2.0,3,3,1,1,3,4,0
2012,android,246,1,2.0,3,1,1,1,0,0,0
2013,ios,532,4,0.0,1,0,1,0,0,1,0
2014,android,170,3,11.0,5,5,1,1,0,0,0
2015,android,240,3,1.0,3,1,1,1,0,1,1
2016,android,43,10,5.0,6,4,0,1,1,0,0
2017,android,244,0,2.0,5,3,1,1,0,1,0
2018,ios,138,10,1.0,3,0,1,1,2,0,0
2019,android,211,2,2.0,4,4,1,0,1,1,0
2020,android,178,1,6.0,0,0,1,1,1,0,1
2021,android,259,3,0.0,1,1,1,1,0,2,1
2022,android,150,3,1.0,3,2,1,1,1,3,0
2023,android,283,1,6.0,2,1,1,1,1,1,0
2024,android,423,4,2.0,2,1,1,0,0,2,0
2025,android,446,4,1.0,2,0,0,0,1,1,0
2026,android,131,4,23.0,4,4,1,1,0,3,0
2027,web,335,3,4.0,1,0,0,1,0,1,1
2028,ios,361,9,0.0,2,2,0,1,0,1,0
2029,android,344,3,12.0,4,4,1,0,0,0,1
2030,android,41,4,6.0,1,0,1,1,0,2,0
2031,android,88,3,12.0,3,1,0,1,1,0,0
2032,android,560,4,7.0,3,1,1,0,0,0,1
2033,android,123,13,5.0,1,1,1,0,0,0,0
2034,android,637,1,6.0,1,1,1,1,0,2,1
2035,android,325,2,7.0,6,5,1,1,0,2,0
2036,android,561,0,2.0,4,3,1,1,0,0,1
2037,ios,212,4,3.0,2,2,1,1,1,2,0
2038,android,121,6,1.0,1,1,1,0,0,1,1
2039,ios,629,1,5.0,6,4,1,1,0,2,0
2040,ios,65,4,4.0,3,3,0,1,0,1,0
2041,android,530,0,18.0,4,0,1,1,1,2,1
2042,ios,274,1,5.0,1,1,1,0,3,0,1
2043,android,661,3,4.0,3,3,0,0,2,3,0
2044,web,181,2,0.0,0,0,0,0,0,1,1
2045,ios,513,4,1.0,4,3,1,1,0,1,0
2046,ios,398,1,4.0,4,3,0,1,1,1,0
2047,ios,696,2,4.0,4,2,1,1,1,0,1
2048,ios,39,3,6.0,1,0,0,1,2,5,0
2049,android,405,4,10.0,2,1,1,1,2,1,0
2050,web,412,5,3.0,6,0,1,0,1,1,1
2051,android,522,1,3.0,1,1,1,1,1,0,1
2052,web,64,0,18.0,3,2,1,1,1,2,1
2053,web,374,2,0.0,3,0,1,1,0,4,0
2054,android,661,0,3.0,1,1,0,1,0,2,1
2055,web,690,4,4.0,1,1,1,1,1,2,0
2056,android,415,9,0.0,1,0,1,0,3,0,0
2057,android,147,1,1.0,2,0,0,1,0,1,0
2058,android,675,0,7.0,5,1,1,1,2,1,0
2059,ios,116,1,3.0,4,3,1,1,3,1,0
2060,ios,56,1,2.0,1,1,1,0,1,1,0
2061,web,333,3,2.0,2,0,1,0,3,0,0
2062,android,348,2,4.0,3,1,0,0,0,1,0
2063,android,167,9,17.0,4,3,0,1,0,1,1
2064,android,126,1,1.0,3,2,1,0,0,0,1
2065,android,481,4,1.0,4,2,1,1,0,0,0
2066,ios,627,4,2.0,2,2,1,1,1,0,0
2067,ios,572,3,0.0,4,2,1,1,4,1,0
2068,web,350,0,1.0,4,3,1,1,2,2,0
2069,android,684,2,4.0,1,1,0,1,1,1,0
2070,ios,183,3,5.0,1,1,1,0,3,0,0
2071,android,159,1,0.0,3,2,1,0,1,2,0
2072,ios,711,5,1.0,5,0,0,1,0,4,0
2073,android,73,3,6.0,0,0,1,1,1,1,0
2074,ios,397,1,1.0,1,0,1,1,0,1,0
2075,android,243,1,0.0,2,0,1,1,1,0,0
2076,ios,675,2,3.0,3,3,1,1,0,1,0
2077,android,280,7,0.0,2,0,1,1,1,1,0
2078,web,693,3,4.0,3,1,0,1,1,2,1
2079,android,86,7,1.0,1,0,1,1,0,0,0
2080,android,642,0,6.0,0,0,1,1,0,3,0
2081,android,261,0,6.0,4,4,1,0,2,1,1
2082,android,108,3,0.0,2,1,0,1,1,1,1
2083,android,338,9,2.0,6,5,1,0,0,1,0
2084,android,647,4,2.0,2,2,1,1,0,1,0
2085,web,35,4,1.0,0,0,1,1,0,1,1
2086,android,66,1,1.0,2,2,1,0,0,2,1
2087,ios,21,4,17.0,4,2,1,1,2,3,0
2088,android,344,12,1.0,3,1,0,0,2,0,0
2089,ios,518,3,3.0,5,3,0,1,1,1,1
2090,android,659,5,9.0,5,5,1,1,1,2,0
2091,android,510,1,0.0,6,6,1,1,0,2,0
2092,android,270,3,1.0,2,0,1,1,1,1,0
2093,ios,250,0,25.0,3,0,1,1,0,1,0
2094,ios,68,4,1.0,7,6,0,1,1,0,1
2095,android,216,0,4.0,2,0,0,1,0,1,1
2096,ios,389,3,8.0,5,4,1,0,1,2,0
2097,android,527,5,6.0,0,0,0,1,0,0,1
2098,android,68,6,4.0,3,3,1,1,0,2,0
2099,web,644,9,8.0,4,4,1,0,1,0,0
2100,ios,338,1,5.0,3,3,1,1,1,0,0
2101,android,363,4,6.0,3,1,1,1,1,0,0
2102,ios,421,3,7.0,3,3,1,0,0,2,0
2103,ios,633,3,1.0,4,0,1,0,1,0,0
2104,ios,18,2,6.0,2,1,1,1,0,1,0
2105,android,419,5,1.0,0,0,0,1,1,1,0
2106,android,506,1,3.0,2,1,1,0,1,2,1
2107,android,644,0,2.0,2,2,1,1,1,0,0
2108,ios,551,3,1.0,3,1,1,1,2,1,1
2109,ios,47,3,1.0,4,3,0,0,4,2,1
2110,android,382,1,8.0,2,0,1,0,1,1,1
2111,android,170,5,0.0,4,4,1,0,0,1,0
2112,android,168,4,3.0,4,2,0,1,0,0,0
2113,android,159,4,3.0,3,3,1,1,0,1,0
2114,android,1,1,0.0,1,1,1,0,0,0,1
2115,android,233,2,3.0,3,3,1,0,1,3,0
2116,android,215,2,0.0,4,2,1,1,0,0,1
2117,android,714,6,8.0,7,6,1,0,1,0,1
2118,android,438,2,0.0,3,2,1,0,0,2,0
2119,android,230,4,6.0,3,2,1,0,0,0,0
2120,android,14,7,6.0,3,2,1,1,1,1,0
2121,ios,604,3,0.0,3,1,0,1,2,0,1
2122,android,613,5,2.0,3,0,1,0,1,0,0
2123,android,446,6,1.0,3,0,1,0,3,2,0
2124,ios,337,3,2.0,6,3,1,1,3,1,0
2125,web,228,0,5.0,2,1,1,0,2,1,0
2126,web,9,3,1.0,3,2,1,1,0,2,0
2127,android,26,1,2.0,2,1,1,1,0,1,1
2128,ios,187,2,2.0,3,1,0,0,1,1,1
2129,android,515,0,25.0,2,1,0,1,0,1,1
2130,android,499,4,6.0,4,4,0,0,0,0,0
2131,ios,63,0,13.0,2,2,1,1,2,2,0
2132,ios,263,8,1.0,8,7,1,0,0,1,0
2133,web,151,12,5.0,4,3,1,0,0,0,0
2134,android,260,0,26.0,1,0,0,1,0,1,1
2135,android,383,0,11.0,4,2,1,1,0,2,1
2136,android,167,3,5.0,6,3,1,0,1,5,0
2137,android,704,4,2.0,4,2,0,0,1,1,0
2138,android,350,2,7.0,6,1,1,1,0,2,1
2139,android,714,6,0.0,3,3,0,0,2,2,0
2140,android,506,1,5.0,1,0,1,1,0,1,0
2141,ios,691,1,0.0,3,1,0,0,2,1,1
2142,android,309,0,15.0,3,1,1,1,0,1,0
2143,ios,391,10,1.0,5,3,1,0,0,1,0
2144,web,484,8,2.0,1,0,1,0,0,2,1
2145,android,456,6,3.0,2,0,1,1,0,5,0
2146,ios,93,4,1.0,2,1,1,0,1,0,0
2147,web,572,1,0.0,3,2,1,1,0,2,0
2148,android,698,2,3.0,3,1,1,1,2,3,0
2149,android,670,2,5.0,4,2,1,1,1,2,0
2150,ios,120,7,2.0,10,4,1,1,0,0,0
2151,android,155,6,1.0,2,1,0,1,0,2,0
2152,android,567,0,4.0,2,2,0,1,0,0,1
2153,ios,18,2,2.0,3,3,1,1,1,1,0
2154,ios,315,11,3.0,5,1,1,0,1,0,0
2155,ios,425,5,0.0,5,3,1,0,0,2,0
2156,web,53,2,5.0,3,3,1,1,0,2,0
2157,android,214,3,1.0,2,1,1,0,1,0,0
2158,web,705,0,1.0,4,3,0,0,0,0,1
2159,android,350,1,6.0,3,1,1,1,0,0,0
2160,android,705,2,4.0,3,3,1,0,2,0,0
2161,android,49,0,4.0,4,1,1,0,1,4,0
2162,android,556,5,1.0,2,0,1,0,0,4,0
2163,android,491,8,1.0,3,2,1,0,0,2,0
2164,android,466,1,3.0,4,1,1,0,1,2,0
2165,web,430,0,16.0,6,6,1,1,1,1,0
2166,web,498,9,3.0,2,1,0,1,1,3,1
2167,android,121,3,5.0,2,2,0,1,0,2,0
2168,android,168,1,0.0,8,7,0,1,1,3,0
2169,ios,222,0,2.0,5,5,1,0,0,0,1
2170,ios,529,10,4.0,3,3,1,1,0,2,0
2171,web,291,0,26.0,3,0,0,1,1,0,1
2172,ios,245,6,3.0,6,2,1,0,2,1,0
2173,ios,654,3,5.0,0,0,0,1,0,0,0
2174,android,128,2,2.0,1,1,1,1,1,2,0
2175,android,181,1,4.0,1,1,1,0,0,0,1
2176,ios,338,4,4.0,2,2,1,1,1,0,0
2177,android,62,1,2.0,5,3,0,1,0,2,0
2178,android,430,1,5.0,2,2,1,1,1,1,0
2179,ios,610,3,3.0,3,3,1,0,4,2,0
2180,android,717,9,1.0,2,2,0,0,2,0,0
2181,android,49,5,6.0,3,0,1,0,0,0,0
2182,android,544,1,1.0,5,3,1,1,0,1,0
2183,android,90,3,1.0,1,0,0,0,0,0,1
2184,android,52,5,8.0,3,2,1,1,0,0,0
2185,android,114,0,2.0,2,2,1,1,1,2,0
2186,android,435,9,2.0,3,2,1,1,1,1,0
2187,ios,339,5,7.0,1,0,1,1,0,2,0
2188,android,635,2,4.0,3,1,1,1,0,1,0
2189,android,647,4,3.0,2,2,1,1,0,0,1
2190,ios,628,4,2.0,5,2,0,1,2,1,0
2191,android,446,3,1.0,4,2,1,1,1,0,0
2192,android,540,7,4.0,4,0,1,0,1,1,0
2193,ios,92,0,10.0,0,0,1,1,2,1,0
2194,ios,506,3,2.0,3,1,1,0,3,1,0
2195,android,454,1,2.0,2,2,1,0,2,4,0
2196,android,611,8,1.0,3,0,0,1,1,2,0
2197,android,216,2,1.0,2,1,0,0,1,0,0
2198,android,713,2,9.0,4,4,0,1,3,0,1
2199,android,44,4,0.0,3,0,1,1,0,1,0
2200,ios,373,3,6.0,6,6,0,0,0,1,0
2201,android,104,14,7.0,2,0,0,1,3,2,0
2202,ios,116,2,0.0,3,2,1,1,1,2,1
2203,web,620,0,18.0,2,2,1,1,1,0,1
2204,android,596,0,1.0,4,3,0,0,0,2,1
2205,ios,700,1,0.0,0,0,1,0,2,0,0
2206,web,324,7,1.0,3,3,1,0,1,0,0
2207,ios,610,7,0.0,3,3,0,1,0,1,0
2208,android,442,10,12.0,0,0,1,0,0,2,0
2209,android,715,0,9.0,2,2,1,1,0,3,1
2210,android,703,6,1.0,3,3,0,0,1,3,0
2211,android,627,2,3.0,5,2,1,1,1,0,0
2212,android,68,1,4.0,3,3,1,1,0,1,1
2213,web,373,7,1.0,0,0,0,1,2,6,0
2214,android,543,1,3.0,3,2,0,0,2,0,1
2215,android,622,0,23.0,3,1,1,1,1,0,1
2216,android,53,1,1.0,1,0,1,1,0,0,0
2217,android,427,3,0.0,3,3,1,0,0,1,0
2218,android,424,0,1.0,4,1,0,1,1,0,0
2219,ios,184,1,5.0,2,2,1,1,0,0,1
2220,android,82,0,29.0,0,0,1,1,1,1,1
2221,android,209,3,4.0,5,5,1,1,1,0,0
2222,ios,522,8,0.0,1,0,1,0,1,2,0
2223,android,40,1,17.0,5,3,0,1,0,1,1
2224,android,386,5,8.0,1,0,1,0,1,0,0
2225,android,364,7,4.0,4,2,0,1,0,1,0
2226,android,22,3,1.0,3,3,1,0,2,0,1
2227,ios,247,0,60.0,1,0,1,1,0,0,1
2228,ios,329,1,3.0,4,4,1,1,0,1,0
2229,ios,259,3,1.0,4,4,1,0,2,0,0
2230,ios,443,1,10.0,0,0,1,1,3,2,0
2231,ios,610,10,0.0,1,1,0,1,0,3,0
2232,ios,501,3,2.0,5,5,1,0,1,0,1
2233,ios,710,4,2.0,1,1,0,1,1,0,1
2234,android,685,4,4.0,4,3,1,1,0,2,0
2235,android,199,0,4.0,3,3,1,1,1,3,1
2236,android,523,5,3.0,3,0,1,1,1,2,0
2237,ios,49,0,1.0,4,1,1,0,1,1,1
2238,android,591,0,10.0,1,0,1,1,1,1,0
2239,android,604,3,3.0,5,4,1,1,2,4,0
2240,android,707,2,1.0,2,1,1,1,0,2,0
2241,android,152,1,0.0,4,2,1,0,0,1,1
2242,ios,448,2,5.0,3,1,1,1,1,2,0
2243,ios,667,10,4.0,4,3,1,1,2,2,0
2244,web,342,6,4.0,3,3,1,1,0,1,0
2245,android,289,5,3.0,4,1,1,0,0,1,0
2246,ios,662,2,3.0,6,5,1,0,1,0,1
2247,android,244,5,0.0,0,0,1,1,0,2,0
2248,android,657,3,2.0,6,4,0,1,1,1,0
2249,ios,373,0,24.0,1,1,1,1,0,2,1
2250,ios,717,5,2.0,3,0,1,1,1,0,0
2251,android,395,2,0.0,3,1,0,1,0,1,1
2252,ios,213,0,25.0,1,1,1,1,2,1,1
2253,ios,233,9,2.0,2,2,1,1,0,0,0
2254,android,371,3,5.0,4,2,0,1,2,0,0
2255,ios,35,3,10.0,4,1,1,1,0,2,0
2256,android,384,3,4.0,4,2,1,1,1,4,0
2257,android,168,3,0.0,5,1,1,1,1,4,0
2258,android,610,2,3.0,5,3,1,0,1,1,0
2259,android,383,3,1.0,1,0,1,1,2,1,0
2260,ios,595,0,4.0,2,0,1,1,2,1,0
2261,android,430,1,6.0,2,2,0,1,0,1,0
2262,android,438,4,0.0,4,1,1,0,1,1,0
2263,ios,682,6,15.0,5,4,0,1,0,3,0
2264,android,144,6,0.0,4,3,1,1,1,0,0
2265,android,310,2,2.0,6,5,1,1,0,1,0
2266,android,181,6,7.0,2,2,1,0,0,2,0
2267,web,618,1,7.0,2,1,1,1,0,1,0
2268,ios,437,7,2.0,3,2,1,0,1,0,0
2269,android,68,1,4.0,2,2,1,1,1,1,0
2270,ios,190,1,3.0,4,2,1,0,2,3,0
2271,android,456,5,3.0,4,3,0,0,1,4,0
2272,android,370,2,8.0,0,0,0,1,1,1,0
2273,android,135,3,8.0,3,0,1,1,0,1,1
2274,android,387,0,22.0,6,5,1,1,0,2,1
2275,android,229,2,3.0,2,1,1,1,1,1,0
2276,ios,538,6,1.0,4,2,1,1,3,0,0
2277,android,377,4,2.0,1,0,1,1,1,0,1
2278,android,384,5,9.0,2,1,1,1,1,1,0
2279,android,308,2,1.0,3,3,1,1,0,2,0
2280,android,444,1,7.0,3,1,1,1,0,2,0
2281,android,5,2,4.0,2,1,1,0,0,0,0
2282,web,354,5,5.0,4,2,0,0,1,1,0
2283,android,686,1,4.0,2,0,0,1,1,3,0
2284,android,63,2,3.0,3,0,1,1,0,0,1
2285,android,189,4,5.0,3,2,1,0,0,1,0
2286,ios,519,1,5.0,4,2,0,1,0,2,0
2287,android,633,1,1.0,1,0,1,1,1,5,0
2288,android,89,4,0.0,4,2,1,1,1,1,0
2289,android,330,3,0.0,5,4,0,0,0,4,0
2290,ios,714,6,1.0,0,0,1,0,2,0,0
2291,android,517,2,5.0,2,2,1,0,0,2,0
2292,ios,192,4,5.0,7,4,1,1,1,0,0
2293,web,293,6,3.0,3,1,1,1,0,0,0
2294,android,525,4,5.0,3,2,1,0,0,1,0
2295,android,282,0,56.0,4,2,1,1,0,1,1
2296,android,509,2,1.0,5,2,1,1,1,0,0
2297,android,229,2,1.0,1,0,1,0,0,0,0
2298,android,519,4,6.0,4,3,1,0,0,2,0
2299,ios,494,3,2.0,3,0,1,0,1,2,0
2300,android,52,2,1.0,2,1,1,1,1,1,0
2301,ios,518,8,14.0,2,1,1,1,0,0,0
2302,android,68,5,1.0,2,1,0,1,0,1,1
2303,android,517,1,2.0,0,0,1,1,1,0,0
2304,android,426,4,3.0,3,0,0,0,0,0,0
2305,ios,253,4,7.0,2,1,1,1,0,1,0
2306,android,243,0,32.0,3,0,0,0,0,3,1
2307,android,71,4,2.0,3,2,1,1,2,3,0
2308,android,41,3,1.0,1,1,1,1,1,2,0
2309,android,182,6,1.0,3,2,1,1,1,1,0
2310,android,395,4,0.0,3,2,1,1,3,0,0
2311,ios,253,1,3.0,2,0,0,1,1,0,0
2312,ios,508,4,0.0,5,2,0,0,0,1,1
2313,android,270,4,7.0,3,1,1,1,0,0,1
2314,ios,210,4,1.0,5,3,1,1,0,3,0
2315,android,682,3,5.0,1,0,0,1,0,2,0
2316,android,229,14,3.0,1,0,0,1,0,0,0
2317,android,627,7,3.0,9,8,1,0,0,0,0
2318,android,344,2,5.0,3,1,1,1,0,1,0
2319,android,154,1,2.0,2,0,1,1,0,0,1
2320,android,622,0,3.0,0,0,1,1,0,1,1
2321,android,499,0,37.0,2,0,1,1,0,1,0
2322,android,311,3,2.0,3,1,0,1,1,3,0
2323,android,144,3,8.0,0,0,0,0,1,1,0
2324,ios,61,4,1.0,3,2,1,1,0,4,0
2325,ios,346,5,1.0,1,0,1,0,1,1,0
2326,android,273,4,1.0,0,0,1,0,0,2,1
2327,ios,456,6,15.0,4,0,1,1,0,1,0
2328,ios,5,5,2.0,2,2,0,1,0,0,0
2329,ios,300,5,2.0,1,1,0,0,2,1,1
2330,android,224,2,11.0,6,3,1,0,2,2,1
2331,android,670,1,2.0,3,0,0,1,0,0,1
2332,android,358,10,1.0,4,2,1,1,0,2,0
2333,ios,176,2,12.0,5,1,0,1,2,3,0
2334,android,675,5,2.0,2,1,1,1,1,1,0
2335,ios,146,0,1.0,3,1,1,1,2,0,0
2336,android,42,2,1.0,7,6,1,1,1,0,1
2337,android,20,2,8.0,1,0,1,1,0,2,0
2338,ios,533,3,0.0,5,4,1,0,2,2,1
2339,web,172,8,6.0,3,2,1,1,2,1,0
2340,ios,263,2,0.0,2,1,1,0,1,1,0
2341,web,28,2,1.0,3,2,1,1,2,0,0
2342,android,647,3,1.0,3,2,1,1,0,2,1
2343,android,622,4,1.0,2,2,1,1,0,3,0
2344,android,692,1,1.0,2,2,1,1,1,2,0
2345,ios,525,1,0.0,5,3,0,0,0,3,0
2346,android,190,9,3.0,2,2,1,1,3,1,0
2347,android,606,6,4.0,5,1,1,0,3,4,0
2348,web,467,0,16.0,4,1,0,1,2,1,0
2349,android,298,1,10.0,2,2,1,1,0,0,0
2350,android,141,0,45.0,2,1,1,1,0,0,1
2351,ios,391,5,10.0,2,0,1,1,1,0,0
2352,android,341,0,26.0,4,2,1,0,0,1,0
2353,android,463,0,10.0,3,0,1,1,2,0,1
2354,android,153,1,0.0,1,1,1,1,2,4,0
2355,android,314,3,0.0,0,0,0,1,0,1,1
2356,android,21,4,0.0,2,2,1,1,2,0,0
2357,android,620,0,15.0,3,2,0,1,1,0,1
2358,ios,314,14,3.0,0,0,1,1,0,1,0
2359,android,277,1,1.0,0,0,1,1,0,1,0
2360,android,90,3,1.0,1,1,1,1,1,1,1
2361,web,455,1,1.0,3,3,1,1,1,2,0
2362,android,219,3,2.0,3,3,1,0,1,1,0
2363,android,241,3,1.0,5,4,1,1,0,4,0
2364,android,427,5,3.0,3,2,1,1,1,5,0
2365,ios,682,2,3.0,3,1,1,0,1,0,1
2366,ios,65,6,2.0,8,6,1,0,2,1,0
2367,android,313,2,3.0,2,1,1,0,2,0,0
2368,android,2,5,0.0,2,1,1,0,0,1,0
2369,android,165,2,8.0,3,0,1,0,0,0,0
2370,android,610,2,0.0,4,2,0,0,0,1,1
2371,android,544,8,3.0,4,1,0,0,2,2,0
2372,android,634,0,13.0,1,1,1,1,0,1,0
2373,ios,469,1,4.0,0,0,0,1,1,2,0
2374,web,227,9,1.0,5,3,1,0,0,1,0
2375,android,552,0,1.0,2,2,1,0,1,1,0
2376,android,309,4,1.0,10,9,1,1,1,2,0
2377,android,474,3,3.0,2,1,1,0,0,1,0
2378,android,347,0,8.0,2,1,1,0,0,1,1
2379,ios,527,8,11.0,5,4,0,0,1,3,0
2380,android,505,1,3.0,0,0,1,1,0,1,1
2381,android,412,0,60.0,1,1,1,1,3,3,1
2382,android,500,3,7.0,1,1,0,1,0,3,0
2383,android,134,0,34.0,2,1,1,1,1,1,0
2384,android,106,0,24.0,4,2,1,1,2,1,1
2385,ios,141,4,1.0,4,4,0,0,0,1,0
2386,ios,275,3,4.0,0,0,1,1,1,1,0
2387,ios,694,3,4.0,6,2,1,0,0,1,1
2388,android,280,5,3.0,2,0,0,1,0,2,0
2389,ios,528,2,0.0,3,0,1,1,2,2,0
2390,web,308,4,2.0,2,1,1,1,1,1,0
2391,android,61,3,3.0,2,0,1,1,1,2,0
2392,android,82,6,2.0,0,0,1,1,1,0,0
2393,web,348,7,0.0,1,0,1,0,1,1,0
2394,android,76,2,5.0,6,2,1,1,0,1,1
2395,web,178,3,1.0,2,1,1,1,1,0,1
2396,ios,680,7,8.0,2,2,1,0,3,0,0
2397,ios,452,7,6.0,5,4,0,1,0,1,0
2398,android,630,4,1.0,1,1,1,1,3,2,0
2399,web,604,3,2.0,5,2,0,0,1,0,1
2400,web,682,1,0.0,5,2,0,1,2,2,0
2401,ios,577,4,3.0,2,2,1,1,1,0,0
2402,ios,44,2,2.0,2,1,1,0,1,1,0
2403,ios,62,9,0.0,0,0,1,0,0,0,0
2404,android,30,8,2.0,4,2,1,1,0,1,0
2405,ios,566,1,1.0,3,1,1,0,1,1,0
2406,android,659,1,1.0,4,4,1,1,2,1,0
2407,android,676,11,6.0,1,1,1,1,0,0,1
2408,android,533,18,2.0,1,0,0,1,1,2,0
2409,android,568,2,3.0,1,0,1,0,1,0,0
2410,android,553,2,3.0,3,2,1,1,0,3,1
2411,ios,360,1,2.0,4,2,0,1,0,4,0
2412,web,160,0,1.0,2,2,1,0,0,1,1
2413,ios,700,14,4.0,3,2,0,0,2,2,0
2414,android,349,1,0.0,4,1,1,0,0,3,0
2415,android,197,5,2.0,1,1,1,0,0,0,0
2416,ios,44,2,1.0,2,0,1,1,0,2,0
2417,android,300,3,1.0,2,2,1,0,1,3,0
2418,android,191,3,3.0,5,4,1,1,2,1,0
2419,android,584,1,4.0,3,2,1,0,3,0,1
2420,web,155,0,2.0,8,8,1,1,0,2,0
2421,android,200,0,5.0,1,1,0,0,0,3,0
2422,web,179,0,13.0,0,0,1,1,0,1,0
2423,android,510,1,1.0,3,3,1,0,0,2,1
2424,android,32,3,7.0,2,1,1,0,0,1,0
2425,android,478,5,8.0,3,1,1,1,0,0,0
2426,android,394,0,14.0,8,2,1,1,2,0,0
2427,android,638,1,1.0,6,3,1,1,1,1,0
2428,android,62,6,1.0,2,0,0,1,0,1,0
2429,android,654,0,12.0,5,3,1,1,0,0,1
2430,android,459,0,7.0,3,2,1,1,2,2,0
2431,web,98,7,2.0,2,1,1,1,1,1,0
2432,ios,76,1,4.0,5,5,1,1,0,2,0
2433,ios,212,1,0.0,2,1,0,0,0,2,1
2434,android,649,1,2.0,2,0,1,1,1,1,0
2435,android,280,1,6.0,2,2,1,1,0,0,0
2436,android,145,2,3.0,3,1,1,1,1,2,0
2437,android,350,1,1.0,1,1,1,0,0,2,0
2438,android,469,0,10.0,3,2,1,0,1,2,1
2439,ios,373,2,0.0,3,3,1,0,2,2,0
2440,ios,554,2,2.0,5,0,1,0,1,1,1
2441,android,484,0,12.0,0,0,0,0,2,1,1
2442,android,695,0,17.0,5,3,1,0,1,1,0
2443,android,297,2,3.0,1,1,1,1,0,1,1
2444,ios,469,2,2.0,2,0,1,0,2,0,0
2445,ios,312,1,2.0,3,0,0,1,0,2,0
2446,ios,516,15,0.0,4,1,1,1,0,0,0
2447,android,89,9,0.0,3,0,1,1,1,4,0
2448,ios,591,2,1.0,3,0,1,0,1,2,0
2449,android,615,2,1.0,0,0,1,0,0,2,1
2450,android,576,3,1.0,3,1,0,1,2,1,0
2451,ios,377,2,2.0,4,1,1,0,2,4,0
2452,ios,694,5,0.0,2,2,1,0,0,1,0
2453,android,409,0,10.0,3,0,1,1,1,0,1
2454,android,317,5,1.0,6,3,0,0,0,1,1
2455,android,535,1,7.0,1,0,0,0,0,0,0
2456,android,280,9,2.0,5,3,1,1,0,0,0
2457,android,549,3,0.0,1,0,1,1,1,2,0
2458,android,234,3,0.0,1,1,1,1,3,3,0
2459,android,187,6,0.0,4,3,0,1,1,4,0
2460,android,450,8,1.0,5,2,1,0,2,1,0
2461,android,48,5,1.0,2,1,1,1,1,0,1
2462,android,273,0,1.0,3,0,1,1,0,2,0
2463,android,528,3,3.0,2,1,1,0,1,2,0
2464,android,260,9,1.0,2,2,1,1,0,1,0
2465,android,625,8,3.0,5,3,1,1,0,1,0
2466,android,523,2,2.0,3,0,0,1,1,1,0
2467,android,707,6,0.0,2,0,0,0,0,0,0
2468,ios,203,2,1.0,3,0,0,1,0,2,0
2469,ios,350,5,4.0,5,2,1,1,0,0,0
2470,ios,16,0,6.0,1,1,0,0,1,1,0
2471,android,45,7,4.0,2,2,0,1,1,0,0
2472,android,591,1,1.0,6,6,1,1,2,0,0
2473,ios,463,4,2.0,2,2,0,1,1,0,0
2474,android,463,0,1.0,6,4,1,1,0,1,0
2475,android,188,2,5.0,4,4,1,0,2,3,0
2476,android,186,2,1.0,5,4,1,0,2,3,0
2477,ios,368,4,1.0,2,2,1,0,0,1,0
2478,android,394,3,5.0,0,0,1,1,0,4,1
2479,android,694,3,0.0,3,0,0,0,0,0,1
2480,ios,57,5,0.0,3,2,1,0,0,0,0
2481,ios,50,1,2.0,1,1,1,1,2,0,0
2482,android,378,2,2.0,3,1,0,1,0,0,1
2483,android,367,2,3.0,0,0,0,1,2,1,1
2484,web,516,3,3.0,3,0,1,0,1,0,0
2485,ios,624,1,1.0,5,3,1,0,1,0,1
2486,ios,558,2,2.0,6,6,1,1,1,6,0
2487,android,713,2,1.0,2,2,1,1,0,2,0
2488,ios,503,2,1.0,3,1,1,1,0,1,0
2489,android,92,0,9.0,0,0,1,0,1,1,1
2490,android,82,4,4.0,5,5,1,1,1,0,0
2491,android,60,7,0.0,5,5,1,1,0,2,0
2492,android,418,1,3.0,5,4,1,0,1,1,0
2493,android,17,13,3.0,6,5,1,1,1,0,0
2494,android,131,3,1.0,5,1,1,1,0,0,1
2495,android,609,1,0.0,1,1,0,0,0,0,1
2496,android,15,9,3.0,1,1,1,0,0,0,0
2497,android,247,0,26.0,2,1,1,1,1,0,1
2498,android,664,7,0.0,3,0,1,1,1,3,0
2499,ios,96,1,9.0,2,1,1,1,1,1,0
2500,android,32,3,0.0,4,2,0,1,0,4,0
2501,android,27,2,0.0,3,2,0,0,0,1,0
2502,android,695,6,2.0,4,2,0,0,1,1,0
2503,android,462,2,2.0,2,1,1,1,0,1,0
2504,ios,147,6,3.0,4,3,1,1,1,1,0
2505,android,262,0,2.0,4,2,1,0,0,3,0
2506,android,123,0,7.0,6,4,1,1,1,0,0
2507,ios,541,2,2.0,1,1,1,0,1,0,1
2508,android,632,10,5.0,2,2,1,0,0,0,0
2509,android,474,2,1.0,1,1,1,0,0,1,0
2510,android,499,1,1.0,3,3,0,1,0,3,1
2511,android,452,10,4.0,2,1,1,0,1,1,0
2512,android,133,2,1.0,2,1,1,1,0,2,0
2513,android,573,10,0.0,3,2,1,0,1,0,0
2514,android,146,6,1.0,3,1,1,1,2,1,0
2515,android,248,1,1.0,4,3,1,1,0,2,0
2516,ios,248,1,1.0,3,0,1,1,1,0,1
2517,android,283,7,5.0,6,1,0,1,1,3,0
2518,android,122,2,3.0,2,0,0,1,4,2,0
2519,ios,485,1,2.0,0,0,1,1,2,0,0
2520,android,75,3,2.0,3,2,1,0,3,1,1
2521,android,213,5,2.0,5,5,0,1,1,0,0
2522,android,307,1,1.0,5,4,0,0,0,0,1
2523,android,236,2,2.0,4,0,1,1,2,1,1
2524,android,29,1,3.0,4,4,1,1,1,2,0
2525,ios,609,3,2.0,2,2,1,0,0,1,0
2526,android,623,0,60.0,6,6,1,1,2,1,1
2527,android,100,2,3.0,2,2,1,1,1,1,1
2528,android,265,1,3.0,6,1,1,1,0,2,1
2529,android,131,5,2.0,7,3,1,0,0,1,0
2530,android,240,3,1.0,2,2,0,1,2,1,0
2531,android,599,7,0.0,2,1,1,1,2,1,0
2532,ios,217,6,2.0,3,3,0,1,1,0,0
2533,android,430,2,3.0,2,1,1,0,0,1,1
2534,ios,563,1,0.0,2,2,1,1,0,3,0
2535,web,507,3,2.0,5,2,1,1,1,2,0
2536,web,269,3,1.0,1,0,0,1,1,1,0
2537,web,38,2,2.0,5,5,1,1,0,3,0
2538,android,483,1,3.0,6,2,1,1,2,0,0
2539,ios,164,1,1.0,6,3,0,1,0,0,1
2540,android,675,3,3.0,2,0,1,1,1,0,0
2541,android,6,1,5.0,0,0,1,0,2,0,0
2542,ios,110,3,1.0,5,1,1,1,0,0,0
2543,web,128,2,1.0,2,2,1,0,2,1,0
2544,ios,607,0,18.0,4,3,1,1,1,2,1
2545,android,472,6,3.0,5,5,1,1,0,0,0
2546,android,334,4,1.0,2,2,0,1,1,0,0
2547,android,634,4,0.0,2,0,1,1,1,0,0
2548,android,54,0,6.0,1,1,0,0,2,1,0
2549,web,519,1,1.0,5,0,1,1,0,0,0
2550,web,601,2,3.0,2,1,1,1,0,0,1
2551,ios,556,5,0.0,4,4,0,1,0,1,0
2552,android,565,0,5.0,4,3,1,1,0,1,0
2553,android,361,3,4.0,2,1,1,1,0,2,0
2554,android,495,1,1.0,7,3,1,0,2,1,0
2555,web,643,3,1.0,2,2,0,1,1,0,0
2556,android,484,4,3.0,2,2,1,0,1,1,1
2557,ios,346,3,2.0,2,0,0,0,1,1,0
2558,ios,383,4,9.0,2,1,1,1,1,1,0
2559,android,656,1,3.0,3,2,0,1,1,0,1
2560,android,173,1,0.0,4,0,0,1,0,0,0
2561,android,455,10,11.0,4,4,1,1,0,0,0
2562,android,467,10,0.0,5,3,1,0,3,2,0
2563,android,505,5,3.0,4,1,1,1,1,2,0
2564,web,64,4,6.0,4,3,1,0,0,2,0
2565,android,623,6,1.0,4,2,1,1,2,1,0
2566,web,665,1,0.0,5,3,1,0,0,2,0
2567,android,591,1,1.0,1,0,1,1,1,1,0
2568,android,213,2,4.0,3,1,1,1,1,1,1
2569,ios,225,6,2.0,2,1,1,1,0,2,0
2570,ios,147,1,1.0,3,1,1,0,2,2,1
2571,ios,478,2,1.0,2,2,0,1,0,1,1
2572,web,472,1,2.0,2,0,1,1,1,5,0
2573,ios,17,6,2.0,3,1,1,1,0,5,0
2574,android,127,0,26.0,4,1,0,0,1,2,0
2575,android,119,2,3.0,1,1,1,0,1,4,0
2576,web,136,3,4.0,1,1,0,1,0,0,1
2577,android,661,2,5.0,3,0,0,0,1,0,1
2578,android,459,0,8.0,5,4,1,1,0,2,1
2579,ios,228,3,1.0,4,3,1,1,0,3,0
2580,android,585,2,1.0,3,2,0,0,1,2,0
2581,android,119,4,3.0,4,1,0,0,0,0,0
2582,android,178,4,1.0,5,1,0,1,0,1,0
2583,ios,60,6,3.0,6,3,1,0,1,1,0
2584,android,340,1,2.0,6,2,0,0,1,1,0
2585,android,643,1,1.0,1,1,1,1,0,0,0
2586,android,8,1,8.0,3,3,1,1,2,1,0
2587,web,662,0,6.0,2,2,1,1,2,5,0
2588,ios,684,3,4.0,1,0,1,1,3,3,0
2589,android,12,1,0.0,5,2,1,1,1,0,0
2590,android,56,6,2.0,5,1,1,0,0,3,0
2591,ios,538,7,6.0,2,0,1,0,1,1,0
2592,android,426,2,6.0,5,2,1,1,0,1,1
2593,ios,319,1,2.0,3,0,1,1,0,1,0
2594,android,65,0,20.0,4,1,1,0,1,3,0
2595,android,227,1,0.0,5,3,1,1,0,1,1
2596,ios,681,4,6.0,2,0,1,1,3,2,0
2597,android,227,8,0.0,4,4,1,1,0,0,0
2598,android,71,2,5.0,3,3,1,1,1,2,0
2599,android,255,8,0.0,3,0,0,1,2,1,0
2600,ios,203,1,0.0,5,2,1,1,0,0,0
2601,android,601,5,9.0,3,3,1,0,0,0,1
2602,android,190,5,3.0,3,2,1,0,0,2,0
2603,ios,625,8,7.0,1,1,1,0,0,4,0
2604,android,317,0,29.0,3,1,1,1,2,1,1
2605,web,566,0,21.0,3,2,1,1,1,1,0
2606,ios,435,5,3.0,4,1,0,1,0,0,0
2607,web,2,0,4.0,3,2,1,1,0,2,1
2608,ios,403,2,1.0,5,3,1,1,1,3,0
2609,android,576,0,26.0,0,0,0,1,0,1,1
2610,web,253,2,4.0,6,4,1,1,1,0,0
2611,ios,506,1,1.0,1,1,1,1,0,2,0
2612,android,84,8,3.0,4,3,1,1,0,0,1
2613,ios,478,1,3.0,3,0,1,1,1,1,0
2614,android,651,3,2.0,2,2,1,1,1,1,0
2615,android,278,1,1.0,4,2,1,1,1,3,0
2616,ios,354,1,0.0,3,3,1,0,0,2,0
2617,web,8,0,21.0,2,2,0,1,1,0,1
2618,android,597,4,1.0,2,2,1,1,0,0,1
2619,android,307,6,4.0,6,0,1,0,0,2,0
2620,web,602,1,12.0,2,1,0,1,1,0,1
2621,ios,328,1,2.0,2,2,1,1,1,0,1
2622,android,494,4,10.0,2,2,1,1,1,1,0
2623,android,563,3,0.0,2,1,1,1,2,1,0
2624,ios,504,1,0.0,4,1,1,1,1,2,0
2625,ios,659,6,1.0,3,2,1,1,1,0,0
2626,web,594,0,10.0,6,4,1,0,1,1,1
2627,android,485,0,3.0,3,1,0,1,0,1,0
2628,ios,44,0,19.0,1,1,0,1,0,1,1
2629,android,658,2,2.0,3,3,1,1,3,1,0
2630,ios,329,0,22.0,1,1,1,1,3,1,1
2631,android,588,1,5.0,2,0,0,1,3,3,1
2632,web,626,3,0.0,3,3,1,0,2,0,0
2633,android,15,5,3.0,4,0,0,1,0,1,1
2634,ios,663,6,5.0,4,0,1,1,0,1,0
2635,android,126,1,3.0,4,4,1,0,0,2,1
2636,android,220,2,2.0,3,1,0,0,0,0,1
2637,ios,683,3,2.0,1,1,1,1,0,2,0
2638,android,179,2,0.0,4,1,0,0,0,3,0
2639,android,586,15,1.0,2,2,0,1,0,0,0
2640,ios,439,2,3.0,2,1,1,1,0,1,0
2641,ios,645,0,21.0,4,2,1,1,0,2,1
2642,ios,226,5,10.0,3,2,1,1,0,3,0
2643,android,401,1,3.0,4,4,1,0,1,2,0
2644,web,442,2,5.0,1,1,1,0,0,1,0
2645,ios,150,9,0.0,1,1,1,1,0,1,0
2646,android,79,3,8.0,5,4,0,0,2,1,0
2647,android,717,2,0.0,4,3,1,1,1,2,0
2648,android,374,9,1.0,3,2,1,1,0,0,0
2649,android,490,4,2.0,7,0,1,1,2,0,0
2650,ios,404,2,0.0,2,0,1,0,0,0,0
2651,android,547,6,6.0,4,0,1,1,0,0,1
2652,android,697,7,2.0,1,0,1,0,2,2,0
2653,ios,426,1,3.0,3,3,1,0,1,2,0
2654,android,672,2,4.0,2,1,1,1,0,0,0
2655,android,266,1,3.0,3,3,0,1,1,0,1
2656,ios,255,1,0.0,2,2,1,1,2,1,0
2657,ios,74,0,17.0,4,0,1,0,1,0,1
2658,web,449,0,16.0,0,0,1,1,1,0,1
2659,android,709,11,2.0,3,1,1,1,1,1,0
2660,android,4,2,17.0,4,2,1,1,2,0,1
2661,android,226,3,3.0,2,1,0,1,3,1,0
2662,android,433,5,9.0,0,0,1,1,1,2,0
2663,android,471,7,4.0,1,1,1,1,3,0,0
2664,ios,333,4,0.0,5,3,0,0,0,1,1
2665,ios,347,5,1.0,1,0,1,1,1,2,0
2666,android,184,4,0.0,1,1,1,1,0,1,1
2667,web,76,2,4.0,0,0,1,1,0,1,0
2668,ios,322,0,21.0,2,2,0,1,0,2,1
2669,web,594,2,1.0,3,0,1,1,1,1,1
2670,android,719,2,0.0,4,4,1,0,2,4,0
2671,android,563,1,0.0,1,1,0,0,0,0,1
2672,android,412,1,2.0,3,1,1,0,2,1,0
2673,web,277,4,1.0,5,5,0,0,0,1,0
2674,android,59,5,0.0,3,1,0,0,1,1,1
2675,android,363,4,1.0,4,2,0,1,0,2,1
2676,android,251,4,2.0,1,1,1,1,0,2,0
2677,android,396,1,4.0,3,3,0,1,0,1,0
2678,ios,256,5,1.0,2,2,1,0,0,0,0
2679,ios,218,1,2.0,4,2,0,1,1,1,0
2680,android,457,5,7.0,2,0,1,1,1,2,0
2681,ios,24,1,1.0,2,0,0,0,0,4,1
2682,android,137,0,25.0,4,2,1,1,0,1,1
2683,android,62,0,18.0,0,0,0,0,3,1,0
2684,android,500,1,5.0,4,2,0,0,1,1,1
2685,ios,589,1,7.0,2,2,1,0,1,1,0
2686,android,305,2,6.0,6,3,1,1,0,2,0
2687,android,113,0,52.0,7,7,1,0,0,1,0
2688,android,100,5,2.0,7,3,1,1,0,2,1
2689,android,168,3,8.0,2,0,0,1,0,0,1
2690,android,166,0,9.0,1,0,1,1,0,0,0
2691,ios,532,2,2.0,6,2,0,1,1,3,1
2692,web,51,4,2.0,3,1,1,1,1,2,0
2693,web,452,0,57.0,4,3,1,0,2,2,1
2694,android,368,3,5.0,1,0,0,0,0,2,1
2695,ios,309,4,1.0,5,3,0,0,1,2,0
2696,ios,380,5,5.0,4,1,1,1,3,0,0
2697,android,520,7,1.0,1,0,1,1,0,1,0
2698,android,445,7,3.0,2,2,0,1,1,2,0
2699,ios,587,4,1.0,4,3,0,1,2,3,0
2700,ios,358,4,4.0,3,3,0,1,1,2,0
2701,android,409,6,0.0,1,0,0,1,1,2,0
2702,ios,33,4,4.0,4,2,0,1,0,1,0
2703,android,315,10,4.0,5,4,1,1,0,1,0
2704,ios,487,1,3.0,2,1,1,0,1,1,1
2705,ios,512,3,0.0,3,2,1,0,1,1,0
2706,web,263,1,1.0,3,1,1,1,1,1,0
2707,android,572,3,1.0,1,1,0,1,1,2,0
2708,android,517,2,1.0,0,0,1,0,0,0,1
2709,ios,284,1,1.0,5,2,1,1,1,1,0
2710,android,191,1,11.0,4,3,0,1,0,0,1
2711,android,250,5,2.0,3,3,0,0,1,0,0
2712,android,54,2,2.0,6,3,1,0,1,1,0
2713,android,646,1,2.0,3,2,1,1,0,0,1
2714,android,657,4,2.0,5,5,0,1,2,1,0
2715,android,710,2,4.0,3,3,1,1,0,1,0
2716,android,53,7,0.0,0,0,0,0,2,1,0
2717,web,271,1,3.0,1,1,1,0,0,1,0
2718,android,75,4,0.0,3,1,1,1,0,1,0
2719,android,507,4,7.0,1,1,1,1,1,0,0
2720,android,655,3,2.0,1,1,1,1,1,3,0
2721,android,391,17,3.0,0,0,0,1,2,0,0
2722,ios,428,1,2.0,4,4,1,1,2,2,0
2723,android,396,2,0.0,6,5,1,1,0,0,0
2724,web,135,1,3.0,4,1,1,1,0,1,0
2725,android,159,2,2.0,7,2,1,1,1,2,1
2726,android,45,2,1.0,2,1,1,1,0,2,1
2727,android,88,1,0.0,3,1,1,0,1,2,0
2728,android,379,3,2.0,2,1,1,1,3,1,0
2729,ios,244,6,3.0,1,0,1,1,0,7,0
2730,android,159,4,1.0,6,3,0,1,1,1,1
2731,android,538,9,6.0,2,2,0,1,0,2,0
2732,android,302,0,1.0,5,4,1,1,0,0,0
2733,ios,243,2,1.0,2,1,1,0,4,3,0
2734,android,654,5,8.0,2,2,1,1,0,0,1
2735,android,441,1,2.0,3,0,1,1,1,5,0
2736,web,274,1,7.0,4,4,1,1,1,2,0
2737,ios,153,4,11.0,1,1,1,0,2,0,0
2738,android,354,4,0.0,2,1,1,1,3,2,0
2739,android,552,5,0.0,1,1,1,1,1,0,0
2740,android,675,3,0.0,4,0,1,1,0,1,0
2741,android,555,2,1.0,6,5,1,1,1,0,0
2742,web,358,3,7.0,2,1,1,0,0,0,1
2743,ios,129,1,4.0,2,1,1,1,2,2,1
2744,android,465,4,5.0,3,2,1,0,0,1,0
2745,android,615,5,6.0,2,2,1,1,2,1,0
2746,android,560,4,8.0,1,0,1,0,1,4,0
2747,android,84,6,7.0,2,0,1,1,1,1,0
2748,android,147,5,0.0,3,2,1,0,0,2,0
2749,android,392,2,4.0,1,1,1,1,3,3,0
2750,android,164,2,2.0,5,1,1,1,0,0,1
2751,android,129,1,1.0,2,2,1,1,0,0,1
2752,web,530,1,2.0,4,1,1,1,1,1,1
2753,android,295,5,0.0,2,1,1,1,0,0,0
2754,android,92,8,3.0,4,3,1,0,1,0,0
2755,ios,422,2,2.0,3,2,0,1,2,3,0
2756,android,160,1,2.0,2,2,1,0,1,0,1
2757,web,481,2,0.0,3,3,1,0,1,1,0
2758,web,360,8,1.0,1,1,1,0,1,1,0
2759,android,76,0,13.0,3,1,1,0,2,0,1
2760,android,362,3,1.0,5,3,1,0,0,2,0
2761,android,318,4,1.0,2,2,1,1,0,0,1
2762,android,359,1,1.0,4,2,1,0,0,2,1
2763,android,718,0,4.0,7,5,1,1,0,2,0
2764,android,234,4,0.0,3,3,1,1,1,0,0
2765,ios,255,1,3.0,5,1,1,1,1,2,0
2766,ios,217,3,1.0,3,1,0,1,1,1,1
2767,ios,252,1,0.0,5,4,1,1,1,1,1
2768,android,36,2,2.0,5,5,1,1,0,0,0
2769,android,553,0,9.0,2,0,1,0,1,1,1
2770,android,680,4,7.0,4,3,0,1,0,2,0
2771,android,467,2,4.0,4,2,0,1,0,1,0
2772,ios,49,3,1.0,0,0,1,1,0,1,0
2773,android,683,3,1.0,3,0,0,1,1,2,1
2774,android,68,0,13.0,1,1,1,1,0,0,1
2775,ios,619,8,1.0,5,0,1,1,1,3,0
2776,android,711,4,1.0,5,5,1,1,0,0,0
2777,android,155,0,5.0,2,2,1,0,0,2,1
2778,android,114,0,1.0,1,0,1,0,3,2,0
2779,web,86,0,2.0,5,4,1,1,1,2,1
2780,android,416,2,1.0,3,1,0,1,0,2,0
2781,android,510,4,1.0,1,1,1,0,4,1,0
2782,android,91,0,14.0,9,9,1,1,1,0,0
2783,android,93,4,4.0,3,0,0,1,0,3,1
2784,android,115,2,0.0,6,2,0,1,1,3,0
2785,android,359,1,0.0,4,3,1,1,1,1,0
2786,android,91,3,2.0,3,1,1,1,0,0,0
2787,web,73,5,2.0,5,1,1,1,1,0,0
2788,ios,4,2,4.0,4,3,1,0,1,2,0
2789,web,644,0,1.0,2,1,1,0,1,3,0
2790,ios,429,0,30.0,3,2,0,0,2,1,1
2791,android,699,0,36.0,2,1,1,1,1,2,1
2792,ios,711,2,3.0,3,0,1,1,1,2,0
2793,ios,352,8,4.0,1,1,1,1,1,0,0
2794,android,530,7,6.0,2,0,1,0,0,3,0
2795,ios,215,4,11.0,6,5,1,1,0,1,0
2796,android,455,3,5.0,3,3,1,1,0,0,1
2797,android,99,2,0.0,6,5,1,1,1,1,1
2798,android,293,2,7.0,1,1,1,1,2,0,0
2799,android,491,3,1.0,4,3,0,1,1,0,0
2800,ios,259,2,11.0,4,0,1,1,2,1,0
2801,android,708,1,2.0,4,4,1,0,1,0,1
2802,android,511,3,3.0,2,2,1,1,1,2,0
2803,ios,625,1,7.0,3,1,1,1,2,1,0
2804,ios,625,5,10.0,3,3,1,1,2,1,0
2805,android,237,0,19.0,0,0,1,0,3,3,1
2806,ios,124,2,0.0,2,1,1,1,2,0,0
2807,ios,463,2,3.0,2,2,1,1,3,0,0
2808,web,413,3,0.0,0,0,1,0,1,3,0
2809,android,282,1,1.0,0,0,1,1,0,1,0
2810,android,419,4,5.0,1,0,1,1,1,1,0
2811,ios,689,0,6.0,4,3,1,1,0,1,0
2812,android,112,0,3.0,1,1,0,1,2,0,0
2813,android,160,3,1.0,0,0,1,0,1,0,0
2814,android,27,9,1.0,4,3,0,1,2,1,0
2815,android,583,5,1.0,3,2,1,0,0,0,0
2816,ios,296,1,9.0,3,2,1,1,1,0,0
2817,android,132,1,5.0,4,4,0,1,0,1,0
2818,android,183,2,4.0,3,2,1,1,1,4,0
2819,ios,486,4,5.0,3,2,1,1,0,0,0
2820,ios,26,3,6.0,3,2,1,1,0,2,1
2821,android,8,4,1.0,1,1,1,1,0,2,0
2822,android,358,2,1.0,5,3,0,1,0,0,0
2823,ios,322,4,3.0,0,0,0,1,0,0,0
2824,android,285,1,0.0,3,1,1,0,1,0,0
2825,android,8,6,3.0,3,1,1,1,0,2,0
2826,ios,287,3,4.0,5,2,0,1,0,1,1
2827,ios,237,0,43.0,2,1,1,1,1,2,1
2828,android,251,1,0.0,5,3,1,1,0,0,1
2829,android,507,2,1.0,3,2,0,0,1,0,1
2830,ios,575,4,6.0,5,2,1,1,1,0,1
2831,android,559,5,6.0,2,2,0,1,0,1,1
2832,ios,111,2,8.0,2,1,1,1,2,1,0
2833,android,586,4,2.0,8,7,1,1,0,0,0
2834,android,641,4,0.0,6,4,1,0,2,0,0
2835,ios,402,0,14.0,3,2,0,1,0,0,1
2836,android,671,9,2.0,1,1,1,1,3,0,0
2837,ios,403,1,5.0,1,1,1,1,1,1,1
2838,ios,502,3,0.0,5,4,1,0,0,5,0
2839,android,617,8,9.0,2,1,0,1,0,2,0
2840,android,220,3,0.0,3,2,1,1,2,2,0
2841,web,378,1,0.0,5,3,1,1,3,1,0
2842,android,492,8,1.0,4,2,1,1,1,2,0
2843,ios,563,3,1.0,3,2,1,1,1,1,0
2844,android,271,7,3.0,4,3,0,0,0,1,0
2845,android,29,7,0.0,2,1,1,0,2,3,0
2846,android,355,1,6.0,4,2,1,1,2,1,0
2847,android,338,8,0.0,1,0,1,1,0,2,0
2848,android,99,2,0.0,6,5,1,1,0,0,1
2849,android,200,4,1.0,1,0,0,1,0,1,1
2850,android,127,2,3.0,4,1,1,1,1,7,1
2851,android,546,3,3.0,1,0,0,0,1,2,0
2852,ios,593,0,60.0,0,0,1,0,3,1,1
2853,android,348,6,2.0,2,0,1,1,2,2,0
2854,android,508,4,0.0,3,1,1,1,2,3,0
2855,android,264,0,14.0,3,0,1,1,1,0,1
2856,android,667,4,0.0,2,1,0,0,0,2,0
2857,android,352,6,13.0,2,1,1,0,2,2,0
2858,web,635,4,6.0,2,2,0,1,0,1,0
2859,android,63,3,1.0,3,1,1,1,1,1,0
2860,android,356,2,2.0,3,2,1,1,1,2,0
2861,ios,646,1,1.0,2,1,1,1,1,1,0
2862,android,576,1,0.0,0,0,1,0,0,1,1
2863,web,637,1,1.0,4,2,1,1,0,1,0
2864,web,135,0,14.0,2,0,1,1,2,2,1
2865,android,205,6,12.0,4,2,1,1,1,2,0
2866,android,71,2,9.0,4,4,1,1,0,2,0
2867,ios,374,2,1.0,3,1,1,1,0,0,1
2868,android,114,3,0.0,2,1,1,1,0,1,0
2869,ios,151,6,13.0,5,5,0,0,0,0,0
2870,android,108,2,2.0,3,3,1,1,0,0,0
2871,web,140,5,4.0,4,0,1,0,0,1,0
2872,android,710,0,5.0,2,2,1,1,0,0,0
2873,android,525,2,2.0,2,2,1,0,0,1,0
2874,ios,62,2,2.0,3,2,1,1,0,3,0
2875,android,127,4,0.0,5,4,1,1,2,1,0
2876,android,244,0,14.0,1,1,1,1,1,3,1
2877,android,688,0,4.0,3,1,1,0,1,1,0
2878,android,386,3,1.0,1,0,1,1,1,2,0
2879,android,421,6,1.0,2,2,1,1,1,0,0
2880,android,631,3,2.0,5,2,1,1,0,0,0
2881,ios,587,5,8.0,4,3,1,1,1,2,0
2882,android,455,1,0.0,5,1,1,0,1,0,1
2883,android,230,0,20.0,6,1,0,1,2,1,1
2884,ios,297,2,1.0,9,4,0,1,2,1,0
2885,android,138,2,1.0,4,4,0,0,0,4,0
2886,android,490,0,1.0,2,1,1,1,1,3,1
2887,android,194,4,5.0,4,3,0,1,5,0,0
2888,android,601,7,2.0,3,0,1,1,1,5,0
2889,android,427,2,0.0,3,1,0,1,0,0,0
2890,android,114,3,3.0,8,4,1,1,0,0,0
2891,ios,592,1,9.0,4,3,1,1,0,1,0
2892,ios,151,2,1.0,1,1,1,1,1,0,0
2893,android,85,4,0.0,1,1,1,1,0,1,0
2894,android,241,4,2.0,3,3,1,0,1,2,0
2895,android,58,4,6.0,5,4,1,1,0,0,0
2896,ios,523,2,1.0,4,1,1,1,2,1,0
2897,web,287,1,0.0,3,0,1,1,0,2,1
2898,android,559,5,7.0,1,1,0,0,0,2,1
2899,ios,681,0,16.0,3,1,1,1,0,0,1
2900,ios,175,2,1.0,1,1,1,1,0,1,0
2901,ios,416,3,9.0,2,2,0,0,0,0,1
2902,android,689,0,5.0,3,2,0,1,1,0,0
2903,web,303,5,3.0,3,3,1,0,0,0,0
2904,ios,39,1,3.0,4,1,1,0,1,0,1
2905,web,319,12,0.0,1,1,1,0,0,0,0
2906,android,184,7,6.0,3,2,1,1,1,1,0
2907,ios,158,1,1.0,3,2,1,1,0,4,0
2908,ios,420,2,6.0,3,1,0,1,1,1,0
2909,ios,37,6,0.0,1,1,1,1,1,1,1
2910,android,558,0,10.0,4,2,0,0,1,2,1
2911,android,165,5,2.0,4,3,0,1,2,0,0
2912,android,703,0,4.0,3,2,1,1,4,0,1
2913,ios,484,4,1.0,3,3,1,0,1,0,0
2914,web,439,2,0.0,3,3,1,1,1,1,0
2915,android,220,0,9.0,7,4,1,0,0,2,1
2916,ios,549,11,0.0,7,6,1,0,1,5,0
2917,android,471,0,0.0,5,3,0,0,0,2,0
2918,android,256,9,11.0,2,2,0,1,2,1,0
2919,android,600,1,1.0,1,1,1,1,1,2,1
2920,android,163,3,2.0,5,4,1,1,1,0,0
2921,ios,558,0,18.0,1,1,0,1,0,0,1
2922,android,67,1,1.0,3,3,1,1,1,1,0
2923,ios,441,1,1.0,4,4,0,0,0,1,1
2924,android,429,0,2.0,5,4,1,1,0,1,0
2925,ios,481,3,1.0,2,2,1,0,1,1,0
2926,android,129,5,5.0,6,2,0,1,3,2,0
2927,android,531,4,11.0,1,0,1,1,1,0,0
2928,android,713,8,3.0,6,1,1,0,1,1,0
2929,android,260,5,7.0,2,0,1,1,0,1,0
2930,android,223,0,16.0,1,1,1,0,4,0,1
2931,android,606,1,1.0,0,0,1,1,2,0,0
2932,ios,247,4,0.0,2,1,1,0,1,1,0
2933,android,119,4,3.0,3,2,1,0,1,1,1
2934,ios,432,6,3.0,3,2,1,0,2,2,0
2935,ios,289,3,4.0,2,2,1,1,3,2,0
2936,ios,328,6,0.0,4,3,0,1,0,3,0
2937,android,17,3,1.0,3,2,1,1,0,1,0
2938,ios,18,10,9.0,4,1,0,1,0,2,0
2939,ios,101,5,2.0,5,5,0,0,0,1,0
2940,android,256,8,5.0,2,2,0,1,1,0,0
2941,android,706,3,3.0,4,4,1,0,2,2,0
2942,android,95,3,5.0,2,2,1,1,0,2,0
2943,ios,275,0,15.0,2,2,1,0,0,3,1
2944,android,23,1,2.0,1,0,1,1,1,3,0
2945,ios,683,1,4.0,3,0,1,1,0,3,1
2946,ios,306,0,49.0,5,4,0,1,1,1,1
2947,web,58,1,2.0,2,0,0,1,1,1,0
2948,ios,67,7,3.0,1,1,1,1,0,3,0
2949,android,550,2,1.0,2,1,1,0,2,1,0
2950,android,174,0,21.0,3,3,1,0,3,1,1
2951,web,103,2,2.0,1,1,1,1,0,1,1
2952,android,302,2,1.0,5,4,1,0,0,3,1
2953,android,691,6,1.0,3,1,1,0,2,1,0
2954,android,453,2,0.0,1,0,1,0,0,1,1
2955,android,589,1,9.0,2,1,1,1,0,1,1
2956,android,421,2,5.0,3,1,1,1,0,1,0
2957,ios,475,3,0.0,3,1,1,1,0,2,0
2958,android,229,2,2.0,4,3,0,1,1,1,0
2959,android,563,2,3.0,2,1,1,1,0,2,0
2960,android,621,7,7.0,4,2,1,0,1,1,0
2961,android,582,1,10.0,5,5,0,0,0,1,1
2962,ios,561,1,5.0,3,2,1,0,0,0,0
2963,android,299,3,0.0,4,2,1,0,0,0,1
2964,android,183,2,2.0,1,1,0,1,1,2,0
2965,android,436,0,11.0,1,1,1,1,1,0,1
2966,ios,117,2,0.0,5,1,1,1,3,1,0
2967,android,96,4,6.0,5,4,1,1,0,2,0
2968,android,155,6,7.0,3,0,1,1,1,0,0
2969,ios,63,3,2.0,3,3,1,0,0,1,0
2970,ios,409,2,4.0,0,0,1,1,0,1,0
2971,android,207,1,3.0,4,3,1,1,1,3,0
2972,android,710,1,0.0,5,5,1,1,2,1,1
2973,android,236,0,5.0,5,1,1,1,2,1,0
2974,android,5,0,20.0,1,1,1,1,0,0,1
2975,android,220,6,3.0,3,2,1,1,1,0,0
2976,android,576,7,1.0,8,5,1,0,0,0,0
2977,ios,360,1,16.0,2,2,1,1,1,2,1
2978,ios,496,4,3.0,6,3,0,0,0,2,1
2979,web,346,0,5.0,3,2,0,1,1,4,0
2980,android,651,3,0.0,1,1,0,0,1,3,0
2981,ios,17,1,2.0,2,1,0,1,0,0,1
2982,android,262,5,0.0,2,1,0,1,1,3,0
2983,android,575,0,1.0,3,1,0,1,0,4,1
2984,ios,275,6,2.0,4,2,1,0,1,1,0
2985,android,637,3,1.0,3,2,1,1,2,2,0
2986,android,599,0,12.0,5,4,1,0,0,2,0
2987,android,703,0,11.0,2,2,1,1,1,1,0
2988,android,517,1,3.0,2,2,1,0,0,0,1
2989,android,29,0,2.0,1,1,1,0,0,4,0
2990,ios,427,5,3.0,5,5,0,1,5,0,0
2991,android,225,3,0.0,3,3,1,1,1,2,0
2992,android,115,3,1.0,4,1,0,0,1,0,0
2993,android,347,1,3.0,2,1,1,0,1,1,0
2994,android,87,0,27.0,1,1,1,0,3,0,1
2995,ios,579,3,5.0,2,1,1,0,1,0,0
2996,android,207,0,30.0,3,3,1,1,1,2,1
2997,web,173,6,4.0,3,3,0,1,2,2,0
2998,android,110,2,3.0,4,4,1,0,0,6,0
2999,ios,666,4,3.0,5,2,1,1,0,3,0
