magnitude,depth_km,distance_km,vs30,building_vuln,mmi,pd_cm,tau_c_s
3.86,14.7,95.2,416.0,0.49,2.3,0.002307,0.137
3.25,28.8,294.0,304.0,0.95,1.0,0.000281,0.0752
7.3,15.2,251.0,354.0,0.05,6.06,0.248255,1.4324
3.29,27.8,230.4,573.0,0.56,1.0,0.000121,0.0712
3.09,18.4,320.3,775.0,0.71,1.0,0.000152,0.0791
4.44,39.0,192.7,889.0,0.06,1.21,0.00339,0.1388
3.4,8.1,8.5,322.0,0.31,5.0,0.011338,0.0732
3.44,21.8,229.1,821.0,0.11,1.0,0.000284,0.0754
3.02,34.0,142.4,198.0,0.47,1.42,0.000283,0.0913
3.61,9.5,225.8,315.0,0.42,1.4,0.000691,0.1256
3.83,19.7,134.1,333.0,0.93,2.13,0.000825,0.1815
3.18,22.9,73.4,751.0,0.15,1.0,0.000849,0.0873
4.34,15.9,138.5,288.0,0.28,2.98,0.00456,0.1759
3.17,36.3,14.7,777.0,0.92,2.19,0.00092,0.0875
3.63,22.9,42.4,166.0,0.94,4.37,0.001297,0.0957
3.1,14.5,363.9,843.0,0.72,1.0,4.3e-05,0.1451
3.74,33.8,299.5,448.0,0.48,1.0,0.000413,0.211
3.37,23.4,343.2,455.0,0.35,1.0,0.000127,0.0732
3.55,161.3,81.5,321.0,0.29,1.85,0.000412,0.1277
5.12,5.0,184.0,825.0,0.01,2.11,0.015778,0.5396
3.89,19.7,85.7,285.0,0.29,3.18,0.001,0.1099
3.72,16.7,149.0,451.0,0.04,1.4,0.000405,0.0946
5.27,17.2,343.4,721.0,0.28,2.05,0.003803,0.3215
4.62,3.5,91.3,431.0,0.69,4.38,0.005792,0.3053
3.93,18.4,12.5,209.0,0.38,5.45,0.015571,0.1143
3.26,10.9,303.2,289.0,0.27,1.0,0.000429,0.0706
4.15,29.9,143.1,506.0,0.04,1.63,0.004482,0.1256
3.13,7.2,33.4,343.0,0.21,3.48,0.002636,0.1176
8.5,64.9,263.3,589.0,0.88,7.24,1.924486,3.5124
3.19,16.3,284.1,261.0,0.13,1.0,0.000284,0.0777
4.98,11.4,159.9,683.0,0.14,2.81,0.009023,0.3531
4.52,21.5,157.4,623.0,0.22,2.22,0.003588,0.1513
3.26,5.3,53.1,837.0,1.0,1.33,0.000517,0.0895
4.44,7.3,280.7,697.0,0.01,1.0,0.001581,0.2441
3.04,26.3,214.2,747.0,0.14,1.0,6.7e-05,0.1026
4.08,12.9,122.2,259.0,0.12,2.36,0.001251,0.2972
3.96,17.6,268.3,275.0,0.34,1.43,0.000393,0.1679
3.05,2.8,396.5,785.0,0.59,1.0,5.4e-05,0.075
3.88,5.5,330.4,541.0,0.19,1.0,0.000546,0.1239
6.0,4.2,77.3,180.0,0.38,6.83,0.120432,0.5621
3.64,59.4,8.9,711.0,0.71,1.62,0.004553,0.1523
3.45,14.1,6.0,715.0,0.61,3.97,0.003392,0.1442
3.48,43.8,228.7,430.0,0.13,1.0,0.000781,0.1136
3.93,12.8,176.9,247.0,0.56,2.65,0.001017,0.1911
3.42,36.0,109.0,691.0,0.38,1.0,0.000972,0.0887
3.21,10.3,133.6,404.0,0.03,1.18,0.000657,0.0836
3.82,10.9,270.5,807.0,0.34,1.0,0.000828,0.1216
4.15,14.0,334.8,336.0,0.62,1.38,0.001363,0.1942
3.65,16.7,148.1,151.0,0.07,2.19,0.001039,0.137
4.79,3.2,61.5,892.0,0.27,3.2,0.010279,0.2287
3.12,15.3,260.3,691.0,0.36,1.0,0.000134,0.0887
3.28,7.3,97.9,719.0,0.15,1.0,0.001393,0.138
3.1,9.0,254.6,746.0,0.36,1.0,0.000173,0.1867
3.02,12.3,331.8,655.0,0.48,1.0,0.000364,0.0861
3.49,11.2,388.8,480.0,0.81,1.0,0.000115,0.104
3.7,14.5,317.0,500.0,0.19,1.0,0.000436,0.19
4.68,35.8,31.1,232.0,0.42,4.92,0.009695,0.2488
3.56,37.0,312.1,897.0,0.53,1.0,0.000233,0.1315
3.17,61.0,253.4,607.0,0.5,1.0,0.000202,0.0778
3.01,9.1,322.0,609.0,0.3,1.0,5.8e-05,0.1165
3.21,14.2,128.0,599.0,0.98,1.0,0.000361,0.1169
3.42,12.2,99.1,747.0,0.73,1.0,0.002117,0.1321
4.0,10.9,341.6,469.0,0.17,1.0,0.000804,0.2083
3.22,25.3,378.8,425.0,0.56,1.0,0.000258,0.1313
3.64,28.2,394.3,531.0,0.8,1.0,0.000993,0.1501
3.25,14.6,338.0,278.0,0.2,1.0,0.0003,0.0698
5.04,17.9,176.1,773.0,0.33,2.13,0.007108,0.5147
7.53,42.7,216.4,874.0,0.17,5.54,0.574465,2.1141
3.14,14.4,258.8,341.0,0.99,1.0,0.000259,0.1026
3.6,38.6,372.8,513.0,0.6,1.0,0.000201,0.2002
3.86,16.5,56.2,363.0,0.21,2.97,0.00443,0.1941
3.11,23.8,379.9,200.0,0.53,1.0,0.000124,0.1122
3.06,71.2,164.7,736.0,0.07,1.0,0.000206,0.1171
4.1,10.9,322.0,202.0,0.21,1.75,0.000769,0.092
4.62,22.2,72.0,188.0,0.05,4.59,0.007099,0.3228
3.6,45.2,29.6,735.0,0.45,2.32,0.000901,0.0872
3.51,18.9,200.6,449.0,0.31,1.0,0.000351,0.1264
3.41,48.3,111.2,562.0,0.02,1.32,0.000891,0.1351
3.54,127.9,352.7,214.0,0.16,1.0,0.000147,0.1202
4.81,52.7,257.2,683.0,0.56,1.85,0.002258,0.4537
3.44,16.5,202.8,786.0,0.34,1.0,0.000176,0.1093
4.02,9.2,81.1,345.0,0.58,3.21,0.001971,0.2187
3.06,20.5,45.3,184.0,0.68,3.04,0.000837,0.0729
4.9,11.3,302.0,331.0,0.95,3.05,0.004357,0.3348
3.21,9.6,299.3,518.0,0.3,1.0,0.000129,0.1258
4.13,31.1,173.4,490.0,0.36,1.92,0.001338,0.151
3.25,29.4,109.2,353.0,0.34,1.76,0.00057,0.0986
3.09,4.8,157.1,594.0,0.75,1.0,0.000839,0.1303
3.47,11.6,251.9,597.0,0.96,1.0,0.000417,0.0947
3.59,7.8,140.7,522.0,0.93,1.68,0.000455,0.1197
3.02,29.4,128.7,816.0,0.96,1.0,0.000136,0.1108
3.19,23.7,196.6,687.0,0.81,1.0,0.000223,0.0937
3.19,37.0,125.8,323.0,0.09,1.0,0.001545,0.1271
3.55,17.2,6.5,415.0,0.3,4.6,0.021321,0.1087
4.29,26.6,106.9,624.0,0.67,2.5,0.002723,0.2875
3.3,30.6,117.8,592.0,0.36,1.27,0.000345,0.1252
3.88,17.0,392.2,301.0,0.07,1.0,0.000443,0.191
4.58,35.3,89.5,676.0,0.06,3.57,0.003442,0.541
3.5,4.3,71.0,304.0,0.65,2.51,0.003397,0.0991
3.13,39.2,91.2,823.0,0.67,1.0,0.000627,0.0909
5.87,6.1,36.4,639.0,0.51,6.5,0.309763,0.6665
4.94,13.2,309.8,424.0,0.16,2.44,0.002255,0.3723
3.52,21.1,295.3,663.0,0.21,1.0,0.00076,0.1231
3.77,19.3,36.6,735.0,0.32,2.21,0.010581,0.1591
3.12,5.8,309.5,478.0,0.18,1.0,0.000135,0.0642
4.18,17.8,292.7,194.0,0.28,1.55,0.001155,0.1622
3.18,3.0,37.9,839.0,0.21,1.39,0.006133,0.107
3.24,14.1,65.9,851.0,0.33,1.16,0.000788,0.1092
3.71,11.7,43.6,653.0,0.89,3.03,0.002905,0.2268
6.02,55.1,240.8,555.0,0.44,4.4,0.031152,0.6722
3.2,13.3,149.5,605.0,0.45,1.0,0.000255,0.1179
3.3,9.3,238.5,355.0,0.26,1.0,0.000194,0.0879
3.1,9.5,110.2,278.0,0.77,1.96,0.000185,0.1292
3.28,8.5,190.8,490.0,0.47,1.0,0.000739,0.08
3.19,16.4,165.6,601.0,0.5,1.0,0.000584,0.084
3.29,19.6,59.5,550.0,0.57,1.79,0.001455,0.1085
3.81,59.2,11.7,702.0,0.19,2.55,0.005143,0.1208
5.25,6.0,114.8,199.0,0.97,4.34,0.014698,0.3576
3.48,26.1,285.5,230.0,0.14,1.0,0.000149,0.1074
4.89,5.5,399.8,758.0,0.36,1.06,0.000871,0.4237
3.63,13.1,10.5,757.0,0.41,4.03,0.006692,0.0827
3.37,39.8,195.1,490.0,0.37,1.0,0.000401,0.1298
3.06,42.9,256.7,823.0,0.15,1.0,7e-05,0.0678
3.25,32.3,345.5,823.0,0.71,1.0,0.000191,0.1018
3.46,10.6,122.8,385.0,0.51,1.36,0.000701,0.1163
3.6,35.1,156.6,579.0,0.01,1.0,0.000351,0.1386
3.97,54.5,235.0,517.0,0.02,1.2,0.001178,0.2305
3.6,5.6,57.5,453.0,0.1,3.15,0.00172,0.1301
5.12,10.8,181.4,340.0,0.62,3.61,0.012883,0.4965
4.57,17.8,231.5,736.0,0.97,1.66,0.004352,0.3241
4.09,20.3,12.9,682.0,0.69,3.96,0.010312,0.1936
6.57,21.4,263.5,335.0,0.97,5.26,0.024941,0.734
4.06,14.2,31.3,582.0,0.04,4.01,0.011024,0.2783
3.99,10.0,74.6,604.0,0.41,2.66,0.00674,0.2386
3.46,25.3,398.3,479.0,0.91,1.0,7.3e-05,0.0931
3.82,9.4,370.8,484.0,0.76,1.0,0.000504,0.192
3.09,14.7,81.4,234.0,0.19,2.09,0.001531,0.1109
4.57,24.3,198.1,579.0,0.17,1.72,0.003819,0.137
3.08,24.0,278.3,770.0,0.54,1.0,0.000248,0.1285
3.07,33.5,225.5,395.0,0.39,1.0,0.000205,0.0683
3.91,34.8,108.4,772.0,0.19,1.98,0.002018,0.1881
3.74,29.3,118.4,211.0,0.15,3.03,0.001158,0.1039
3.33,56.1,285.3,225.0,0.82,1.0,0.000217,0.096
3.9,5.9,113.1,327.0,0.87,2.54,0.001107,0.1567
4.4,20.1,59.6,276.0,0.1,3.77,0.012986,0.2353
3.13,20.1,236.5,729.0,0.16,1.0,0.00015,0.1441
4.85,14.3,197.4,839.0,0.83,1.57,0.006605,0.3017
3.86,17.1,161.3,339.0,0.08,1.65,0.000314,0.2206
3.57,23.1,325.0,577.0,0.75,1.0,0.000845,0.1157
3.97,13.2,87.3,534.0,0.04,2.39,0.009614,0.1718
3.87,85.7,309.4,726.0,0.36,1.0,0.000361,0.184
5.03,83.3,327.3,178.0,0.89,2.53,0.006363,0.3541
3.73,11.9,74.2,591.0,0.12,2.31,0.003214,0.1423
3.29,39.4,81.6,367.0,0.44,1.8,0.001174,0.0836
3.09,33.9,298.0,350.0,0.8,1.0,0.0002,0.0733
4.61,21.0,12.9,603.0,0.02,5.13,0.046546,0.3799
3.34,15.1,86.0,174.0,0.29,2.57,0.002463,0.0652
4.27,26.3,105.1,710.0,0.41,1.91,0.003118,0.3006
4.87,19.8,217.7,718.0,0.09,2.02,0.004056,0.3021
3.22,11.5,17.8,529.0,0.14,3.9,0.002999,0.1247
3.97,35.0,112.3,408.0,0.44,2.33,0.002482,0.1343
3.35,20.1,123.2,483.0,0.36,1.27,0.000261,0.0941
3.58,42.2,176.6,445.0,0.52,1.43,0.001102,0.1658
4.37,6.3,350.1,579.0,0.13,1.0,0.000737,0.2302
3.16,9.5,188.6,387.0,0.59,1.0,0.000322,0.0775
4.59,2.0,202.1,889.0,0.87,2.08,0.004622,0.4238
3.35,12.5,372.6,669.0,0.0,1.0,0.000362,0.1199
3.62,7.0,376.7,811.0,0.8,1.0,0.000406,0.1661
3.34,27.2,390.1,533.0,0.29,1.0,0.000161,0.184
3.72,38.0,230.7,274.0,0.12,1.36,0.000519,0.1177
3.37,18.6,60.7,684.0,0.52,1.98,0.00183,0.0956
4.56,35.0,97.4,292.0,0.02,3.13,0.008422,0.3242
3.02,9.9,95.9,169.0,0.38,1.33,0.001098,0.0914
3.32,6.5,378.5,535.0,0.74,1.0,9.6e-05,0.1268
3.8,50.5,344.5,578.0,0.36,1.0,0.000504,0.1449
3.58,37.4,119.7,436.0,0.23,1.54,0.000754,0.0647
4.35,30.4,263.4,814.0,0.22,1.0,0.000736,0.1847
3.37,13.1,120.7,774.0,0.84,1.0,0.001068,0.1576
3.33,38.2,85.8,646.0,0.15,1.0,0.00107,0.1788
4.44,27.7,223.0,182.0,0.11,2.96,0.004052,0.4029
3.01,135.1,374.1,247.0,0.08,1.0,4.6e-05,0.0875
3.38,2.1,375.1,864.0,0.64,1.0,0.000155,0.1207
3.7,6.5,286.3,869.0,0.67,1.0,0.000485,0.1449
3.69,33.4,301.2,648.0,0.98,1.0,0.000143,0.0972
3.52,30.7,108.4,608.0,0.32,1.19,0.001252,0.2175
4.67,22.1,156.6,486.0,0.2,2.64,0.020182,0.285
3.71,14.8,215.0,413.0,0.88,1.39,0.001674,0.2135
5.0,10.2,236.8,593.0,0.92,2.05,0.006939,0.5126
3.03,62.3,155.3,743.0,0.57,1.0,0.000162,0.0775
3.18,41.8,127.7,682.0,0.62,1.0,0.000776,0.0781
3.84,22.3,97.8,655.0,0.7,1.47,0.000565,0.1589
5.94,23.7,280.0,385.0,0.12,3.69,0.024702,0.827
3.2,65.2,165.0,752.0,0.32,1.0,0.000194,0.0669
3.15,7.8,356.9,627.0,0.75,1.0,7.3e-05,0.0632
3.23,6.9,79.6,624.0,0.28,1.18,0.000576,0.107
3.97,15.6,51.0,822.0,0.75,2.5,0.005058,0.1481
3.72,7.6,333.1,807.0,0.46,1.0,0.001198,0.1139
4.11,34.0,83.1,683.0,0.29,1.63,0.002281,0.2145
3.83,29.9,224.7,218.0,0.23,1.68,0.000255,0.167
5.0,30.3,372.0,240.0,0.84,2.9,0.005046,0.5215
3.68,14.2,230.4,243.0,0.79,1.06,0.001078,0.1321
3.24,10.7,19.6,509.0,0.47,3.5,0.001553,0.1331
4.02,23.7,327.6,211.0,0.78,1.5,0.000319,0.1524
3.32,3.3,320.3,822.0,0.9,1.0,0.000127,0.1199
3.15,5.0,144.9,407.0,0.04,1.5,0.000305,0.1249
4.59,7.6,383.9,428.0,0.54,1.39,0.001748,0.2754
3.41,5.6,201.2,639.0,0.4,1.0,0.000229,0.1057
3.48,17.0,119.8,634.0,0.91,1.03,0.000536,0.1055
3.52,6.8,227.3,564.0,0.62,1.0,0.000566,0.1642
3.3,28.4,20.3,582.0,0.33,3.08,0.000918,0.1752
3.1,15.4,98.1,355.0,0.42,1.05,0.000529,0.1533
3.33,4.5,259.9,175.0,0.16,1.21,0.000127,0.1363
4.95,2.4,153.1,321.0,0.42,3.87,0.005659,0.3929
3.39,72.3,141.2,891.0,0.26,1.0,0.000464,0.1534
3.19,21.1,45.8,544.0,0.69,2.23,0.002723,0.0842
4.61,23.2,225.7,753.0,0.89,2.23,0.001276,0.3005
3.09,11.2,382.9,180.0,0.42,1.0,9.8e-05,0.1056
3.04,7.6,179.3,532.0,0.58,1.0,0.000398,0.122
3.18,47.4,303.0,646.0,0.73,1.0,0.000193,0.1272
4.62,6.5,24.4,791.0,0.2,4.44,0.069162,0.3898
3.99,11.8,260.0,583.0,0.34,1.12,0.001162,0.1973
3.09,16.4,296.3,157.0,0.29,1.0,0.000295,0.0956
3.18,8.1,105.3,301.0,0.56,1.34,0.001462,0.1109
3.2,10.6,360.6,697.0,0.71,1.0,0.000265,0.1078
3.9,10.7,185.6,716.0,0.05,1.0,0.000704,0.1654
4.36,11.0,384.2,796.0,0.68,1.0,0.00234,0.1547
4.78,55.4,300.9,520.0,0.99,1.84,0.001227,0.2535
3.53,17.0,307.3,606.0,0.7,1.0,0.000193,0.1138
3.73,35.7,246.9,219.0,0.18,1.0,0.000504,0.2091
3.65,8.1,337.7,470.0,0.54,1.0,0.000239,0.1917
3.36,10.5,308.1,848.0,0.87,1.0,0.000288,0.0801
3.62,9.9,233.5,590.0,0.53,1.0,0.000218,0.2153
3.75,4.6,341.6,844.0,0.44,1.0,0.000325,0.1297
3.02,16.3,250.2,329.0,0.79,1.0,0.000155,0.0856
3.14,5.2,24.5,845.0,0.53,2.48,0.003548,0.0739
3.8,6.4,233.4,513.0,0.84,1.0,0.000292,0.1243
3.05,16.2,180.3,318.0,0.21,1.0,0.000176,0.0713
4.11,20.5,214.3,166.0,0.66,2.57,0.001462,0.2086
3.37,8.6,193.1,451.0,0.22,1.0,0.000241,0.1064
3.95,18.2,207.4,817.0,0.13,1.0,0.000228,0.1097
3.39,41.8,254.6,765.0,0.31,1.0,0.000425,0.1102
3.12,51.2,145.8,810.0,0.71,1.0,8e-05,0.1073
4.95,33.5,330.7,570.0,0.22,1.97,0.004217,0.3585
3.48,12.7,45.8,825.0,0.64,1.85,0.00162,0.1573
3.4,44.7,32.1,321.0,0.93,2.89,0.005196,0.0758
3.03,13.0,240.5,507.0,0.02,1.0,0.000128,0.117
3.74,12.8,74.6,411.0,0.86,2.29,0.003535,0.1894
4.5,35.1,241.8,418.0,0.26,2.27,0.004981,0.2629
3.29,22.0,305.7,708.0,0.8,1.0,0.000198,0.0758
3.66,24.3,270.3,255.0,0.51,1.51,0.000565,0.1703
3.02,8.4,251.0,177.0,0.87,1.0,0.000202,0.171
3.15,13.2,347.7,421.0,0.51,1.0,0.000134,0.1142
3.03,21.1,330.9,866.0,0.39,1.0,9.3e-05,0.1118
3.49,24.9,163.6,294.0,0.61,1.61,0.000588,0.122
3.84,25.6,370.9,394.0,0.11,1.0,0.000595,0.1541
3.72,4.0,47.2,511.0,0.85,3.12,0.002473,0.0947
3.04,98.0,171.9,770.0,0.89,1.0,0.000354,0.1002
3.07,31.2,81.6,288.0,0.72,1.56,0.000142,0.1179
5.82,8.6,152.3,734.0,0.94,4.1,0.039218,0.3391
3.14,42.2,302.5,869.0,0.95,1.0,0.000133,0.086
3.07,15.0,345.9,867.0,0.63,1.0,0.000217,0.1167
6.34,12.2,43.0,362.0,0.53,6.91,0.247778,0.9533
4.12,61.4,295.6,446.0,0.83,1.0,0.001856,0.3325
4.37,6.9,99.1,477.0,0.5,2.86,0.006513,0.1683
3.01,7.5,258.1,302.0,0.37,1.0,0.000138,0.0715
3.08,8.4,20.3,273.0,0.45,3.95,0.002088,0.0835
5.68,10.5,221.2,673.0,0.9,3.22,0.010679,0.57
4.5,221.1,87.4,513.0,0.2,1.82,0.00254,0.2129
3.04,11.7,374.5,453.0,0.62,1.0,0.000135,0.0812
5.04,7.5,167.2,754.0,0.09,3.22,0.006613,0.4229
4.3,19.2,90.3,639.0,0.94,2.61,0.005129,0.1411
3.2,30.4,257.2,732.0,0.95,1.0,0.000149,0.0968
3.2,45.7,295.0,683.0,0.84,1.0,0.00014,0.1143
3.51,8.5,320.4,544.0,0.71,1.0,0.000617,0.0828
3.21,80.2,191.7,544.0,0.11,1.0,0.000153,0.1231
4.89,19.5,279.3,534.0,0.11,2.45,0.004685,0.3554
3.42,8.5,361.7,664.0,0.89,1.0,0.00017,0.1423
3.09,9.1,188.4,812.0,0.22,1.0,0.000286,0.1285
3.76,24.8,391.5,472.0,0.21,1.0,0.000426,0.1783
3.48,17.1,393.1,814.0,0.7,1.0,0.000271,0.126
3.98,12.0,156.2,678.0,0.26,1.34,0.002357,0.2531
3.98,19.1,26.1,826.0,0.6,3.68,0.003759,0.1574
3.44,109.1,70.2,311.0,0.13,1.55,0.000424,0.1048
3.24,53.7,142.9,835.0,0.6,1.0,0.000869,0.0959
3.02,11.4,375.5,237.0,0.52,1.0,0.000136,0.0865
3.07,9.6,249.6,489.0,0.22,1.0,0.000214,0.0658
4.19,37.6,398.2,665.0,0.33,1.0,0.0017,0.3173
3.38,7.2,78.0,182.0,0.5,2.59,0.001255,0.1317
4.79,3.9,88.8,673.0,0.34,3.21,0.010359,0.3123
3.3,7.8,68.6,366.0,0.53,1.29,0.001383,0.1951
5.16,5.8,83.4,321.0,0.45,4.81,0.013991,0.4142
3.02,5.1,161.4,514.0,0.77,1.0,0.000351,0.1262
3.22,13.7,273.1,794.0,0.98,1.0,0.00025,0.0868
3.4,8.7,143.6,182.0,0.59,1.66,0.000667,0.089
4.09,12.5,388.7,313.0,0.63,1.48,0.000324,0.306
3.49,21.9,309.8,760.0,0.24,1.0,0.000263,0.1397
4.27,10.7,354.4,640.0,0.77,1.0,0.000226,0.2767
4.27,5.1,45.0,653.0,0.53,3.81,0.008554,0.1371
4.02,7.8,114.4,428.0,0.39,2.4,0.002503,0.1602
4.63,32.3,54.8,858.0,0.9,3.44,0.011685,0.3633
3.11,6.9,333.8,856.0,0.4,1.0,7.8e-05,0.1472
4.44,6.6,320.8,466.0,0.21,1.44,0.003252,0.1848
3.2,22.9,211.5,712.0,0.88,1.0,0.00038,0.0856
3.96,7.7,327.0,784.0,0.55,1.0,0.000676,0.1359
4.64,7.7,107.0,340.0,0.7,3.98,0.006652,0.2633
3.93,20.0,334.2,389.0,0.17,1.0,0.001002,0.1912
3.6,14.7,32.6,294.0,0.23,3.38,0.004693,0.1961
3.13,10.5,142.3,154.0,0.58,1.4,0.000425,0.1288
3.31,11.8,207.0,349.0,0.96,1.08,0.000273,0.1079
5.33,38.7,347.1,417.0,0.82,2.57,0.003545,0.8042
3.24,21.4,150.1,570.0,0.86,1.0,0.000486,0.1108
3.21,9.4,291.7,335.0,0.41,1.0,0.000367,0.0822
3.21,11.7,152.7,860.0,0.17,1.0,0.000162,0.0738
3.1,58.7,199.0,457.0,0.41,1.0,0.000781,0.0583
3.15,13.7,135.5,641.0,0.46,1.26,0.000232,0.12
4.88,21.8,248.8,291.0,0.75,2.91,0.003417,0.2675
3.01,21.1,6.3,650.0,0.59,2.65,0.001631,0.1184
3.24,11.0,229.5,788.0,0.1,1.0,0.000195,0.083
3.06,19.0,151.8,756.0,0.43,1.0,0.000232,0.097
4.1,7.8,332.8,578.0,0.2,1.0,0.000824,0.3837
3.18,13.4,154.3,313.0,0.19,1.55,0.000501,0.1005
3.08,42.1,359.4,375.0,0.3,1.0,0.000205,0.1825
3.14,14.6,378.9,183.0,0.79,1.0,6.2e-05,0.0758
3.31,57.0,125.5,379.0,0.84,1.0,0.000775,0.0974
4.12,19.7,223.2,167.0,0.85,2.09,0.000478,0.1564
6.43,25.3,20.2,699.0,0.09,6.82,0.727466,1.1449
3.31,18.5,154.1,536.0,0.51,1.0,0.00026,0.1135
4.17,8.3,305.5,624.0,0.5,1.0,0.000591,0.1725
3.26,39.5,351.2,584.0,0.06,1.0,0.000164,0.0908
3.62,52.0,360.5,741.0,0.81,1.0,0.000223,0.2925
3.11,21.4,173.1,666.0,0.4,1.0,0.000108,0.1051
3.66,16.9,19.7,540.0,0.59,3.62,0.001789,0.149
6.54,13.8,156.9,698.0,0.03,5.08,0.101702,1.1069
3.05,25.0,283.2,819.0,0.07,1.0,0.000219,0.1139
3.78,39.6,132.5,704.0,0.56,1.76,0.000862,0.1189
3.16,34.7,313.3,590.0,0.82,1.0,0.000106,0.1189
3.22,20.8,224.9,197.0,0.4,1.0,0.000401,0.144
3.36,17.2,211.2,173.0,0.84,1.51,0.000255,0.1493
4.26,18.8,67.1,387.0,0.05,3.7,0.008202,0.1756
3.88,14.9,323.4,151.0,0.94,1.65,0.000426,0.2341
3.5,7.1,126.8,614.0,0.55,1.47,0.000754,0.1349
3.84,84.7,296.7,605.0,0.84,1.0,0.001003,0.2261
6.42,8.7,234.9,849.0,0.32,3.73,0.044274,1.1349
3.39,7.8,215.2,289.0,0.16,1.0,0.000207,0.0835
3.36,52.4,321.6,835.0,0.37,1.0,0.000316,0.1158
3.4,24.9,208.8,381.0,0.65,1.31,0.000571,0.1177
4.2,25.9,100.4,468.0,0.27,2.5,0.002509,0.1214
3.2,11.0,247.0,311.0,0.13,1.34,0.00021,0.1248
3.08,16.6,354.8,608.0,0.68,1.0,0.000108,0.1277
3.39,31.2,309.9,829.0,0.13,1.0,0.000236,0.1048
4.21,153.1,5.1,441.0,0.91,2.56,0.003554,0.2266
4.11,25.7,10.2,348.0,0.05,4.48,0.004076,0.3066
3.09,18.7,350.2,529.0,0.81,1.0,6.4e-05,0.0837
3.71,28.6,199.3,661.0,0.72,1.0,0.000907,0.1662
3.09,17.4,345.7,183.0,0.26,1.0,0.000135,0.0599
3.21,9.0,318.3,343.0,0.45,1.0,0.000236,0.075
4.65,4.0,376.9,265.0,0.69,1.98,0.000903,0.2711
3.26,24.9,334.3,459.0,0.59,1.0,9.9e-05,0.1041
5.38,5.2,322.6,773.0,0.61,1.85,0.003381,0.5356
3.07,43.2,361.7,502.0,0.23,1.0,0.000135,0.0842
3.69,10.8,311.3,393.0,0.45,1.0,0.001203,0.1363
3.51,11.3,122.5,733.0,0.24,1.19,0.001782,0.1906
3.32,6.3,312.7,189.0,0.82,1.0,0.00039,0.0965
3.04,6.9,36.7,490.0,0.96,2.31,0.005149,0.0787
4.13,9.6,283.5,352.0,0.0,1.57,0.000623,0.1737
3.17,20.5,301.3,269.0,0.78,1.0,7.7e-05,0.0916
3.21,10.8,140.9,880.0,0.62,1.0,0.000277,0.0642
3.79,14.1,90.7,783.0,0.81,1.67,0.001867,0.2126
4.09,10.3,371.2,816.0,0.52,1.0,0.001688,0.1611
3.05,23.8,118.3,553.0,0.75,1.0,0.000552,0.1215
5.0,21.7,9.0,727.0,0.93,5.44,0.082171,0.4508
4.22,23.0,9.9,626.0,0.4,3.81,0.03688,0.1514
4.32,7.0,308.4,614.0,0.58,1.0,0.001075,0.2878
3.42,8.4,135.2,352.0,0.55,1.89,0.000393,0.1543
4.92,5.5,71.8,851.0,0.34,2.82,0.008222,0.3272
3.67,27.6,98.6,615.0,0.49,1.76,0.001376,0.1568
3.23,2.0,320.9,544.0,0.93,1.0,0.000105,0.0921
3.04,53.0,259.2,872.0,0.58,1.0,0.00019,0.0768
3.56,12.3,145.1,547.0,0.27,1.0,0.000811,0.1278
4.54,9.3,346.8,570.0,0.07,1.0,0.002911,0.2614
3.44,18.1,334.5,480.0,0.17,1.0,0.000254,0.1109
3.08,12.6,168.1,178.0,0.14,1.03,0.000326,0.0728
3.26,11.7,13.5,649.0,0.41,2.82,0.00852,0.0993
3.4,21.3,318.5,672.0,0.06,1.0,0.000265,0.1151
4.29,25.1,368.8,384.0,0.21,1.29,0.001403,0.157
4.43,10.3,343.0,436.0,0.71,1.56,0.001698,0.2418
3.4,56.6,117.6,281.0,0.4,1.47,0.001294,0.0927
4.21,5.5,333.8,552.0,0.83,1.0,0.002039,0.1306
3.21,31.2,257.8,407.0,0.93,1.0,0.000121,0.0798
3.66,19.3,248.3,868.0,0.21,1.0,0.00045,0.1863
3.29,6.9,75.2,895.0,0.24,1.07,0.001139,0.1659
3.15,31.3,206.3,159.0,0.68,1.0,0.000187,0.0762
4.6,45.1,163.9,221.0,0.11,2.92,0.002874,0.2172
3.7,4.5,306.3,701.0,0.25,1.0,0.000626,0.0905
4.48,25.4,97.3,459.0,0.54,2.91,0.004999,0.3341
3.05,14.6,188.8,313.0,0.63,1.0,0.000153,0.095
3.4,18.9,323.0,479.0,0.3,1.0,0.000244,0.0891
3.04,4.2,385.2,871.0,0.92,1.0,0.000405,0.1076
4.52,25.8,257.9,340.0,0.03,2.12,0.005552,0.2854
5.01,40.4,54.9,715.0,0.45,3.81,0.020323,0.4172
3.82,19.8,331.9,359.0,0.97,1.06,0.000651,0.1789
3.97,9.2,319.0,449.0,0.62,1.0,0.001079,0.1401
7.04,12.0,281.4,683.0,0.71,5.12,0.101512,1.7395
3.42,20.5,15.9,627.0,0.82,3.24,0.00589,0.0889
3.11,13.5,376.6,454.0,0.81,1.0,0.000177,0.1307
3.06,5.3,375.4,178.0,0.35,1.0,0.000126,0.1186
3.03,6.2,80.1,249.0,0.62,2.0,0.000613,0.098
3.73,4.8,363.8,244.0,0.06,1.0,0.000301,0.1687
4.59,16.3,172.1,184.0,0.69,3.07,0.001242,0.1851
3.03,68.8,34.9,314.0,0.43,1.63,0.00092,0.1084
4.43,45.7,97.2,178.0,0.62,3.68,0.00473,0.2105
3.7,13.1,259.1,853.0,0.17,1.0,0.000462,0.1443
3.42,13.4,387.9,648.0,0.8,1.0,0.000369,0.1027
5.22,33.5,385.3,301.0,0.74,2.61,0.005089,0.4689
3.48,27.3,192.2,575.0,0.38,1.0,0.000615,0.1086
4.18,43.5,141.9,728.0,0.91,1.75,0.002352,0.1881
3.31,22.6,267.5,550.0,0.16,1.0,0.000352,0.0884
5.72,11.6,106.7,576.0,0.48,4.41,0.030815,0.4852
3.27,25.5,150.7,512.0,0.16,1.0,0.000492,0.1026
3.07,64.8,236.3,723.0,0.95,1.0,0.000512,0.0822
3.08,19.9,293.8,319.0,0.63,1.0,4.8e-05,0.1079
3.45,83.2,229.5,544.0,0.24,1.0,0.00013,0.1693
3.4,8.0,9.1,405.0,0.09,4.76,0.007023,0.1193
4.51,12.6,240.7,840.0,0.49,1.21,0.002981,0.3803
4.69,19.3,385.7,170.0,0.87,2.35,0.001664,0.2142
3.45,14.8,17.1,684.0,0.81,2.34,0.004524,0.1537
4.31,33.6,170.3,209.0,0.19,2.75,0.001492,0.1772
3.34,20.8,12.1,459.0,0.35,3.59,0.006232,0.0707
3.17,27.3,161.7,670.0,0.44,1.0,0.0002,0.1213
3.33,53.6,91.8,709.0,0.13,1.0,0.000301,0.0832
3.09,6.2,37.2,793.0,0.6,1.6,0.002567,0.0764
3.65,12.9,306.8,670.0,0.68,1.0,0.00015,0.1345
3.1,79.3,18.2,494.0,0.39,1.09,0.000821,0.1002
3.02,12.3,320.9,367.0,0.64,1.0,0.00013,0.14
5.52,6.9,276.2,440.0,0.82,3.17,0.012043,0.5477
3.4,8.2,347.5,722.0,0.31,1.0,0.00025,0.0722
3.79,6.4,21.2,551.0,0.04,4.2,0.00725,0.1519
4.84,14.2,109.4,534.0,0.82,3.11,0.010657,0.259
3.21,19.7,210.4,353.0,0.65,1.26,0.000574,0.2382
3.08,21.0,194.3,207.0,0.87,1.0,0.000411,0.1262
3.47,29.4,13.8,381.0,0.42,3.95,0.008028,0.0814
5.1,14.2,192.7,316.0,0.95,3.66,0.008999,0.2771
3.19,30.8,140.3,192.0,0.12,1.44,0.000799,0.0813
4.7,39.0,358.4,199.0,0.82,2.16,0.001659,0.2517
3.29,5.3,108.6,207.0,0.53,1.78,0.001259,0.1327
4.0,7.3,24.6,850.0,0.37,3.35,0.008013,0.1467
4.48,23.3,74.6,338.0,0.9,3.8,0.004848,0.1942
5.73,6.3,124.5,173.0,0.14,4.67,0.024039,0.6577
3.0,37.9,110.4,468.0,0.71,1.0,0.00028,0.0835
3.31,9.9,228.8,378.0,0.13,1.0,0.000328,0.1062
5.23,9.7,109.9,150.0,0.74,4.52,0.043306,0.4555
3.44,17.9,66.5,460.0,0.75,1.78,0.000808,0.1757
3.39,103.1,73.1,312.0,0.72,1.56,0.000554,0.1054
3.43,6.5,61.3,187.0,0.59,2.84,0.001565,0.1352
3.57,15.4,374.4,714.0,0.79,1.0,0.000609,0.1605
4.12,8.8,297.1,844.0,0.21,1.0,0.001441,0.138
3.42,25.2,333.7,429.0,0.14,1.0,6.9e-05,0.0982
3.6,14.2,27.3,410.0,0.48,3.46,0.01121,0.1047
4.16,15.2,177.8,831.0,0.53,1.0,0.001333,0.1638
4.62,23.1,230.4,332.0,0.38,2.96,0.004376,0.4174
4.41,13.2,193.0,185.0,0.81,1.97,0.001494,0.212
3.67,16.4,36.0,900.0,0.11,2.73,0.004863,0.1455
3.96,24.1,109.4,487.0,0.93,2.29,0.001858,0.1497
3.39,15.5,212.1,894.0,0.45,1.0,0.000826,0.1595
3.59,13.0,289.3,704.0,0.16,1.0,0.000315,0.1525
4.96,7.9,160.3,670.0,0.66,2.67,0.003112,0.3188
4.41,22.3,233.5,727.0,0.22,1.0,0.002794,0.1995
3.11,17.7,293.1,475.0,0.44,1.0,0.000144,0.075
3.65,14.2,367.7,722.0,0.27,1.0,0.000591,0.2306
5.15,9.6,291.0,721.0,0.6,1.62,0.016125,0.305
5.34,10.8,137.3,364.0,0.39,4.27,0.045388,0.3369
3.15,7.3,64.6,418.0,0.48,2.19,0.000573,0.0953
3.39,65.4,108.9,531.0,0.42,1.0,0.000527,0.2289
3.05,26.3,256.1,496.0,0.61,1.0,0.000158,0.0598
3.75,79.2,50.4,455.0,0.61,2.43,0.004648,0.1357
4.65,4.0,369.6,841.0,0.35,1.0,0.001898,0.2567
3.07,4.5,56.2,211.0,0.38,2.69,0.000501,0.087
3.05,20.1,100.3,357.0,0.95,1.61,0.000925,0.1299
3.12,13.8,81.3,657.0,0.15,1.58,0.000589,0.142
3.48,11.0,111.1,627.0,0.3,1.0,0.001102,0.1418
3.6,9.8,193.0,390.0,0.27,1.31,0.000537,0.1203
3.54,13.0,390.4,856.0,0.16,1.0,0.000123,0.0911
3.51,2.0,342.7,620.0,0.48,1.0,0.000385,0.0992
3.93,112.3,180.6,277.0,0.04,2.0,0.000511,0.2185
3.38,12.2,162.2,586.0,0.83,1.0,0.000355,0.0812
3.62,13.5,269.4,679.0,0.6,1.0,0.000284,0.0631
3.98,34.1,255.2,766.0,0.7,1.0,0.001062,0.1564
3.13,14.0,305.0,763.0,0.54,1.0,7.6e-05,0.0646
3.81,21.0,151.1,158.0,0.62,1.67,0.00144,0.1372
3.06,28.5,74.7,823.0,0.54,1.0,0.000835,0.0974
3.05,30.0,371.0,450.0,0.5,1.0,6.4e-05,0.0804
3.05,25.0,10.3,548.0,0.5,3.03,0.001374,0.109
3.95,39.4,10.9,233.0,0.39,4.24,0.007155,0.1201
3.09,40.1,172.6,628.0,0.33,1.0,0.000222,0.1111
3.67,18.5,203.7,177.0,0.78,1.61,0.000993,0.2184
3.2,26.1,31.8,198.0,0.7,3.29,0.003487,0.0913
3.86,11.2,237.7,642.0,0.04,1.0,0.00067,0.1174
3.36,32.3,109.2,707.0,0.04,1.0,0.000719,0.0983
3.11,6.0,106.0,492.0,0.39,1.0,0.000336,0.0873
3.2,5.6,236.8,555.0,0.44,1.0,0.000163,0.1041
3.41,9.3,311.5,398.0,0.17,1.0,0.000282,0.0794
3.21,25.7,151.8,186.0,0.55,1.4,0.000606,0.1052
3.61,10.8,307.2,244.0,0.64,1.0,0.000268,0.2077
4.0,13.3,291.2,276.0,0.53,1.0,0.000397,0.2325
3.51,47.0,17.0,156.0,0.45,3.6,0.001652,0.0926
5.48,64.2,33.3,526.0,0.24,4.62,0.071969,0.5671
4.38,99.4,267.2,846.0,0.09,1.0,0.002317,0.2291
4.92,42.7,11.2,845.0,0.77,4.13,0.015557,0.3446
3.76,30.2,34.7,416.0,0.84,2.96,0.003059,0.1637
3.3,27.0,116.2,873.0,0.14,1.0,0.000454,0.0956
3.93,7.6,139.9,459.0,0.63,2.11,0.003349,0.2887
3.49,20.2,344.5,590.0,0.67,1.0,0.00017,0.1081
3.41,16.4,315.8,858.0,0.8,1.0,0.000158,0.1759
3.08,41.6,192.6,647.0,0.58,1.0,0.000138,0.0961
4.06,27.6,76.0,610.0,0.91,2.51,0.002475,0.1651
3.35,8.5,23.7,663.0,0.62,3.09,0.003571,0.1109
4.12,14.1,286.1,230.0,0.65,1.77,0.000799,0.1319
3.39,27.6,137.0,362.0,0.55,1.35,0.000626,0.0868
3.91,20.5,48.0,544.0,0.04,3.11,0.003985,0.152
3.54,10.9,340.4,564.0,0.92,1.0,0.000307,0.1091
4.0,35.2,393.9,154.0,0.73,1.75,0.000545,0.1839
5.23,4.0,233.6,167.0,0.47,3.66,0.007829,0.5306
3.03,27.6,17.3,808.0,0.87,2.23,0.002931,0.0685
3.89,8.8,123.4,896.0,0.3,1.36,0.002378,0.1301
7.9,5.4,133.7,378.0,0.52,7.62,0.637413,1.3962
3.72,13.2,275.6,450.0,0.67,1.0,0.000277,0.2132
4.15,42.3,321.8,658.0,0.36,1.0,0.000306,0.3475
3.43,4.9,50.5,418.0,0.33,2.98,0.001022,0.0886
3.22,14.8,342.9,868.0,0.29,1.0,0.000222,0.0852
4.3,16.8,162.2,569.0,0.05,2.02,0.002812,0.2601
5.71,11.7,13.7,412.0,0.48,7.2,0.590641,0.7399
3.59,12.1,143.6,332.0,0.64,1.39,0.001022,0.1671
4.99,15.2,54.9,630.0,0.35,4.52,0.085101,0.5168
3.22,19.6,181.9,542.0,0.5,1.0,0.000365,0.0825
3.81,53.2,109.9,518.0,0.63,2.1,0.002215,0.1396
3.73,2.0,266.3,218.0,0.01,1.44,0.000708,0.1406
3.05,20.3,210.2,832.0,0.56,1.0,8.5e-05,0.1082
3.05,33.7,335.6,678.0,0.15,1.0,0.000285,0.0654
4.51,4.1,129.3,567.0,0.56,3.44,0.007457,0.2311
4.55,27.4,183.5,277.0,0.77,3.11,0.001923,0.3339
3.08,35.8,58.1,381.0,0.11,1.76,0.000466,0.0704
3.09,12.0,372.3,363.0,0.94,1.0,7.4e-05,0.0819
3.56,20.2,247.2,372.0,0.08,1.26,0.00073,0.1321
3.86,10.3,65.2,317.0,0.21,2.88,0.002831,0.174
3.77,6.2,280.5,634.0,0.31,1.0,0.000898,0.1349
3.1,10.7,43.7,859.0,0.95,1.11,0.002025,0.1403
3.13,9.6,37.5,757.0,0.85,2.58,0.001017,0.1093
3.16,34.7,59.1,560.0,0.28,2.1,0.001092,0.1762
3.17,9.9,8.5,193.0,0.96,5.03,0.002315,0.1515
3.08,28.0,129.7,874.0,0.51,1.0,0.000641,0.1176
4.19,33.5,393.4,553.0,0.14,1.0,0.001257,0.1755
3.8,42.6,71.4,662.0,0.88,2.32,0.002866,0.128
3.08,17.1,361.2,464.0,0.18,1.0,9.6e-05,0.0989
3.11,24.8,181.6,324.0,0.77,1.05,0.000399,0.0777
3.38,8.8,362.3,572.0,0.89,1.0,0.000132,0.1642
4.11,7.4,118.8,335.0,0.7,2.77,0.002875,0.225
3.31,58.9,351.9,850.0,0.35,1.0,6.9e-05,0.0977
3.17,38.8,7.8,695.0,0.05,1.99,0.001689,0.0822
4.48,7.4,103.6,260.0,0.01,3.81,0.006022,0.221
4.06,8.3,311.6,443.0,0.69,1.0,0.000466,0.1451
3.5,64.8,36.9,173.0,0.92,2.77,0.000549,0.124
4.57,21.0,134.9,584.0,0.1,2.93,0.003901,0.1877
3.5,42.4,130.0,637.0,0.15,1.0,0.000725,0.1599
3.18,54.7,128.4,189.0,0.3,1.64,0.000813,0.0785
3.77,14.8,360.9,682.0,0.23,1.0,0.000458,0.2029
3.61,34.5,229.0,185.0,0.77,1.68,0.00026,0.1155
4.58,6.6,22.5,355.0,0.36,5.26,0.013748,0.2324
3.45,16.2,13.7,236.0,0.94,5.72,0.002631,0.1311
3.14,31.4,126.7,711.0,0.65,1.0,0.000362,0.1216
3.86,50.2,115.2,601.0,0.44,1.46,0.002043,0.1609
6.36,16.8,314.6,565.0,0.59,3.95,0.060353,0.8235
3.95,25.5,268.2,204.0,0.93,1.21,0.000628,0.144
3.42,8.6,121.6,675.0,0.41,1.0,0.001506,0.1209
4.35,34.7,33.5,171.0,0.76,4.48,0.00472,0.1764
3.51,5.9,240.5,225.0,0.82,1.0,0.000177,0.1108
3.08,12.6,344.9,793.0,0.16,1.0,9e-05,0.1097
3.53,14.8,67.4,481.0,0.88,2.78,0.003281,0.0786
3.93,7.9,112.9,579.0,0.21,2.29,0.000858,0.2262
3.48,10.2,171.5,843.0,0.4,1.0,0.000982,0.1275
4.35,12.9,214.4,349.0,0.2,2.1,0.001169,0.337
3.16,35.4,395.4,241.0,0.3,1.0,0.000144,0.0703
3.64,27.4,381.9,799.0,0.42,1.0,0.000319,0.1839
3.09,21.8,311.7,222.0,0.67,1.0,0.000338,0.1139
3.18,22.1,263.7,866.0,0.22,1.0,0.000174,0.1645
3.06,22.6,23.8,380.0,0.96,2.92,0.001376,0.061
3.53,7.8,310.0,506.0,0.42,1.0,0.000724,0.1755
3.68,12.7,340.0,488.0,0.77,1.0,0.000379,0.0975
3.15,13.8,198.2,741.0,0.88,1.0,0.000148,0.1345
3.19,30.1,276.7,722.0,0.59,1.0,0.000116,0.1357
3.6,21.2,85.6,733.0,0.38,1.36,0.000835,0.0789
3.22,25.6,23.0,438.0,0.65,2.8,0.002866,0.1253
3.62,6.5,28.9,166.0,0.06,4.39,0.005303,0.1149
3.71,58.1,380.2,201.0,0.54,1.0,0.000152,0.1157
3.36,9.9,363.3,762.0,0.97,1.0,0.000111,0.1099
5.56,7.5,318.4,781.0,0.15,1.71,0.012288,0.6088
3.35,16.9,65.1,468.0,0.57,1.79,0.001351,0.0769
5.1,20.4,94.7,807.0,0.46,3.7,0.011811,0.2221
4.27,14.0,95.7,261.0,0.61,4.01,0.010784,0.1698
4.65,52.7,34.5,757.0,0.13,3.23,0.01758,0.2797
3.91,10.6,350.0,795.0,0.38,1.0,0.000623,0.114
3.02,11.2,126.9,552.0,0.8,1.0,0.000578,0.1233
3.2,5.7,164.4,557.0,0.69,1.0,0.000413,0.0851
5.72,46.0,258.0,720.0,0.88,2.91,0.014442,0.5371
5.39,12.2,16.5,222.0,0.1,6.92,0.110351,0.4148
5.66,11.9,154.0,322.0,0.39,5.28,0.044919,0.4342
3.0,3.8,41.0,447.0,0.61,2.39,0.001475,0.1045
3.26,8.3,187.1,726.0,0.54,1.0,0.000165,0.094
4.89,10.6,299.3,875.0,0.42,1.2,0.006089,0.4094
3.27,21.9,363.0,484.0,0.55,1.0,0.000489,0.1091
3.1,33.4,258.2,204.0,0.46,1.0,0.000212,0.1124
3.47,39.1,67.7,860.0,0.33,1.12,0.001771,0.0934
3.48,8.9,68.2,446.0,0.97,2.26,0.001024,0.098
3.65,19.2,41.5,473.0,0.62,3.26,0.004161,0.1035
3.09,54.2,85.2,313.0,0.82,1.8,0.00027,0.1191
4.35,26.9,190.8,681.0,0.03,1.43,0.004249,0.1866
3.97,31.6,316.8,390.0,0.3,1.12,0.00141,0.1557
3.25,45.8,253.3,736.0,0.98,1.0,0.000168,0.0749
3.34,25.7,168.5,254.0,0.07,1.0,0.000376,0.1733
4.82,18.0,74.8,590.0,0.45,3.51,0.023816,0.3565
3.37,125.1,367.2,799.0,0.64,1.0,0.000183,0.1292
3.23,5.2,134.9,241.0,0.78,1.91,0.000722,0.0531
3.16,20.4,97.2,758.0,0.1,1.0,0.001425,0.0963
3.65,29.0,140.2,726.0,0.73,1.04,0.000464,0.0963
3.86,18.9,392.3,280.0,0.17,1.16,0.000357,0.1857
3.54,17.4,65.3,185.0,0.88,3.25,0.001052,0.1425
4.41,12.7,257.5,579.0,0.81,1.0,0.001397,0.2197
3.4,41.5,72.6,312.0,0.56,2.27,0.001148,0.1374
3.12,4.2,153.5,465.0,0.6,1.0,0.000429,0.0701
4.03,7.0,75.6,503.0,0.91,2.52,0.001246,0.2785
5.0,5.7,37.1,271.0,0.93,5.83,0.029004,0.4155
4.25,9.8,352.6,835.0,0.66,1.0,0.004103,0.3196
3.75,11.0,162.5,654.0,0.37,1.0,0.000865,0.1569
3.29,22.7,122.9,695.0,0.2,1.32,0.00026,0.1309
3.68,37.4,379.8,630.0,0.27,1.0,0.000556,0.0957
3.16,8.8,257.3,853.0,1.0,1.0,0.000149,0.0662
3.27,17.5,33.5,695.0,0.16,2.11,0.001426,0.104
7.97,89.2,73.6,408.0,0.62,8.17,2.67867,1.9779
3.16,31.8,165.2,159.0,0.93,1.45,0.000373,0.0555
3.59,4.8,257.4,853.0,0.48,1.0,0.000898,0.2008
4.23,30.9,188.0,348.0,0.24,2.09,0.001655,0.1202
3.31,18.4,211.5,158.0,0.47,1.0,0.000348,0.0768
4.06,17.9,248.9,747.0,0.35,1.0,0.000711,0.1209
3.44,22.8,157.9,322.0,0.15,1.31,0.000788,0.1159
7.39,33.5,154.2,898.0,0.35,5.36,0.894208,1.5626
3.63,21.7,60.7,898.0,0.63,1.56,0.001917,0.1029
5.43,38.1,187.6,612.0,0.19,3.04,0.008522,0.3869
4.64,22.9,369.2,308.0,0.71,2.25,0.001106,0.2742
3.46,35.1,248.3,246.0,0.16,1.0,0.000492,0.1038
3.34,27.0,144.7,256.0,0.02,1.48,0.000314,0.1115
4.44,8.6,71.3,431.0,0.04,3.63,0.009378,0.33
4.78,5.3,355.8,669.0,0.3,1.47,0.009465,0.3828
3.31,77.1,229.6,636.0,0.91,1.0,0.000128,0.1537
3.53,8.7,106.5,366.0,0.46,2.06,0.00043,0.1539
3.38,7.2,224.9,436.0,0.94,1.0,0.000419,0.1084
3.52,39.2,379.4,475.0,0.61,1.0,0.000257,0.1069
3.75,41.7,377.5,890.0,0.64,1.0,0.00041,0.1319
3.41,14.9,221.1,488.0,0.93,1.0,0.00046,0.0936
3.59,47.8,220.5,607.0,0.41,1.0,0.000143,0.1543
3.89,11.2,227.7,237.0,0.84,1.58,0.000822,0.1291
4.21,12.6,199.7,787.0,0.18,1.1,0.001795,0.2935
5.65,5.8,397.2,218.0,0.15,3.33,0.018021,0.553
4.11,87.4,175.8,187.0,0.18,2.34,0.00224,0.1534
4.31,18.9,388.2,649.0,0.17,1.19,0.000396,0.2236
3.47,30.6,49.8,245.0,0.87,2.84,0.001335,0.1348
3.88,4.8,310.7,206.0,0.91,1.0,0.000414,0.1775
4.1,25.6,124.3,186.0,0.75,3.02,0.00592,0.1928
3.24,4.1,371.4,629.0,0.91,1.0,0.000183,0.0771
6.2,10.2,306.9,202.0,0.49,4.64,0.021675,1.2417
3.84,29.8,348.9,366.0,0.6,1.24,0.001644,0.1493
4.0,54.9,132.3,580.0,0.42,2.02,0.001089,0.1935
3.78,62.9,21.2,611.0,0.77,2.32,0.002916,0.1473
3.13,17.0,293.7,646.0,0.89,1.0,0.000188,0.0741
5.2,6.2,139.1,456.0,0.05,3.62,0.02312,0.6673
3.46,23.8,264.3,220.0,0.18,1.08,0.000206,0.1026
3.28,12.3,64.4,251.0,0.1,2.88,0.004055,0.1073
3.04,31.5,142.6,216.0,0.53,1.0,0.000483,0.1069
3.78,26.0,215.8,792.0,0.48,1.0,0.000285,0.1615
3.28,71.4,279.4,684.0,0.75,1.0,0.000171,0.1274
3.2,29.6,279.8,255.0,0.12,1.0,0.000241,0.0934
3.07,15.9,88.0,786.0,0.58,1.0,0.000434,0.1381
3.03,25.7,223.2,242.0,0.59,1.0,0.000191,0.0522
3.04,14.0,51.0,674.0,0.36,1.5,0.002918,0.0729
4.04,12.3,40.9,440.0,0.26,3.95,0.009402,0.1493
3.04,11.1,278.4,169.0,0.84,1.0,0.000181,0.1136
3.03,14.6,202.5,354.0,0.61,1.0,0.000318,0.0763
3.19,10.8,285.1,679.0,0.1,1.0,0.000216,0.0829
4.01,18.2,243.3,512.0,0.22,1.12,0.001316,0.2009
3.25,5.4,146.8,739.0,0.57,1.0,0.000235,0.1311
3.17,12.1,162.1,690.0,0.3,1.0,0.000179,0.1045
3.49,28.0,33.2,540.0,0.53,2.79,0.003788,0.182
4.01,9.4,308.4,255.0,0.94,1.45,0.000842,0.1919
4.25,7.7,99.7,221.0,0.36,2.78,0.000739,0.2001
4.57,72.7,210.8,421.0,0.53,2.61,0.000784,0.2516
3.55,11.5,206.3,286.0,0.72,1.07,0.00057,0.2595
3.39,70.2,38.1,623.0,0.71,1.73,0.001466,0.146
3.32,16.4,176.6,333.0,0.47,1.01,0.00037,0.0924
3.14,25.9,359.9,676.0,0.3,1.0,0.000281,0.094
4.12,35.1,369.2,337.0,0.12,1.0,0.00156,0.1816
4.39,10.4,108.4,375.0,0.78,3.33,0.011439,0.2699
3.88,9.2,159.9,678.0,0.1,1.0,0.001151,0.1035
3.32,18.5,243.5,583.0,0.71,1.0,0.000143,0.0587
4.33,16.5,174.3,205.0,0.05,2.75,0.00456,0.2771
3.16,31.7,252.5,365.0,0.52,1.0,6.6e-05,0.1058
4.24,11.9,63.9,471.0,0.06,3.6,0.00416,0.3057
3.78,10.2,197.0,184.0,0.34,1.7,0.000195,0.1473
3.31,20.8,143.0,243.0,0.52,1.14,0.000462,0.1489
3.14,9.6,207.2,836.0,0.04,1.0,0.000347,0.0769
4.72,8.3,217.8,222.0,0.42,2.78,0.00292,0.6232
3.09,21.8,264.7,880.0,0.32,1.0,8.2e-05,0.0887
3.29,12.5,230.2,342.0,0.32,1.0,0.00022,0.1128
3.84,5.9,269.5,864.0,0.75,1.0,0.001082,0.1469
3.87,34.2,125.6,648.0,0.14,1.08,0.001738,0.2478
3.1,14.3,313.1,479.0,0.4,1.0,0.000225,0.0911
3.38,2.9,132.4,764.0,0.8,1.0,0.000206,0.0785
3.2,9.3,93.0,752.0,0.79,1.08,0.000373,0.0859
3.49,37.7,136.1,211.0,0.52,2.45,0.000545,0.1192
3.35,17.0,68.6,709.0,0.11,1.82,0.004086,0.0822
3.9,9.9,208.8,443.0,0.1,1.39,0.001028,0.2143
4.91,20.1,36.6,496.0,0.58,4.68,0.013291,0.3101
3.84,9.9,320.7,232.0,0.84,1.23,0.00095,0.2154
3.06,12.7,280.8,851.0,0.72,1.0,0.000367,0.1069
3.9,22.8,71.7,683.0,0.25,2.19,0.001151,0.1621
3.45,7.8,59.4,760.0,0.72,1.57,0.001235,0.1078
3.23,71.3,314.2,178.0,0.92,1.0,0.000278,0.1825
4.78,2.1,21.2,900.0,0.81,5.24,0.04092,0.2549
4.03,4.9,120.7,641.0,1.0,1.64,0.001264,0.2366
3.02,34.2,321.6,676.0,0.83,1.0,0.00025,0.0564
5.03,21.9,27.3,257.0,0.53,6.0,0.029542,0.3942
6.37,75.3,377.3,767.0,0.38,3.49,0.106898,0.8672
3.09,28.4,288.1,434.0,0.07,1.0,0.000336,0.1691
4.06,41.6,77.6,387.0,0.79,2.68,0.003522,0.2966
3.3,29.1,86.4,392.0,0.32,1.39,0.000876,0.081
3.45,14.6,56.5,696.0,0.94,1.64,0.001377,0.1133
3.53,4.1,318.1,217.0,0.76,1.0,0.000549,0.1521
3.28,13.5,366.8,164.0,0.21,1.0,0.000201,0.1008
4.25,24.0,386.6,723.0,0.11,1.0,0.002049,0.1942
3.18,20.8,81.1,386.0,0.75,2.01,0.00078,0.0852
3.37,8.2,343.5,490.0,0.96,1.0,0.00021,0.1101
3.52,36.3,227.7,266.0,0.88,2.14,0.000151,0.0694
3.6,12.2,29.0,810.0,0.46,2.89,0.006541,0.142
4.58,7.7,93.7,216.0,0.67,3.95,0.007707,0.3645
3.56,18.0,62.1,391.0,0.92,2.97,0.001118,0.1735
3.77,16.2,292.1,734.0,0.66,1.0,0.000618,0.1876
3.03,6.6,302.1,802.0,0.31,1.0,8.4e-05,0.1216
3.37,7.9,345.1,257.0,0.04,1.0,0.000364,0.0796
4.68,19.4,61.7,271.0,0.88,4.57,0.082927,0.2425
4.66,69.3,332.4,707.0,0.2,1.49,0.001392,0.3166
3.21,2.3,242.5,183.0,0.78,1.02,0.000755,0.1245
4.92,2.5,93.8,666.0,0.72,2.71,0.014555,0.3425
3.6,9.6,182.4,380.0,0.79,1.1,0.000327,0.1097
4.3,11.9,13.0,501.0,0.94,5.7,0.016725,0.2337
4.16,32.1,385.9,647.0,0.91,1.0,0.000555,0.1883
3.11,4.6,189.7,717.0,0.57,1.0,0.000413,0.1365
3.0,21.0,141.9,378.0,0.89,1.0,0.000255,0.0825
4.1,22.2,223.8,864.0,0.63,1.0,0.002362,0.3066
6.68,34.8,356.8,600.0,0.92,4.29,0.140792,1.1023
3.34,10.3,284.9,468.0,0.45,1.0,0.000145,0.0945
3.16,9.0,84.4,711.0,0.06,1.0,0.000836,0.1777
3.32,14.1,123.0,483.0,0.72,1.39,0.000474,0.1018
4.39,11.2,67.9,212.0,0.99,4.46,0.010801,0.2392
4.63,11.4,201.3,202.0,0.61,2.58,0.002629,0.3919
3.29,11.5,347.2,791.0,0.49,1.0,0.000163,0.1145
5.3,30.4,33.2,633.0,0.66,5.03,0.061647,0.5136
4.57,14.1,389.4,389.0,0.55,1.83,0.002671,0.3171
3.32,14.7,336.7,762.0,0.72,1.0,0.000274,0.1102
3.45,27.9,93.6,687.0,0.33,1.36,0.001526,0.2017
7.75,13.9,144.2,495.0,0.2,7.28,1.776406,3.6798
4.3,20.8,239.2,720.0,0.22,1.59,0.001979,0.1672
3.73,5.4,78.5,547.0,0.24,2.49,0.003433,0.1425
6.99,18.6,313.7,706.0,0.29,4.77,0.124598,1.5506
4.48,18.0,226.3,819.0,0.58,1.28,0.004435,0.5469
3.17,10.5,280.6,635.0,0.17,1.0,0.000146,0.0954
3.99,11.3,395.8,780.0,0.64,1.0,0.000301,0.1161
4.05,9.0,155.6,449.0,0.63,1.57,0.00121,0.1446
3.04,44.1,187.9,479.0,0.62,1.0,0.000296,0.0736
3.96,15.6,180.4,866.0,0.45,1.12,0.001284,0.1647
7.03,10.0,281.0,197.0,0.5,5.72,0.107504,1.3672
3.74,10.4,270.8,754.0,0.8,1.0,0.000401,0.119
3.01,8.1,67.7,580.0,0.91,1.18,0.001309,0.1313
4.24,20.5,372.6,646.0,1.0,1.0,0.001925,0.1836
3.71,19.3,238.9,772.0,0.94,1.0,0.001162,0.142
7.6,9.1,253.0,337.0,0.26,6.81,0.217343,1.6891
3.76,9.6,388.5,612.0,0.44,1.0,0.000161,0.1952
3.21,21.2,113.2,364.0,0.09,1.54,0.00084,0.103
4.58,6.9,62.8,804.0,0.61,3.56,0.016139,0.1935
3.67,54.2,238.0,208.0,0.84,1.42,0.00108,0.1472
4.28,18.9,374.3,326.0,0.84,1.58,0.000544,0.2636
3.1,11.1,45.8,246.0,0.72,2.65,0.000577,0.0742
4.01,20.7,38.2,765.0,0.71,3.08,0.005408,0.2348
3.5,4.0,282.7,445.0,0.99,1.0,0.000379,0.1974
3.32,26.2,248.6,228.0,0.62,1.0,0.000269,0.1217
3.26,10.6,168.6,324.0,0.29,1.0,0.000311,0.0772
3.82,36.0,301.2,370.0,0.89,1.0,0.000582,0.1877
3.08,34.0,395.0,304.0,0.74,1.0,0.000225,0.0841
3.5,9.1,39.8,224.0,0.64,3.64,0.001601,0.1641
3.8,53.9,251.4,682.0,0.25,1.0,0.000224,0.0858
3.09,13.4,187.3,832.0,0.43,1.0,0.000252,0.1493
3.2,13.6,141.4,282.0,0.64,1.0,0.001784,0.1437
4.04,39.1,54.2,593.0,0.47,2.41,0.005194,0.1245
3.82,36.3,20.3,872.0,0.43,2.73,0.00251,0.2237
3.59,10.4,267.4,362.0,0.01,1.1,0.000169,0.1596
3.49,19.6,176.0,349.0,0.71,1.86,0.000465,0.1222
3.39,10.7,163.7,560.0,0.92,1.24,0.001031,0.1702
3.76,8.2,325.3,289.0,0.86,1.3,0.00027,0.1738
3.56,10.0,18.2,496.0,0.1,4.29,0.002723,0.1959
3.02,23.0,13.3,440.0,0.61,3.24,0.001308,0.0806
5.24,4.1,243.5,866.0,0.94,2.1,0.005373,0.3724
4.31,20.3,116.9,723.0,0.89,2.32,0.001774,0.2928
4.34,9.0,178.4,543.0,0.62,1.98,0.002952,0.2314
3.38,13.5,214.5,448.0,0.07,1.0,0.000578,0.1474
7.35,44.3,296.9,216.0,0.82,6.02,0.047247,3.0851
3.97,23.7,213.0,686.0,0.75,1.0,0.001409,0.3349
3.3,12.5,344.3,646.0,0.82,1.0,0.000123,0.1147
4.72,68.3,55.7,627.0,0.6,3.33,0.023569,0.3063
3.02,4.8,189.3,848.0,0.93,1.0,0.000139,0.0575
3.29,17.3,230.7,735.0,0.28,1.0,0.000696,0.1525
3.31,35.3,294.8,345.0,0.7,1.0,0.000178,0.1276
3.05,5.9,313.6,779.0,0.64,1.0,0.000161,0.1109
3.15,24.3,44.7,700.0,0.77,1.68,0.001052,0.0979
3.15,13.7,206.6,561.0,0.15,1.0,0.00036,0.1496
3.39,60.6,382.1,427.0,0.2,1.0,0.000384,0.0594
3.38,33.2,149.9,592.0,0.69,1.0,0.000748,0.1437
3.44,25.9,36.4,828.0,0.59,1.8,0.00292,0.1219
4.15,5.1,166.6,877.0,0.99,1.68,0.002326,0.2001
3.75,13.5,72.2,738.0,0.29,1.68,0.001903,0.1023
3.8,61.7,287.0,684.0,0.49,1.0,0.001405,0.1243
3.36,31.4,387.8,607.0,0.65,1.0,0.000152,0.1525
6.53,9.5,345.1,438.0,0.04,4.09,0.032688,1.4847
3.03,14.1,283.5,456.0,0.53,1.0,0.000112,0.0954
3.72,4.1,397.8,529.0,0.7,1.0,0.000268,0.1763
3.4,18.3,126.0,638.0,0.5,1.0,0.000783,0.183
3.02,7.5,261.5,862.0,0.78,1.0,0.000352,0.0846
3.14,5.4,221.2,381.0,0.99,1.0,0.000221,0.0907
3.32,7.5,243.9,364.0,0.5,1.0,0.000483,0.1178
3.02,30.5,182.8,455.0,0.55,1.0,0.000289,0.1138
4.07,4.9,377.8,846.0,0.1,1.0,0.000784,0.2087
3.12,2.0,61.4,693.0,0.84,1.23,0.001688,0.0899
3.06,89.1,295.3,495.0,0.75,1.0,0.000248,0.1294
3.07,11.5,224.1,614.0,0.04,1.0,0.000281,0.0736
3.42,11.5,178.0,152.0,0.88,1.96,0.000599,0.1292
3.11,6.6,104.2,832.0,0.23,1.0,0.000306,0.1051
4.0,41.1,171.4,230.0,0.62,2.35,0.001697,0.2033
5.11,28.3,119.1,611.0,0.27,3.44,0.009425,0.2884
3.27,29.9,377.6,476.0,0.69,1.0,0.000262,0.0813
5.49,23.9,112.2,410.0,0.16,4.84,0.009389,0.6142
3.76,33.6,194.3,577.0,0.77,1.11,0.000426,0.3167
3.16,23.0,367.5,387.0,0.97,1.0,0.000136,0.0925
3.03,14.3,167.2,369.0,0.58,1.0,0.000517,0.1201
3.58,36.8,228.9,643.0,0.12,1.0,0.000608,0.1172
3.21,19.9,374.0,853.0,0.51,1.0,0.000147,0.1561
3.54,10.7,316.1,654.0,0.7,1.0,0.0003,0.174
3.28,21.8,384.2,861.0,0.65,1.0,0.000229,0.1198
3.66,3.6,291.4,739.0,0.62,1.0,0.000241,0.0978
4.24,18.5,332.3,359.0,0.49,1.77,0.002163,0.2586
4.19,9.7,287.3,595.0,0.23,1.23,0.001045,0.1903
3.02,5.0,146.1,405.0,0.17,1.14,0.000445,0.0819
3.48,26.0,345.8,790.0,0.57,1.0,0.000254,0.1363
3.16,79.5,174.4,357.0,0.08,1.0,0.00019,0.0936
4.38,44.6,185.2,347.0,0.02,1.94,0.001765,0.2406
3.17,26.7,287.3,182.0,0.6,1.0,0.000259,0.1737
3.06,8.9,316.8,626.0,0.19,1.0,5.7e-05,0.0842
3.36,5.4,205.6,680.0,0.38,1.0,0.000214,0.1346
3.57,12.6,118.1,295.0,0.27,2.18,0.000745,0.1302
4.9,9.6,387.7,244.0,0.77,2.38,0.00203,0.3401
4.13,19.8,135.3,328.0,0.03,2.64,0.002368,0.2157
3.97,65.0,106.3,841.0,0.57,1.02,0.002234,0.2409
4.05,31.8,390.7,245.0,0.06,1.12,0.001029,0.1494
3.6,22.0,209.2,546.0,0.83,1.0,0.000678,0.204
3.68,22.6,8.4,203.0,0.94,4.19,0.008458,0.1507
3.55,4.9,42.6,473.0,0.36,2.89,0.003913,0.1103
3.88,29.4,184.9,192.0,0.22,2.5,0.000736,0.2226
3.53,19.2,276.2,664.0,0.87,1.0,0.000321,0.1288
3.44,9.3,216.6,568.0,0.6,1.0,0.000422,0.1327
3.03,15.7,70.7,472.0,0.74,1.48,0.001013,0.0804
3.01,14.1,234.3,273.0,0.48,1.0,0.00015,0.1232
3.43,26.8,69.3,797.0,0.57,1.48,0.000732,0.1127
3.62,11.3,367.1,439.0,0.67,1.0,0.000653,0.0945
5.51,40.7,200.6,407.0,0.5,3.81,0.01479,0.5786
3.17,17.2,356.0,242.0,0.96,1.0,0.000319,0.0841
3.19,11.3,361.0,865.0,0.39,1.0,4.7e-05,0.0907
5.75,50.9,249.2,724.0,0.11,3.24,0.01427,0.7363
4.39,14.7,171.9,296.0,0.28,3.0,0.00334,0.2377
6.3,16.7,102.7,389.0,0.92,5.53,0.095346,0.9747
5.67,7.2,127.2,820.0,0.4,3.37,0.029341,0.3343
3.35,42.5,289.1,767.0,0.53,1.0,0.000382,0.115
3.36,16.3,231.0,445.0,0.95,1.0,0.00031,0.0849
3.15,25.9,28.2,298.0,0.72,3.48,0.000945,0.0993
4.24,13.3,74.9,389.0,0.66,3.44,0.003539,0.1278
3.71,20.8,377.5,552.0,0.66,1.0,0.000342,0.094
3.08,6.0,324.3,282.0,0.88,1.0,0.00021,0.1803
4.59,11.6,337.7,266.0,0.28,1.81,0.001139,0.2286
3.22,6.1,73.1,795.0,0.8,1.0,0.000609,0.111
5.09,12.9,85.4,176.0,0.61,4.88,0.037434,0.2214
3.23,30.0,130.1,544.0,0.43,1.36,0.001059,0.0744
3.51,11.1,299.2,646.0,0.64,1.0,0.000121,0.1169
4.29,15.6,264.6,843.0,0.55,1.04,0.001065,0.3409
3.42,19.4,108.5,732.0,0.61,1.0,0.000514,0.161
3.6,62.4,344.5,604.0,0.42,1.0,0.000278,0.1092
3.44,31.7,171.0,844.0,0.3,1.0,0.000562,0.1023
3.16,4.5,389.3,409.0,0.55,1.0,0.000155,0.1083
4.1,48.1,85.1,843.0,0.82,2.23,0.00441,0.2862
3.61,4.3,261.5,262.0,0.95,1.38,0.00035,0.1873
3.6,5.1,151.9,258.0,0.22,2.01,0.001137,0.1798
4.81,19.5,310.3,410.0,0.1,2.05,0.00214,0.2181
4.71,57.0,258.5,338.0,0.04,2.29,0.004432,0.257
3.66,8.7,105.9,668.0,0.24,1.74,0.001013,0.1402
3.4,6.3,311.9,780.0,0.18,1.0,0.000167,0.1161
3.66,12.6,248.4,678.0,0.82,1.0,0.000339,0.1174
3.42,18.6,197.2,828.0,0.03,1.0,0.000294,0.0903
3.35,48.0,17.6,244.0,0.17,2.77,0.00233,0.1513
3.04,17.3,49.5,558.0,0.9,2.0,0.001782,0.0789
4.37,12.0,379.3,624.0,0.91,1.0,0.000199,0.4422
3.73,11.7,265.1,255.0,0.92,1.71,0.000919,0.1468
4.94,18.1,75.3,900.0,0.71,3.29,0.027819,0.2893
3.63,23.8,132.4,165.0,0.96,2.11,0.000819,0.1703
3.27,7.4,69.5,708.0,0.29,1.08,0.001127,0.0935
3.49,14.0,107.6,426.0,0.16,1.46,0.000769,0.1129
5.56,29.3,248.9,667.0,0.97,2.87,0.056852,0.8603
3.06,94.4,203.7,382.0,0.81,1.0,0.000122,0.1217
3.35,23.7,366.0,801.0,0.69,1.0,0.000318,0.1143
4.04,2.8,55.8,203.0,0.56,3.69,0.004625,0.1231
3.48,10.2,302.2,398.0,0.0,1.0,0.000427,0.1126
5.78,22.4,272.4,320.0,0.59,3.98,0.012428,0.3328
3.38,12.3,397.1,225.0,0.57,1.0,0.000197,0.1604
3.89,41.2,178.7,888.0,0.39,1.21,0.002336,0.07
3.51,13.1,209.9,291.0,0.63,1.53,0.002636,0.1377
3.49,24.8,139.7,707.0,0.91,1.0,0.00054,0.1952
3.15,23.8,305.9,341.0,0.25,1.0,4.8e-05,0.12
3.28,11.2,396.4,162.0,0.42,1.0,0.000178,0.0975
3.47,10.7,269.6,850.0,0.26,1.0,0.000121,0.1644
6.54,12.2,29.0,738.0,0.99,7.08,0.632326,0.9793
4.33,6.8,310.6,439.0,0.66,1.4,0.000563,0.2909
4.1,16.7,384.7,260.0,0.79,1.0,0.00023,0.1915
3.02,9.4,175.5,888.0,0.29,1.0,0.001245,0.0849
5.11,16.2,66.3,587.0,0.19,4.33,0.024988,0.5208
3.17,6.9,328.3,185.0,0.23,1.0,9.7e-05,0.0905
3.4,57.8,333.7,519.0,0.89,1.0,0.00018,0.103
3.91,24.5,381.2,291.0,0.39,1.07,0.000297,0.1298
4.08,48.4,212.1,633.0,0.54,1.0,0.000831,0.1804
4.18,9.8,142.2,805.0,0.01,1.53,0.005618,0.1964
5.15,12.1,325.7,473.0,0.8,2.38,0.003574,0.429
3.02,23.8,268.0,815.0,0.67,1.0,0.000119,0.0885
3.49,21.3,153.3,306.0,0.58,1.61,0.000502,0.1707
3.1,20.7,113.4,204.0,0.89,1.59,0.000236,0.0838
3.6,30.8,101.4,421.0,0.1,1.75,0.00102,0.1061
3.65,24.1,85.3,173.0,0.87,2.74,0.002086,0.1043
4.39,40.3,10.0,448.0,0.1,4.36,0.007316,0.1146
4.34,10.7,123.4,468.0,0.36,2.8,0.00271,0.3352
3.04,36.0,56.0,230.0,0.35,2.34,0.000999,0.0699
3.81,2.0,316.1,760.0,0.64,1.0,0.000549,0.1887
3.65,21.0,159.1,353.0,0.66,1.46,0.000619,0.1376
3.35,13.3,142.3,399.0,0.27,1.13,0.001504,0.0985
3.48,11.0,314.1,619.0,0.51,1.0,0.000635,0.1126
5.07,16.0,148.0,293.0,0.82,4.08,0.03631,0.4642
3.56,15.0,115.3,248.0,0.84,2.32,0.003272,0.1254
5.25,22.0,375.9,741.0,0.65,1.85,0.004248,0.3809
3.5,7.3,245.9,283.0,0.12,1.3,0.000999,0.0713
3.33,10.1,82.2,637.0,0.58,1.46,0.001906,0.1179
4.64,21.8,60.7,862.0,0.8,3.3,0.018391,0.3226
3.11,10.8,190.2,480.0,0.87,1.0,0.000205,0.1191
3.68,11.6,8.1,684.0,0.26,4.3,0.010772,0.1671
3.25,24.5,215.0,508.0,0.19,1.0,0.000149,0.0773
3.26,19.0,371.5,452.0,0.89,1.0,0.000395,0.0748
3.21,10.4,80.4,549.0,0.04,1.49,0.000666,0.0907
5.21,8.7,298.8,182.0,0.39,3.19,0.016467,0.2413
3.02,24.8,79.5,318.0,0.86,1.22,0.001504,0.062
4.42,29.6,308.2,821.0,0.45,1.0,0.000845,0.186
4.16,26.5,333.4,791.0,0.27,1.0,0.000514,0.4267
4.11,24.4,381.3,867.0,0.28,1.0,0.000672,0.1215
4.11,13.0,306.1,842.0,0.48,1.0,0.001436,0.2019
4.69,8.5,235.5,881.0,0.73,1.57,0.004217,0.3052
3.43,15.3,66.0,521.0,0.67,1.9,0.001517,0.1042
3.14,14.3,100.4,321.0,0.7,1.58,0.00042,0.1228
3.68,9.8,185.6,512.0,0.61,1.18,0.000899,0.1126
3.71,19.6,210.4,241.0,0.24,1.37,0.001266,0.1502
3.72,158.8,152.3,162.0,0.57,1.64,0.000658,0.1705
5.44,10.8,236.1,292.0,0.54,3.56,0.015752,0.639
3.49,12.3,320.2,172.0,0.07,1.0,0.000187,0.0902
3.3,28.2,185.3,708.0,0.4,1.0,0.00026,0.1339
3.78,9.1,316.0,743.0,0.63,1.0,0.001199,0.1056
3.11,11.6,168.0,340.0,0.49,1.35,0.000848,0.0728
4.23,11.4,292.7,497.0,0.58,1.18,0.000507,0.229
3.18,15.3,375.8,889.0,0.53,1.0,0.000113,0.0965
3.16,30.7,390.7,685.0,0.82,1.0,0.000105,0.1164
6.06,24.4,242.2,325.0,0.14,4.66,0.036848,1.6799
4.33,5.2,129.4,565.0,0.8,1.87,0.003611,0.2305
3.28,12.5,7.8,663.0,0.45,4.27,0.004248,0.2416
3.22,7.3,127.7,259.0,0.67,1.58,0.000582,0.1107
3.0,20.6,219.8,336.0,0.97,1.0,0.000127,0.0805
3.48,10.9,258.6,442.0,0.61,1.0,0.000693,0.1455
3.92,37.3,223.6,757.0,0.81,1.04,0.001047,0.2654
3.27,73.5,69.9,415.0,0.78,1.13,0.000869,0.093
5.01,12.6,190.3,744.0,0.44,2.65,0.02649,0.296
3.51,18.6,141.1,466.0,0.39,1.23,0.000315,0.124
3.93,29.4,391.1,849.0,0.65,1.0,0.000916,0.1515
3.28,9.3,100.2,555.0,0.66,1.09,0.00094,0.0912
4.15,5.0,372.1,780.0,0.68,1.0,0.000208,0.2057
3.18,23.3,378.3,818.0,0.04,1.0,0.000217,0.112
4.52,20.4,246.8,651.0,0.9,1.53,0.002,0.4067
3.08,3.6,124.5,728.0,0.49,1.0,0.000633,0.0811
3.42,14.9,250.7,259.0,0.8,1.02,0.000313,0.1502
5.14,10.6,362.3,347.0,0.72,2.64,0.005878,0.5243
4.73,9.5,301.0,658.0,0.31,1.58,0.001655,0.388
4.99,16.1,284.5,268.0,0.09,2.98,0.005641,0.6973
4.44,5.0,77.7,523.0,0.19,3.19,0.010413,0.3338
3.48,5.2,396.3,341.0,0.23,1.0,0.000274,0.1434
3.76,41.9,205.3,625.0,0.15,1.16,0.000945,0.1879
4.29,25.8,138.6,367.0,0.69,2.53,0.002278,0.2498
3.45,14.7,124.2,564.0,0.34,1.0,0.001092,0.1551
3.93,17.1,304.5,881.0,0.55,1.0,0.000822,0.16
3.61,20.0,89.6,834.0,0.57,1.1,0.001422,0.1534
3.97,16.2,104.7,620.0,0.61,2.21,0.002925,0.2081
3.18,100.0,323.8,355.0,0.5,1.0,5.9e-05,0.0926
3.56,10.0,174.5,363.0,0.48,1.04,0.000519,0.1692
4.43,25.3,220.8,394.0,0.13,2.09,0.006738,0.2502
3.73,6.4,243.9,762.0,0.31,1.0,0.000419,0.1464
4.34,25.8,264.5,837.0,0.05,1.37,0.002311,0.3492
4.24,63.0,149.6,824.0,0.78,1.0,0.001269,0.1675
3.49,15.2,64.2,889.0,0.73,1.8,0.001565,0.098
4.51,8.7,289.1,464.0,0.18,2.15,0.000933,0.3067
4.19,4.4,221.8,498.0,0.71,2.18,0.001294,0.2724
4.0,38.3,384.8,301.0,0.35,1.0,0.00033,0.1629
3.03,9.2,331.5,585.0,0.47,1.0,0.00019,0.0831
3.03,18.9,26.1,884.0,0.09,1.97,0.00125,0.0883
4.14,27.7,49.2,703.0,0.22,2.89,0.016485,0.1998
3.26,7.6,351.8,762.0,0.75,1.0,7.5e-05,0.1048
3.3,16.8,370.7,827.0,0.71,1.0,0.000423,0.109
5.49,46.2,287.3,478.0,0.71,3.38,0.004379,0.8012
3.75,8.3,292.0,353.0,0.49,1.0,0.000396,0.1327
6.39,12.8,392.3,408.0,0.56,4.2,0.021849,1.121
3.98,16.4,98.1,486.0,0.04,2.63,0.002341,0.1962
3.09,4.5,10.7,426.0,0.94,4.7,0.004973,0.1405
3.05,11.4,47.0,257.0,0.67,2.9,0.00088,0.0814
3.04,32.6,75.1,530.0,0.64,1.08,0.000439,0.1183
3.02,79.0,395.7,898.0,0.96,1.0,0.00011,0.1085
3.41,7.7,344.3,387.0,0.77,1.0,0.000217,0.1373
4.17,16.9,50.8,619.0,0.34,3.36,0.006275,0.2403
3.24,21.4,120.5,615.0,0.34,1.4,0.000237,0.0646
3.4,12.9,369.8,210.0,0.63,1.0,0.000174,0.1468
4.6,10.0,43.6,189.0,0.53,5.23,0.030191,0.2934
4.64,13.7,391.3,758.0,0.99,1.0,0.002822,0.2809
3.06,11.4,331.2,277.0,0.84,1.0,6.4e-05,0.0982
3.35,8.4,17.9,713.0,0.71,3.24,0.00291,0.1398
3.59,13.4,150.3,737.0,0.18,1.0,0.001471,0.1161
4.2,14.6,315.9,382.0,0.44,1.4,0.000421,0.1539
3.89,2.7,141.5,690.0,0.62,1.6,0.001832,0.2862
3.11,18.0,367.0,845.0,0.85,1.0,0.000104,0.0988
3.47,13.9,398.2,250.0,0.0,1.0,0.000197,0.1158
3.65,17.1,91.6,638.0,0.02,1.52,0.001401,0.1103
7.54,3.4,193.8,723.0,0.77,5.95,0.868469,2.2198
3.62,76.7,47.5,612.0,1.0,2.26,0.000908,0.1179
3.57,16.3,17.7,182.0,0.09,4.14,0.003794,0.1165
4.17,4.5,353.2,348.0,0.65,1.29,0.001456,0.2266
4.81,37.9,397.3,185.0,0.3,2.13,0.001343,0.2657
3.62,26.7,209.9,233.0,0.95,1.13,0.000343,0.1898
3.08,10.6,164.5,678.0,0.6,1.0,0.000691,0.1057
4.03,42.9,368.6,329.0,0.42,1.07,0.000418,0.1922
3.09,25.2,219.2,555.0,0.82,1.0,0.000682,0.1787
3.7,7.4,184.7,447.0,0.59,1.03,0.000341,0.1345
3.58,9.6,171.4,158.0,0.03,2.03,0.001075,0.1378
3.78,22.6,25.2,401.0,0.92,4.19,0.002822,0.1734
5.54,59.5,18.2,619.0,0.01,5.07,0.055183,0.5768
5.12,11.5,133.6,568.0,0.33,3.65,0.025557,0.397
3.46,49.3,252.4,671.0,0.19,1.0,0.000225,0.1863
3.07,18.7,366.7,312.0,0.93,1.0,0.00031,0.1309
3.5,9.2,358.3,391.0,0.17,1.0,0.000284,0.0839
4.4,46.6,5.0,336.0,0.86,4.25,0.010726,0.1625
3.9,8.0,280.3,674.0,0.03,1.0,0.000876,0.1486
3.84,14.1,80.2,641.0,0.91,1.85,0.001263,0.1257
4.55,3.1,322.7,806.0,0.17,1.0,0.00153,0.377
3.53,12.6,298.1,462.0,0.35,1.0,0.000121,0.0896
5.7,31.1,90.3,658.0,0.7,3.9,0.058619,0.6019
4.91,6.1,259.3,389.0,0.27,2.97,0.001342,0.251
5.42,4.9,289.9,500.0,0.13,3.38,0.005604,0.6077
3.67,56.0,53.2,668.0,0.69,2.28,0.005454,0.1434
3.94,27.3,376.0,629.0,0.66,1.0,0.000347,0.2674
3.12,9.1,74.1,877.0,0.6,1.57,0.000736,0.1026
3.95,15.5,250.9,267.0,0.27,1.63,0.001468,0.1849
3.11,75.0,150.1,469.0,0.31,1.0,0.000199,0.1075
4.98,6.4,92.3,886.0,0.0,3.69,0.021215,0.433
3.51,35.6,99.9,697.0,0.09,1.3,0.00086,0.1601
3.14,25.3,178.2,166.0,0.48,1.25,0.000195,0.1229
3.57,21.9,193.0,338.0,0.39,1.51,0.000938,0.1316
3.06,15.4,242.9,545.0,0.7,1.0,0.00038,0.0972
3.35,30.5,321.2,830.0,0.19,1.0,0.000453,0.1385
3.2,7.9,173.4,872.0,0.16,1.0,0.000311,0.0543
4.92,17.7,303.2,809.0,0.16,1.51,0.002535,0.3714
4.41,48.5,58.6,657.0,0.31,3.06,0.016266,0.2502
3.27,14.5,379.2,509.0,0.25,1.0,6e-05,0.1239
3.73,18.6,381.2,718.0,0.81,1.0,0.0007,0.1203
3.55,33.5,47.0,878.0,0.59,1.5,0.001773,0.1177
4.32,4.5,288.6,772.0,0.99,1.0,0.000509,0.1307
4.41,3.1,333.4,523.0,0.7,1.74,0.001266,0.2065
3.2,49.6,50.0,828.0,0.28,1.0,0.002272,0.0941
3.17,21.2,165.9,796.0,0.03,1.0,0.000274,0.1005
3.26,24.4,360.6,636.0,0.22,1.0,0.000127,0.084
3.05,11.7,216.4,568.0,0.9,1.0,0.000213,0.0738
4.43,17.4,297.0,844.0,0.65,1.0,0.001854,0.1701
4.19,31.0,332.3,685.0,0.39,1.0,0.000764,0.2356
3.63,15.4,59.1,285.0,0.58,3.0,0.001386,0.1425
6.27,10.6,53.0,302.0,0.23,6.71,0.180095,0.4607
3.24,8.1,378.4,489.0,0.49,1.0,0.00012,0.0834
3.7,5.0,383.6,378.0,0.01,1.0,0.00044,0.1491
3.86,2.4,218.3,535.0,0.05,1.46,0.001093,0.1726
3.35,11.8,387.9,361.0,0.28,1.0,0.000101,0.1113
3.96,11.4,66.7,690.0,0.68,1.76,0.004567,0.1575
4.76,116.1,95.8,313.0,0.92,3.19,0.007412,0.2531
3.05,9.9,84.7,871.0,0.18,1.0,0.000544,0.1146
3.54,6.6,23.8,213.0,0.18,4.63,0.001525,0.1437
3.57,72.8,208.6,668.0,0.34,1.0,0.000516,0.1604
3.49,9.1,270.0,767.0,0.69,1.0,0.000694,0.2352
3.33,12.4,144.7,277.0,0.68,1.35,0.000698,0.0909
3.38,35.8,153.6,388.0,0.31,1.1,0.000698,0.0992
4.07,36.6,211.1,568.0,0.23,1.26,0.000489,0.179
3.07,37.0,379.8,594.0,0.43,1.0,2.9e-05,0.1594
3.27,28.2,354.6,416.0,0.82,1.0,0.000106,0.1057
3.9,7.9,156.5,760.0,0.92,1.2,0.00044,0.1647
3.49,9.9,74.9,549.0,0.97,2.12,0.000623,0.1567
3.13,11.5,142.9,680.0,0.6,1.0,0.00114,0.0671
3.59,27.6,8.2,572.0,0.15,3.61,0.004309,0.1122
3.09,13.7,22.4,190.0,0.67,4.3,0.003544,0.0872
3.05,39.9,176.4,620.0,0.57,1.0,0.000135,0.0731
3.94,20.8,203.9,384.0,0.72,1.97,0.000766,0.1705
5.26,22.3,177.2,687.0,0.43,2.49,0.008217,0.7237
3.6,2.9,210.9,889.0,0.41,1.0,0.000893,0.2421
3.99,19.5,331.1,748.0,0.86,1.0,0.000463,0.1702
3.26,7.5,63.6,846.0,0.35,1.26,0.000787,0.1127
3.04,34.9,16.6,389.0,0.78,2.72,0.001423,0.0943
3.6,15.0,323.0,805.0,0.45,1.0,0.000177,0.1476
3.72,30.9,102.6,523.0,0.8,2.04,0.00068,0.2192
4.15,29.3,379.0,196.0,0.83,1.7,0.001885,0.3226
3.04,11.1,124.1,407.0,0.03,1.28,0.000307,0.1005
3.0,9.8,213.4,378.0,0.53,1.0,0.000636,0.1062
3.51,40.6,331.9,819.0,0.32,1.0,0.000265,0.1106
3.59,50.5,248.9,423.0,0.24,1.19,0.000658,0.1104
3.64,9.2,139.9,866.0,0.25,1.0,0.000385,0.1553
3.99,4.8,65.7,494.0,0.24,2.99,0.003625,0.3364
5.36,34.7,240.5,191.0,0.12,3.69,0.006309,0.4981
3.67,5.5,120.1,589.0,0.43,1.22,0.001242,0.0816
4.32,16.8,224.4,248.0,0.45,2.66,0.000484,0.271
3.11,3.3,303.7,811.0,0.22,1.0,0.000347,0.0986
8.05,41.4,347.1,189.0,0.86,6.8,1.364785,2.3855
5.7,23.6,146.5,493.0,0.76,4.15,0.028646,0.6197
3.12,12.7,143.5,757.0,0.89,1.0,0.000236,0.1279
3.79,6.5,63.5,368.0,0.17,3.32,0.004298,0.1283
4.19,2.0,46.9,749.0,0.95,2.67,0.004406,0.1907
3.29,16.2,64.9,760.0,0.07,1.3,0.000788,0.169
3.94,29.8,214.5,447.0,0.64,1.73,0.00106,0.1319
3.3,20.9,157.0,430.0,0.56,1.15,0.000314,0.0928
4.04,6.1,233.3,749.0,0.9,1.0,0.000738,0.2862
3.87,31.4,120.7,441.0,0.83,2.41,0.00122,0.1741
3.16,22.9,56.6,207.0,0.58,2.54,0.001282,0.051
3.17,4.9,159.1,594.0,0.16,1.0,0.000314,0.0961
3.13,4.5,391.5,376.0,0.36,1.0,0.000117,0.1099
3.8,8.0,107.8,674.0,0.16,1.84,0.001429,0.1202
3.38,46.5,91.8,224.0,0.54,2.2,0.00019,0.1474
4.02,10.5,340.8,308.0,0.19,1.09,0.001076,0.2055
4.11,71.3,340.7,749.0,0.18,1.0,0.000423,0.1627
3.5,47.8,303.3,412.0,0.77,1.0,0.001121,0.1279
3.08,4.6,68.4,799.0,0.64,1.54,0.001332,0.0746
4.3,14.3,313.4,861.0,0.18,1.0,0.001316,0.1991
3.03,251.4,240.6,682.0,0.23,1.0,9e-05,0.1216
4.25,17.5,230.7,730.0,0.89,1.0,0.004102,0.1342
3.92,31.2,372.0,379.0,0.72,1.0,0.001547,0.2329
4.23,23.6,345.9,527.0,0.02,1.12,0.000639,0.1852
4.25,14.2,23.7,478.0,0.28,4.95,0.012235,0.2166
3.53,9.8,100.6,291.0,0.2,2.23,0.000603,0.1168
5.97,22.1,340.2,195.0,0.36,4.42,0.012275,0.5696
4.73,25.0,182.5,228.0,0.41,3.5,0.002087,0.3073
3.13,28.6,78.1,426.0,0.11,2.04,0.001594,0.096
3.15,34.9,69.8,180.0,0.11,2.02,0.00102,0.0742
3.04,7.3,364.7,668.0,0.47,1.0,0.000227,0.123
6.4,8.3,87.6,158.0,0.17,6.84,0.137503,1.3578
3.49,32.5,93.5,791.0,0.41,1.41,0.000741,0.1514
3.1,20.0,110.3,348.0,0.31,1.5,0.000281,0.0993
3.0,3.8,182.0,878.0,0.12,1.0,0.000336,0.0845
5.29,8.1,186.0,669.0,0.47,3.67,0.015639,0.2293
3.27,117.7,193.6,742.0,0.66,1.0,0.000398,0.1435
3.21,13.1,217.9,859.0,0.46,1.0,0.000327,0.115
3.46,14.0,321.7,554.0,0.91,1.0,0.000225,0.1293
3.9,23.2,54.4,281.0,0.57,3.24,0.007156,0.1256
4.55,25.6,186.7,484.0,0.52,2.69,0.005758,0.3312
3.57,5.7,374.6,770.0,0.25,1.0,0.000622,0.1302
4.49,9.9,266.2,416.0,0.31,1.76,0.001203,0.2246
4.74,60.3,205.0,225.0,0.36,3.37,0.001344,0.3338
4.11,7.9,170.3,455.0,0.13,1.75,0.00203,0.1843
3.38,18.2,67.0,686.0,0.03,1.9,0.000908,0.0839
3.5,55.1,63.3,511.0,0.45,2.06,0.003101,0.0835
3.02,15.9,337.8,262.0,0.95,1.0,0.000409,0.0713
4.63,16.3,277.0,781.0,0.92,1.95,0.003534,0.3033
3.37,8.4,308.7,882.0,0.56,1.0,0.000252,0.0997
3.63,9.4,340.3,875.0,0.67,1.0,0.000161,0.1504
4.29,43.0,252.1,329.0,0.32,2.12,0.002104,0.2135
3.93,27.6,178.0,595.0,0.39,1.0,0.002367,0.1516
4.39,21.4,143.0,660.0,0.9,2.46,0.000827,0.2257
3.49,11.7,359.5,745.0,0.88,1.0,9.3e-05,0.0931
6.34,64.8,121.3,230.0,0.35,5.71,0.180477,1.2988
3.81,71.8,307.4,339.0,0.39,1.0,0.000582,0.1624
3.63,19.7,387.3,690.0,0.49,1.0,0.000338,0.1739
3.36,8.8,163.8,684.0,0.32,1.0,0.000486,0.1366
3.09,7.2,250.1,259.0,0.34,1.0,0.000113,0.0908
3.51,107.4,230.8,800.0,0.23,1.0,7.9e-05,0.1475
3.05,138.6,251.9,594.0,0.94,1.0,0.000153,0.1092
4.05,10.2,86.6,354.0,0.75,3.05,0.001779,0.1865
3.07,20.3,354.7,187.0,0.76,1.0,9.7e-05,0.1358
4.3,3.4,298.1,492.0,0.67,1.58,0.000313,0.2263
3.26,9.0,27.4,799.0,0.59,2.48,0.003224,0.1167
6.21,80.7,398.7,665.0,0.95,2.89,0.006447,0.9229
3.52,32.5,50.0,730.0,0.43,1.79,0.002804,0.2088
3.94,33.8,221.6,488.0,0.38,1.38,0.000498,0.1257
3.74,13.2,247.9,468.0,0.76,1.0,0.000257,0.2567
3.49,7.5,13.5,614.0,0.18,4.15,0.00392,0.1073
3.32,13.3,53.7,224.0,0.7,2.71,0.001266,0.1831
4.58,42.5,346.6,717.0,0.26,1.0,0.000962,0.1737
3.23,23.5,113.2,514.0,0.32,1.6,0.000983,0.1059
3.91,29.1,323.5,195.0,0.08,1.16,0.000298,0.0974
3.11,29.1,383.4,689.0,0.55,1.0,0.00027,0.1477
3.5,9.5,70.9,772.0,0.7,1.22,0.000699,0.1376
3.26,18.9,34.6,470.0,0.27,2.84,0.002032,0.1235
3.51,8.2,160.9,858.0,0.44,1.0,0.000802,0.2005
3.2,7.3,136.9,305.0,0.45,1.02,0.00028,0.1502
4.0,25.4,119.0,209.0,0.14,2.56,0.001766,0.1749
5.81,5.9,12.0,853.0,0.08,6.82,0.322774,0.4675
3.39,57.3,284.3,716.0,0.23,1.0,0.000136,0.0996
3.03,20.4,119.4,708.0,0.18,1.0,0.000848,0.0955
3.15,5.7,26.8,437.0,0.4,3.34,0.000955,0.0624
3.42,10.7,81.5,853.0,0.21,1.0,0.000612,0.0887
3.04,7.1,319.0,166.0,0.03,1.0,0.000131,0.1114
3.45,36.7,208.7,443.0,0.8,1.0,0.000788,0.1175
3.14,27.0,83.2,820.0,0.25,1.0,0.000599,0.1029
4.87,17.8,337.3,853.0,0.68,1.16,0.001531,0.3736
5.27,65.4,373.7,662.0,0.08,2.03,0.003402,0.4187
3.27,17.8,50.0,899.0,0.62,1.91,0.003976,0.1341
3.58,14.0,266.8,856.0,0.73,1.0,0.000307,0.1576
3.36,8.1,253.0,654.0,0.68,1.0,0.000289,0.1611
3.86,6.5,242.5,179.0,0.17,1.53,0.000685,0.1035
3.84,23.3,312.5,161.0,0.68,1.0,0.000268,0.2311
3.04,33.0,7.9,776.0,0.89,1.99,0.001814,0.1151
3.02,15.9,377.5,846.0,0.59,1.0,0.000134,0.0473
3.05,21.6,16.0,733.0,0.4,2.49,0.002012,0.0496
3.28,17.9,237.8,348.0,0.68,1.0,0.000242,0.1434
3.15,67.9,280.4,407.0,0.41,1.0,6.1e-05,0.1137
3.23,20.4,79.0,810.0,0.79,1.16,0.000597,0.0857
3.59,43.7,46.6,594.0,0.75,2.3,0.001669,0.2037
6.57,14.8,308.9,507.0,0.57,3.84,0.043371,1.3177
4.34,8.6,96.9,205.0,0.49,3.14,0.003008,0.2704
3.36,4.8,100.2,199.0,0.12,2.58,0.000801,0.1225
3.24,7.0,337.8,654.0,0.37,1.0,0.000185,0.0945
3.11,23.6,136.1,262.0,0.07,1.09,0.000379,0.1927
3.05,7.5,374.6,427.0,0.87,1.0,6.3e-05,0.1356
3.37,40.5,74.1,162.0,0.47,2.26,0.00298,0.1
3.71,12.2,19.9,314.0,0.17,4.36,0.004145,0.1029
4.71,3.7,40.8,346.0,0.41,4.83,0.027792,0.2601
3.51,19.1,46.4,656.0,0.76,2.93,0.001654,0.1027
3.4,11.1,77.4,162.0,0.01,2.33,0.000636,0.1416
3.22,75.3,13.6,166.0,0.58,2.19,0.00071,0.1599
4.99,28.9,152.0,830.0,0.27,2.48,0.002498,0.5274
4.29,7.3,129.3,779.0,0.4,1.8,0.00429,0.2539
3.44,17.8,192.2,814.0,0.97,1.0,0.000567,0.1338
4.08,5.2,323.5,878.0,0.81,1.0,0.000694,0.2471
3.52,4.7,205.9,306.0,0.6,1.0,0.000233,0.1335
3.27,15.5,396.8,309.0,0.2,1.0,0.000185,0.135
3.65,25.2,344.1,405.0,0.1,1.0,0.000104,0.1639
3.85,11.0,192.2,186.0,0.56,2.13,0.000934,0.1425
3.16,41.5,53.2,704.0,0.14,1.35,0.001272,0.1165
4.42,3.8,322.4,328.0,0.74,1.32,0.001805,0.3118
3.41,25.8,381.1,355.0,0.38,1.0,0.00016,0.1467
3.68,20.1,286.3,594.0,0.88,1.0,0.0009,0.1164
3.48,4.9,228.0,322.0,0.28,1.0,0.00019,0.1804
4.18,23.3,54.7,581.0,0.63,3.69,0.009152,0.2485
3.64,12.8,40.9,285.0,0.01,3.85,0.001156,0.0907
4.26,42.7,58.8,587.0,0.4,2.83,0.008689,0.258
3.28,4.7,83.1,397.0,0.96,1.87,0.000896,0.0914
3.27,28.2,257.6,328.0,0.11,1.0,0.000189,0.1791
3.34,13.1,334.2,409.0,0.68,1.0,0.000174,0.081
4.87,56.2,19.6,752.0,0.26,3.18,0.017968,0.3104
3.95,130.2,232.0,702.0,0.99,1.05,0.000657,0.2017
4.08,12.1,102.1,329.0,0.67,3.32,0.003394,0.1679
3.48,13.1,381.8,562.0,0.45,1.0,0.000393,0.0871
3.0,15.2,205.1,532.0,0.17,1.0,0.000174,0.0653
3.1,15.4,37.1,815.0,0.86,1.89,0.001351,0.1366
3.75,36.9,201.7,521.0,0.03,1.02,0.000662,0.0896
3.77,10.5,245.7,183.0,0.29,1.12,0.000532,0.1186
4.03,8.9,163.8,370.0,0.06,2.37,0.001109,0.1576
3.73,15.6,334.6,158.0,0.74,1.06,0.000188,0.1116
3.6,16.3,287.6,489.0,0.74,1.0,0.000222,0.1315
3.55,52.2,286.2,647.0,0.29,1.0,0.00052,0.0971
3.01,10.6,207.7,191.0,0.7,1.0,0.000109,0.0725
4.24,10.1,388.5,180.0,0.27,1.41,0.000546,0.2991
4.99,26.1,35.2,648.0,0.75,4.75,0.075581,0.4099
3.78,24.9,288.2,713.0,0.81,1.0,0.000382,0.136
3.66,7.2,186.1,295.0,0.07,1.43,0.000194,0.2168
3.51,12.2,224.8,684.0,0.73,1.0,0.000274,0.1757
3.86,5.4,354.8,490.0,0.78,1.0,0.000387,0.2013
4.42,29.9,133.7,723.0,0.29,2.01,0.004779,0.1983
4.03,8.3,7.8,297.0,0.28,6.05,0.035856,0.2096
3.04,9.4,69.6,190.0,0.34,1.78,0.000589,0.1168
3.06,11.6,308.6,185.0,0.44,1.0,9.2e-05,0.1506
3.71,7.7,310.5,470.0,0.81,1.0,0.000387,0.2035
4.39,16.7,32.4,490.0,0.33,4.6,0.00721,0.1721
3.44,32.5,99.6,309.0,0.45,1.94,0.000536,0.1175
3.99,20.1,278.4,459.0,0.22,1.0,0.000658,0.2483
3.82,88.4,166.1,557.0,0.08,1.0,0.001781,0.1977
3.52,17.9,219.4,249.0,0.22,1.38,0.000349,0.1147
7.08,4.2,125.0,571.0,0.29,6.27,0.150689,1.0993
3.0,15.5,340.1,788.0,0.93,1.0,0.000299,0.0707
4.01,9.8,347.9,708.0,0.94,1.0,0.000698,0.1253
3.41,34.0,53.0,543.0,0.09,2.33,0.000879,0.1677
3.46,13.4,383.4,832.0,0.83,1.0,0.000198,0.1535
4.41,21.2,253.2,790.0,0.74,1.47,0.003061,0.2062
4.52,5.2,269.6,478.0,0.12,1.44,0.004244,0.3026
3.35,9.0,217.0,355.0,0.88,1.61,0.000367,0.0848
3.58,17.9,314.7,296.0,0.9,1.0,0.000537,0.0978
3.34,12.2,77.0,724.0,0.06,1.44,0.000762,0.1023
3.66,16.2,31.2,341.0,0.44,3.86,0.004255,0.1285
3.21,59.0,128.8,860.0,0.23,1.0,0.00067,0.0681
3.18,5.9,201.4,270.0,0.09,1.38,0.00042,0.1351
3.12,6.0,20.3,173.0,0.98,3.8,0.002384,0.096
5.42,45.9,371.2,676.0,0.8,2.38,0.005707,0.3591
3.06,19.1,251.1,680.0,0.9,1.0,0.000249,0.0886
3.54,9.2,322.6,383.0,0.6,1.0,0.000308,0.161
3.38,21.8,319.6,444.0,0.82,1.0,0.000259,0.131
3.54,33.8,315.8,395.0,0.26,1.0,0.000451,0.099
3.61,8.9,153.8,763.0,0.69,1.0,0.001784,0.1602
3.29,33.8,327.0,511.0,0.19,1.0,0.00039,0.0697
3.01,14.3,395.8,463.0,0.94,1.0,0.000112,0.0461
3.29,49.8,266.2,434.0,0.27,1.0,0.000177,0.1461
4.19,2.8,214.1,336.0,0.64,1.97,0.000816,0.2629
3.87,72.5,137.4,773.0,0.77,1.19,0.001366,0.1442
4.42,14.9,235.4,711.0,0.7,1.43,0.001774,0.2676
3.02,41.7,246.1,730.0,0.62,1.0,7.3e-05,0.063
3.44,10.1,144.4,512.0,0.17,1.0,0.000802,0.094
3.8,24.3,110.5,199.0,0.33,2.18,0.00086,0.1022
3.7,39.7,316.5,268.0,0.36,1.54,0.0005,0.2056
3.81,17.7,182.4,372.0,0.88,1.7,0.000397,0.1031
4.37,11.8,34.6,228.0,0.93,4.79,0.010244,0.2401
3.17,9.2,249.7,637.0,0.65,1.0,0.000171,0.1837
3.01,9.2,210.3,722.0,0.68,1.0,0.000129,0.1163
3.56,31.0,180.1,473.0,0.76,1.0,0.000512,0.1473
3.08,7.6,33.4,562.0,0.0,2.1,0.002349,0.0987
3.04,28.9,321.8,751.0,0.46,1.0,0.000243,0.083
3.21,16.9,195.6,753.0,0.95,1.0,0.000517,0.0903
3.09,13.7,54.5,861.0,0.35,1.34,0.001179,0.0973
4.06,9.4,220.8,441.0,0.76,1.52,0.000916,0.1717
4.0,11.3,243.5,635.0,0.63,1.0,0.000483,0.1865
3.61,3.2,194.0,226.0,0.64,1.26,0.000575,0.1402
3.01,27.0,369.7,479.0,0.62,1.0,5.4e-05,0.1014
4.9,11.3,87.5,586.0,0.7,3.59,0.016455,0.2013
4.28,43.8,156.7,653.0,0.32,1.76,0.004337,0.2204
4.15,8.8,199.3,275.0,0.0,3.17,0.001663,0.1805
4.05,8.5,97.4,685.0,0.29,2.52,0.001736,0.133
3.33,15.6,101.3,681.0,0.47,1.0,0.001154,0.0845
3.86,11.9,151.0,431.0,0.06,2.61,0.001134,0.2098
3.34,6.5,53.5,366.0,1.0,2.98,0.0011,0.1163
3.45,3.2,224.6,423.0,0.82,1.0,0.000377,0.1647
3.67,8.2,79.0,409.0,0.97,2.87,0.000822,0.1888
3.83,9.8,323.3,453.0,0.49,1.0,0.001173,0.1194
3.84,28.4,337.1,473.0,0.93,1.0,0.000732,0.1626
3.2,29.5,16.0,577.0,0.78,2.52,0.000924,0.0887
3.23,7.2,77.8,606.0,0.78,1.72,0.000954,0.1105
3.99,30.3,223.7,322.0,0.78,1.92,0.001866,0.1613
5.45,7.1,121.3,737.0,0.59,3.46,0.017677,0.593
3.27,9.4,96.5,261.0,0.73,1.83,0.001132,0.0865
3.33,11.5,286.2,223.0,0.86,1.0,3e-05,0.1153
3.76,8.0,55.6,479.0,0.11,2.72,0.001179,0.1331
3.47,29.8,180.4,481.0,0.8,1.0,0.000323,0.0977
3.15,56.5,135.1,792.0,0.81,1.0,0.000161,0.1056
4.5,7.2,40.8,885.0,0.41,3.55,0.034494,0.2274
3.71,22.3,149.2,751.0,0.56,1.15,0.000728,0.1062
3.24,16.2,37.7,527.0,0.49,2.24,0.001505,0.1256
3.9,24.1,39.6,826.0,0.75,2.22,0.005427,0.2508
3.11,10.3,90.3,553.0,0.01,1.0,0.000909,0.1013
6.94,44.7,164.0,235.0,0.06,6.55,0.085136,1.3311
3.41,27.9,172.9,604.0,0.84,1.0,0.003477,0.2072
4.83,25.4,260.3,680.0,0.01,1.27,0.001986,0.2245
3.37,86.2,14.0,517.0,0.63,1.74,0.000626,0.1125
3.54,9.4,298.1,175.0,0.9,1.04,0.000389,0.1834
3.15,15.8,104.8,605.0,0.1,1.01,0.001235,0.1217
4.65,29.1,224.8,171.0,0.92,2.65,0.002527,0.2545
5.32,37.7,208.5,391.0,0.13,3.48,0.008883,0.4432
3.24,17.7,387.7,384.0,0.17,1.0,0.000317,0.0778
3.23,28.3,377.5,191.0,0.87,1.0,0.000203,0.1376
3.2,53.6,398.3,431.0,0.65,1.0,8.7e-05,0.0825
3.11,14.3,95.5,610.0,0.08,1.0,0.000387,0.0852
3.61,13.5,348.7,233.0,0.44,1.0,0.000425,0.1223
3.03,17.6,98.9,393.0,0.41,1.01,0.000219,0.0773
4.38,2.3,116.8,729.0,0.78,2.47,0.003388,0.2065
3.11,26.4,98.8,547.0,0.5,1.0,0.00096,0.0741
3.93,25.7,382.1,157.0,0.75,1.03,0.000217,0.2338
4.78,81.4,50.3,173.0,0.51,4.12,0.0051,0.2337
3.3,5.5,248.7,297.0,0.05,1.0,0.000534,0.1291
4.58,21.3,20.0,367.0,0.89,5.19,0.018895,0.2912
3.46,23.3,95.2,871.0,0.76,1.0,0.001961,0.1848
3.72,29.1,306.7,365.0,0.48,1.0,0.000491,0.127
3.42,6.4,361.2,464.0,0.83,1.0,0.000535,0.0988
3.54,2.0,212.4,667.0,0.88,1.0,0.000328,0.0752
3.53,17.2,281.2,671.0,0.0,1.0,0.000499,0.1133
3.21,20.4,33.4,536.0,0.2,2.76,0.002478,0.1064
3.02,20.4,349.9,816.0,0.88,1.0,0.000108,0.0516
5.14,9.6,55.7,453.0,0.4,4.98,0.02451,0.4965
3.08,8.5,105.1,759.0,0.02,1.0,0.000611,0.0947
3.48,15.2,134.4,459.0,0.55,1.48,0.000732,0.1661
3.84,7.8,126.4,743.0,0.01,1.55,0.00197,0.0981
3.18,7.7,233.9,772.0,0.58,1.0,0.000234,0.0891
3.68,20.5,48.8,778.0,0.65,2.69,0.002903,0.1411
3.28,25.7,18.9,277.0,0.67,4.05,0.002024,0.1028
3.98,6.8,363.6,338.0,0.95,1.0,0.000592,0.1598
3.25,3.8,313.6,381.0,0.79,1.0,6e-05,0.1037
3.03,7.3,182.8,165.0,0.04,1.25,0.00022,0.1286
3.27,28.6,12.5,202.0,0.99,3.88,0.006398,0.1524
3.74,12.8,326.2,324.0,0.94,1.0,0.001105,0.132
3.83,28.6,376.4,407.0,0.13,1.0,0.000277,0.3068
4.02,27.0,90.5,470.0,1.0,2.92,0.002452,0.1019
4.84,41.7,327.5,166.0,0.13,1.93,0.001304,0.3719
3.47,12.5,380.1,603.0,0.59,1.0,0.000233,0.128
4.04,18.1,380.1,728.0,0.77,1.0,0.000616,0.2984
3.41,32.9,100.8,675.0,0.47,1.0,0.000842,0.1014
3.43,11.6,245.4,597.0,0.12,1.0,0.000216,0.093
3.19,7.5,343.4,444.0,0.17,1.0,0.000213,0.0901
4.82,39.7,68.1,375.0,0.86,4.34,0.017598,0.3203
4.23,55.3,39.6,424.0,0.35,3.83,0.006757,0.1407
4.3,8.3,75.9,463.0,0.43,3.19,0.001974,0.3627
5.09,25.2,370.9,743.0,0.28,1.24,0.008381,0.4067
4.51,23.6,178.6,684.0,0.14,1.53,0.010433,0.2064
5.1,19.7,134.7,862.0,0.18,2.42,0.021413,0.5195
3.35,12.1,117.8,284.0,0.48,1.79,0.000519,0.1702
3.44,8.4,187.0,550.0,0.58,1.0,0.000753,0.1273
4.17,6.4,344.1,563.0,0.42,1.0,0.000438,0.1575
3.14,35.9,25.7,642.0,0.51,1.77,0.001338,0.0643
5.52,16.4,200.5,792.0,0.34,3.18,0.016539,0.4437
3.81,26.2,296.2,737.0,0.29,1.0,0.000962,0.2902
3.6,3.9,146.2,755.0,0.39,1.0,0.00079,0.1617
3.32,36.3,197.2,449.0,0.98,1.0,0.000306,0.1138
3.2,35.4,227.1,824.0,0.01,1.0,0.000101,0.1248
3.31,20.9,234.6,658.0,0.5,1.0,0.000189,0.1459
4.78,86.2,132.1,774.0,0.8,1.91,0.00483,0.3917
3.07,19.5,156.7,369.0,0.55,1.08,0.000246,0.1197
4.05,18.8,298.8,578.0,0.38,1.0,0.000543,0.1202
3.9,7.7,172.1,720.0,0.42,1.09,0.000723,0.1077
3.96,9.8,185.4,796.0,0.31,1.01,0.002811,0.1116
3.67,24.1,159.3,501.0,0.89,1.48,0.000527,0.1222
3.81,21.3,167.7,786.0,0.86,1.0,0.000441,0.2069
3.65,41.9,143.0,298.0,0.72,2.0,0.002054,0.1048
4.15,10.2,104.4,226.0,0.16,3.28,0.004108,0.2234
3.15,24.5,31.8,218.0,0.28,3.25,0.004088,0.0504
3.5,7.9,53.3,161.0,0.52,3.55,0.001101,0.118
4.37,14.2,259.7,587.0,0.11,1.44,0.000702,0.2706
5.05,9.9,12.1,467.0,0.19,6.32,0.131171,0.2653
4.22,2.8,353.2,766.0,0.2,1.0,0.000419,0.1266
3.95,30.7,241.9,610.0,0.06,1.0,0.000474,0.1893
4.35,7.9,320.7,800.0,0.78,1.0,0.002932,0.1395
3.1,8.0,91.3,607.0,0.58,1.0,0.000844,0.133
3.07,18.3,287.1,453.0,0.06,1.0,7.6e-05,0.1182
3.06,6.4,42.5,514.0,0.93,2.34,0.002551,0.1029
3.06,7.6,378.4,644.0,0.72,1.0,0.000356,0.1548
3.57,2.1,338.4,554.0,0.03,1.0,0.000476,0.1377
3.03,15.9,136.8,527.0,0.18,1.0,0.00017,0.1427
4.18,27.0,261.2,667.0,0.07,1.61,0.001115,0.1593
4.2,11.3,323.6,421.0,0.47,1.72,0.000815,0.1561
3.72,38.9,206.1,289.0,0.57,1.37,0.000595,0.1326
3.0,52.2,96.9,293.0,0.85,1.34,0.000388,0.0783
3.32,27.8,228.5,860.0,0.4,1.0,0.000424,0.1133
3.13,12.5,94.3,841.0,0.18,1.0,0.000217,0.11
3.0,28.7,250.1,663.0,0.31,1.0,0.000221,0.0536
3.32,28.9,340.9,876.0,0.13,1.0,0.000471,0.0846
5.39,18.0,119.9,839.0,0.56,3.76,0.010435,0.2579
3.13,39.5,285.5,253.0,0.42,1.0,7.4e-05,0.2928
3.87,23.0,54.6,890.0,0.21,2.23,0.002788,0.1088
3.28,6.2,9.1,880.0,0.95,4.0,0.004582,0.1082
5.35,13.2,193.3,315.0,0.65,4.23,0.007944,0.7175
4.5,17.4,375.9,579.0,0.85,1.0,0.00137,0.2585
3.67,6.0,373.5,669.0,0.11,1.0,0.001054,0.1864
3.82,5.1,61.6,309.0,0.36,3.0,0.001014,0.1662
3.72,17.1,86.2,731.0,0.52,1.48,0.003046,0.1565
3.61,23.7,176.8,332.0,0.77,1.86,0.000772,0.1264
3.82,7.1,310.3,780.0,0.75,1.0,0.000697,0.1123
3.96,24.1,339.8,735.0,0.31,1.0,0.000156,0.2112
3.82,7.4,352.2,874.0,0.55,1.0,0.000195,0.1838
3.14,6.0,71.2,480.0,0.38,1.8,0.001953,0.0933
3.62,32.9,128.3,353.0,0.02,2.03,0.000866,0.1383
3.73,18.0,354.3,558.0,0.52,1.0,0.000621,0.1664
3.37,3.7,87.5,791.0,0.13,1.0,0.001231,0.0916
6.25,4.3,177.6,814.0,0.48,3.52,0.04525,0.6321
3.23,16.9,169.3,684.0,0.7,1.0,0.000565,0.1232
3.16,7.8,339.3,186.0,0.92,1.0,0.000212,0.0786
3.63,8.0,343.3,757.0,0.78,1.0,0.000148,0.1411
3.19,5.2,160.5,607.0,0.71,1.0,0.000293,0.1498
4.05,12.7,77.5,507.0,0.59,3.27,0.00401,0.2638
3.06,99.9,179.0,686.0,0.67,1.0,0.000485,0.0828
3.85,4.3,281.4,517.0,0.64,1.0,0.000819,0.1249
3.59,59.4,375.1,329.0,0.86,1.0,0.000106,0.1099
3.36,7.8,366.5,409.0,0.84,1.0,0.00021,0.0807
3.15,6.0,307.7,595.0,0.53,1.0,8.4e-05,0.0823
3.05,31.1,140.9,165.0,0.59,1.27,0.000166,0.1319
3.05,12.9,118.3,885.0,0.73,1.0,0.000272,0.068
4.41,12.5,312.6,219.0,0.69,1.72,0.000662,0.1538
3.22,38.6,187.7,895.0,0.15,1.0,0.000243,0.1374
3.01,77.0,152.7,284.0,0.03,1.0,0.000254,0.0928
3.9,21.3,364.2,755.0,0.94,1.0,0.000581,0.1432
3.53,6.6,307.1,739.0,0.14,1.0,0.000206,0.1157
3.4,6.5,374.6,895.0,0.94,1.0,0.000575,0.1429
3.64,14.3,11.6,858.0,0.08,3.25,0.003246,0.0916
4.06,34.8,286.5,712.0,0.25,1.05,0.000889,0.209
4.62,21.7,329.2,647.0,0.15,1.25,0.003057,0.2074
3.34,19.5,331.8,836.0,0.34,1.0,0.000241,0.1486
3.89,38.1,174.5,558.0,0.95,1.0,0.001639,0.1261
3.75,2.6,268.6,473.0,0.36,1.0,0.000639,0.267
4.17,31.7,26.3,477.0,0.97,4.09,0.015102,0.2129
5.11,16.5,91.4,721.0,0.72,3.34,0.012812,0.4766
3.52,15.7,192.6,714.0,0.14,1.0,0.000409,0.1528
3.37,21.8,151.1,869.0,0.56,1.0,0.000719,0.1351
3.96,12.3,16.2,389.0,0.4,4.8,0.010774,0.2127
3.19,6.6,158.5,425.0,0.9,1.0,0.001439,0.0947
3.86,3.1,31.9,470.0,0.45,3.71,0.014467,0.2093
3.15,20.5,202.9,561.0,0.58,1.0,0.000332,0.1374
4.03,5.9,152.9,637.0,0.07,1.45,0.001759,0.1439
3.7,14.6,370.6,468.0,0.09,1.0,0.000168,0.1119
3.38,4.0,257.0,397.0,0.52,1.0,0.000224,0.1269
3.0,15.2,139.5,653.0,0.32,1.0,0.000183,0.05
3.32,23.1,272.0,556.0,0.16,1.0,0.000231,0.1382
4.78,11.6,192.8,691.0,0.51,1.76,0.001946,0.2867
4.86,21.8,144.5,314.0,0.13,3.85,0.003544,0.3083
3.63,8.7,36.8,342.0,0.55,3.38,0.004278,0.1657
4.91,10.7,244.4,676.0,0.76,2.25,0.002637,0.2294
3.56,18.5,388.9,594.0,0.22,1.0,0.00029,0.1326
3.03,15.9,243.4,191.0,0.47,1.0,0.000733,0.1098
3.43,23.3,25.0,450.0,0.66,3.01,0.002558,0.1044
6.12,17.7,89.0,424.0,0.2,5.29,0.05771,0.8633
3.65,35.2,138.0,398.0,0.76,1.63,0.002404,0.122
4.82,60.1,334.4,780.0,0.33,1.35,0.001397,0.2737
4.13,27.1,394.7,416.0,0.98,1.0,0.000927,0.1717
3.12,35.0,190.6,384.0,0.2,1.0,0.000312,0.1255
4.17,21.8,244.3,474.0,0.33,1.11,0.00067,0.2191
3.52,7.0,83.7,876.0,0.85,1.15,0.000434,0.1487
3.19,32.5,220.1,641.0,0.04,1.0,0.000275,0.1119
3.78,32.9,238.0,287.0,0.61,1.06,0.001161,0.1995
3.28,6.8,152.4,870.0,0.26,1.0,0.000545,0.1232
3.36,14.4,353.5,566.0,0.41,1.0,0.000195,0.1041
3.07,4.8,41.4,235.0,0.53,3.19,0.001659,0.0861
3.03,21.3,197.1,201.0,0.26,1.0,0.000736,0.0729
3.62,54.3,334.6,493.0,0.8,1.0,0.000245,0.1664
3.03,18.6,78.9,821.0,0.82,1.0,0.000492,0.1378
3.29,9.4,14.5,569.0,0.17,3.74,0.002475,0.1244
3.44,39.3,248.0,797.0,0.94,1.0,0.000838,0.114
3.29,25.1,336.8,317.0,0.15,1.0,0.000273,0.153
3.87,19.3,200.3,356.0,0.93,1.48,0.001299,0.1439
3.22,31.9,314.9,595.0,1.0,1.0,0.000305,0.0965
3.65,13.8,69.3,549.0,0.52,2.11,0.001223,0.2049
3.36,39.3,125.8,152.0,0.07,1.9,0.000275,0.1325
4.31,3.1,53.2,828.0,0.17,3.09,0.010397,0.2092
3.27,25.1,304.2,479.0,0.48,1.0,0.000172,0.1071
3.15,8.5,167.0,351.0,0.58,1.0,0.000409,0.1168
3.43,22.2,21.0,876.0,0.81,2.39,0.001051,0.1091
3.82,8.7,227.6,464.0,0.71,1.28,0.001145,0.1827
3.29,4.4,175.0,867.0,0.1,1.0,0.000324,0.11
7.03,24.7,250.1,480.0,0.49,5.26,0.041396,1.128
4.1,5.6,347.4,544.0,0.06,1.0,0.000792,0.2087
3.19,2.3,32.3,293.0,0.23,3.38,0.001427,0.1091
3.31,13.5,355.5,424.0,0.4,1.0,8.5e-05,0.0615
3.71,46.7,181.4,176.0,0.84,1.94,0.001964,0.1348
3.17,67.4,305.7,709.0,0.44,1.0,0.0001,0.1366
3.04,55.6,124.3,828.0,0.82,1.0,0.000489,0.1043
3.07,3.5,226.8,445.0,0.33,1.0,9.6e-05,0.105
3.57,15.5,324.9,690.0,0.22,1.0,0.000437,0.1033
3.18,7.4,271.1,532.0,0.35,1.0,0.000217,0.0753
3.29,19.0,257.6,646.0,0.63,1.0,0.000229,0.103
4.6,3.5,141.1,586.0,0.51,2.75,0.003708,0.3106
3.3,26.8,189.0,342.0,0.2,1.06,0.000378,0.1328
3.59,18.9,268.5,899.0,0.25,1.0,0.000346,0.1105
4.34,45.2,348.9,445.0,0.42,1.56,0.001784,0.1689
4.39,42.9,48.3,493.0,0.37,3.76,0.012897,0.3426
4.41,17.5,146.6,692.0,0.49,2.15,0.003346,0.3297
3.12,4.4,78.9,346.0,0.63,2.2,0.000569,0.0725
5.2,25.6,369.1,544.0,0.95,1.56,0.009094,0.6123
4.12,9.5,345.3,752.0,0.69,1.0,0.000717,0.1709
3.83,16.7,78.9,160.0,0.29,3.37,0.0012,0.249
5.74,41.7,268.9,833.0,0.26,3.18,0.012098,0.6669
3.39,3.4,71.1,186.0,0.73,2.54,0.001717,0.0964
3.57,12.8,83.8,197.0,0.85,2.35,0.002611,0.1178
3.09,7.3,104.9,271.0,0.84,1.15,0.000831,0.0779
4.55,19.2,256.1,166.0,0.57,2.79,0.001782,0.3133
3.67,23.1,10.0,186.0,0.51,4.3,0.003961,0.1703
3.31,20.9,327.3,371.0,0.42,1.0,0.00043,0.1167
8.5,22.4,146.9,631.0,0.07,7.52,7.434489,4.1714
7.87,8.4,43.0,769.0,0.53,9.1,5.067311,3.2002
3.81,10.0,342.4,592.0,0.23,1.0,0.000569,0.1637
5.84,15.0,245.3,176.0,0.31,4.52,0.018288,0.745
3.17,18.8,44.3,486.0,0.79,2.52,0.000759,0.1279
3.58,14.6,55.4,172.0,0.18,3.3,0.002816,0.0969
3.91,7.6,324.6,711.0,0.0,1.0,0.000375,0.1501
6.16,12.3,330.3,332.0,0.78,3.97,0.011341,0.9839
3.16,18.3,308.7,711.0,0.3,1.0,0.000234,0.1073
4.21,6.4,44.5,407.0,0.37,4.3,0.017676,0.161
3.54,7.6,80.1,301.0,0.55,2.85,0.000741,0.0434
3.22,23.8,44.2,330.0,0.94,2.39,0.002625,0.1432
6.47,100.1,123.3,313.0,0.45,5.43,0.13497,0.8089
3.05,18.2,251.3,241.0,0.29,1.0,5.1e-05,0.0831
5.75,6.6,89.8,797.0,0.33,4.16,0.035826,0.6298
3.08,57.7,34.6,600.0,0.46,1.5,0.000429,0.0959
4.29,24.9,309.3,367.0,0.59,1.52,0.001012,0.2559
3.37,7.1,203.8,463.0,0.49,1.0,0.000504,0.0948
3.36,20.3,335.2,363.0,0.51,1.0,0.000354,0.1172
3.79,22.3,311.6,496.0,0.22,1.0,0.001249,0.0943
3.51,37.1,8.0,357.0,0.38,3.18,0.003097,0.1245
6.86,7.6,367.5,166.0,0.79,4.78,0.020569,2.3569
3.13,37.7,237.4,356.0,1.0,1.0,0.000395,0.1235
3.03,11.8,332.4,586.0,0.4,1.0,0.000166,0.1331
4.15,20.3,100.6,424.0,0.58,2.38,0.001641,0.2603
3.57,6.1,38.4,188.0,0.39,3.85,0.006764,0.1109
3.03,43.5,336.4,851.0,0.33,1.0,0.000121,0.0893
3.53,19.3,33.1,286.0,0.79,4.03,0.001301,0.1608
3.43,7.9,125.7,549.0,0.63,1.0,0.000336,0.1489
4.21,22.9,153.7,580.0,0.96,2.15,0.002588,0.1805
3.84,28.7,109.4,176.0,0.62,2.74,0.000792,0.161
3.57,34.7,348.5,542.0,0.3,1.0,0.000318,0.0803
4.72,31.8,250.6,785.0,0.91,1.33,0.001965,0.2486
3.07,3.6,53.6,710.0,0.98,1.69,0.001838,0.0833
3.71,6.7,365.4,663.0,0.64,1.0,0.001214,0.1153
3.33,15.1,281.1,291.0,0.43,1.0,0.00039,0.1278
3.21,18.5,37.1,686.0,0.97,1.86,0.001496,0.066
3.41,5.9,117.5,331.0,0.74,2.24,0.001179,0.1829
3.42,37.7,211.6,891.0,0.52,1.0,9.1e-05,0.1293
3.93,23.1,303.6,756.0,0.99,1.0,0.000625,0.2219
5.3,3.8,106.6,809.0,0.04,3.52,0.010343,0.4502
3.1,5.9,355.2,632.0,0.46,1.0,0.000173,0.0641
3.2,41.0,149.4,326.0,0.82,1.0,0.000592,0.1081
4.03,3.6,362.0,528.0,0.89,1.0,0.001494,0.2779
3.92,84.6,34.7,868.0,0.55,1.84,0.003383,0.2002
4.24,59.2,297.1,769.0,0.24,1.0,0.000716,0.2676
5.16,5.8,105.9,787.0,0.11,3.31,0.008425,0.2951
3.1,21.8,164.9,293.0,0.58,1.0,0.000404,0.0854
3.02,36.2,254.2,750.0,0.23,1.0,0.000241,0.1121
4.46,5.1,180.7,535.0,0.93,2.55,0.003263,0.2241
3.17,3.4,216.0,406.0,0.74,1.0,0.00065,0.0677
4.84,52.5,286.4,710.0,0.46,1.42,0.001126,0.2685
3.11,12.6,83.6,805.0,0.86,1.0,0.000465,0.0924
3.68,3.9,393.3,698.0,0.91,1.0,0.000257,0.1174
3.87,36.9,322.6,242.0,0.85,1.0,0.000153,0.2354
3.36,36.4,362.6,307.0,0.25,1.0,0.000142,0.0741
3.04,21.5,79.1,426.0,0.75,1.93,0.000913,0.0677
3.67,14.2,217.4,343.0,0.56,1.43,0.000344,0.2273
3.8,6.9,223.8,616.0,0.51,1.06,0.000972,0.2295
4.06,3.9,175.2,224.0,0.92,1.82,0.000686,0.1233
4.81,27.8,220.9,695.0,0.71,1.8,0.012117,0.3144
3.6,22.2,288.2,339.0,0.19,1.0,0.000364,0.0891
3.18,4.6,287.8,604.0,0.49,1.0,0.000228,0.1466
4.05,7.0,118.5,741.0,0.31,1.57,0.00105,0.1601
3.44,7.6,19.4,538.0,0.73,3.84,0.003005,0.097
4.83,10.1,94.3,784.0,0.97,3.21,0.012224,0.4583
3.56,13.5,9.2,440.0,0.64,4.63,0.014412,0.1154
3.75,47.6,71.5,768.0,0.12,1.51,0.004379,0.1458
3.91,15.5,37.6,383.0,0.29,3.81,0.002577,0.2357
3.85,35.8,324.0,435.0,0.29,1.0,0.000221,0.2542
3.03,15.9,275.4,812.0,0.74,1.0,0.00027,0.0633
3.19,32.7,43.7,306.0,0.05,2.48,0.000689,0.0958
3.08,13.1,103.7,404.0,0.99,1.0,0.00105,0.0913
3.03,31.3,46.8,195.0,0.7,1.86,0.005232,0.0912
3.72,8.1,210.1,638.0,0.41,1.14,0.000504,0.1588
3.3,3.7,328.3,340.0,0.27,1.0,0.000167,0.0651
3.25,34.8,38.6,687.0,0.14,1.94,0.00195,0.0835
3.62,5.2,87.0,427.0,0.7,2.06,0.000562,0.2072
3.03,5.8,339.8,338.0,0.24,1.0,0.000208,0.0611
4.96,49.6,31.4,536.0,0.6,4.54,0.009486,0.3036
3.1,11.3,347.3,261.0,0.13,1.0,0.00016,0.0713
3.61,15.8,258.8,778.0,0.54,1.0,0.000753,0.2007
3.2,18.5,133.6,429.0,0.41,1.59,0.000441,0.1026
3.44,22.4,66.9,183.0,0.0,2.06,0.000327,0.1211
3.29,33.4,241.0,731.0,0.17,1.0,0.000128,0.0747
4.37,12.0,123.8,260.0,0.78,3.16,0.002248,0.1818
3.0,6.9,153.5,699.0,0.85,1.0,0.000134,0.0925
4.31,32.8,301.7,750.0,0.01,1.0,0.001056,0.2114
3.32,13.5,157.8,898.0,0.94,1.0,0.00179,0.1079
4.21,9.8,399.4,629.0,0.3,1.0,0.000582,0.2116
3.34,24.9,395.8,463.0,0.24,1.0,0.00021,0.1092
3.1,26.4,388.9,859.0,0.95,1.0,0.000289,0.0772
3.32,17.7,6.1,361.0,0.38,4.61,0.006307,0.1646
5.17,2.7,185.4,420.0,0.94,3.37,0.019311,0.2819
3.63,80.6,262.5,500.0,0.89,1.0,0.000396,0.1025
3.82,14.3,183.8,483.0,0.21,1.29,0.000432,0.2162
3.93,4.7,49.9,386.0,0.77,3.62,0.004021,0.3019
6.18,23.4,305.9,219.0,0.17,3.96,0.023813,0.7667
3.87,43.4,69.1,881.0,0.12,2.1,0.005377,0.1615
3.36,38.7,129.0,315.0,0.04,1.84,0.000605,0.1833
4.33,20.7,136.8,283.0,0.61,3.2,0.010292,0.1466
4.3,22.1,131.1,693.0,0.44,2.0,0.003281,0.2331
4.4,3.5,372.6,418.0,0.7,1.02,0.000403,0.179
4.02,2.0,205.8,667.0,0.99,1.0,0.000486,0.1524
4.83,41.5,232.4,846.0,0.65,1.7,0.002689,0.2579
3.1,18.1,22.8,661.0,0.26,2.83,0.000942,0.1171
3.06,17.9,360.7,658.0,0.07,1.0,8.3e-05,0.1603
3.99,4.2,395.3,523.0,0.16,1.0,0.00071,0.1648
3.78,58.2,181.2,345.0,0.19,1.29,0.000669,0.1329
3.66,9.0,201.6,502.0,0.41,1.43,0.000603,0.1703
3.06,28.9,121.5,205.0,0.1,1.95,0.000313,0.1269
4.52,4.7,275.5,683.0,0.41,2.15,0.001717,0.2199
3.66,2.6,45.5,450.0,0.56,3.1,0.002937,0.1232
4.42,17.7,207.9,684.0,0.19,1.88,0.002056,0.2059
3.6,22.6,270.8,812.0,0.38,1.0,0.000273,0.1067
3.26,5.9,241.1,720.0,0.81,1.0,4.6e-05,0.1101
3.41,108.3,29.6,628.0,0.59,1.16,0.000903,0.1612
3.24,9.7,313.5,530.0,0.38,1.0,9.6e-05,0.1046
3.09,46.2,146.6,187.0,0.82,1.64,0.000227,0.1068
4.25,37.6,127.2,513.0,0.83,2.06,0.006152,0.1356
3.74,4.7,101.2,520.0,0.26,2.34,0.000934,0.101
4.7,22.2,349.9,706.0,0.23,1.05,0.001487,0.3426
3.16,7.6,90.2,551.0,0.09,1.97,0.000705,0.1307
3.09,18.0,96.8,314.0,0.0,2.25,0.001375,0.1482
3.07,13.8,339.3,406.0,0.83,1.0,0.000246,0.1146
3.87,34.2,132.8,892.0,0.99,1.0,0.002872,0.1519
4.04,8.5,312.3,867.0,0.72,1.0,0.000309,0.2129
3.39,24.2,213.2,168.0,0.49,1.46,0.000384,0.1143
3.3,28.6,282.8,299.0,0.94,1.0,0.000269,0.0885
3.24,38.7,191.5,592.0,0.79,1.0,0.001433,0.1412
3.9,8.1,168.3,650.0,0.52,1.0,0.001678,0.2051
4.91,27.7,179.9,895.0,0.58,2.2,0.001479,0.4119
3.01,28.7,70.7,840.0,0.41,1.26,0.000847,0.0579
5.58,37.4,12.6,441.0,0.1,6.6,0.086454,0.5596
4.01,2.3,221.8,659.0,0.3,1.0,0.000845,0.2129
3.11,3.3,291.2,562.0,0.8,1.0,0.000191,0.1577
3.46,3.1,395.1,441.0,0.24,1.0,0.000478,0.1719
3.32,9.9,267.9,298.0,0.93,1.0,0.000415,0.1258
3.54,5.4,190.2,216.0,0.62,1.33,0.000221,0.0995
3.34,10.6,71.9,433.0,0.91,2.23,0.000894,0.1347
3.52,12.2,175.2,438.0,0.36,1.0,0.000542,0.163
4.56,35.5,398.3,203.0,0.73,1.72,0.001672,0.1861
3.68,31.7,358.7,412.0,0.61,1.0,0.000333,0.091
3.31,10.0,214.7,256.0,0.67,1.55,0.000161,0.0783
3.05,13.2,12.7,807.0,0.88,2.42,0.00565,0.0994
5.43,3.6,388.0,705.0,0.24,1.99,0.004205,0.6338
4.33,9.1,327.8,501.0,0.33,1.34,0.002636,0.2365
5.42,12.7,355.5,751.0,0.47,2.14,0.006425,0.8302
3.04,9.9,318.5,501.0,0.42,1.0,9.8e-05,0.0804
3.26,73.4,179.9,478.0,0.84,1.0,0.000552,0.1715
3.34,2.0,140.6,800.0,0.57,1.0,0.000765,0.1095
5.13,9.2,268.3,791.0,0.15,2.18,0.020538,0.3098
4.46,14.7,13.5,533.0,0.17,4.57,0.058038,0.2474
3.01,29.7,118.0,741.0,0.45,1.0,0.00022,0.0615
5.55,20.0,85.0,788.0,0.23,4.04,0.036742,0.5289
3.37,3.8,301.9,667.0,0.15,1.0,0.000263,0.1346
3.55,6.7,250.0,627.0,0.83,1.0,0.000239,0.1221
3.92,22.2,55.4,740.0,1.0,2.71,0.001881,0.2012
5.13,16.4,330.0,553.0,0.5,2.62,0.007456,0.2676
3.18,36.9,274.6,824.0,0.76,1.0,0.000216,0.1326
4.07,23.8,155.7,646.0,0.97,1.71,0.000941,0.1721
3.95,12.6,90.6,526.0,0.75,2.57,0.003538,0.1991
3.12,11.3,76.8,216.0,0.62,1.97,0.00048,0.0638
3.64,26.7,12.7,848.0,0.16,3.24,0.016621,0.1186
3.47,8.5,208.7,898.0,0.48,1.0,0.000617,0.1853
3.1,12.0,356.4,358.0,0.21,1.0,8.3e-05,0.0855
3.57,38.0,102.0,826.0,0.52,1.17,0.001261,0.0963
3.38,10.6,19.4,684.0,0.11,3.67,0.009348,0.0664
3.12,21.8,336.8,374.0,0.22,1.0,8.9e-05,0.1025
4.54,2.0,382.4,170.0,0.01,1.56,0.000867,0.3312
5.8,7.9,126.7,296.0,0.27,5.25,0.084128,0.823
3.8,15.1,123.9,355.0,0.87,1.95,0.003663,0.1082
3.96,23.2,25.8,446.0,0.3,4.01,0.005521,0.1907
3.03,13.2,246.8,777.0,0.57,1.0,0.000145,0.0825
4.11,15.7,176.7,332.0,0.11,2.38,0.001216,0.1504
3.39,7.6,279.4,808.0,0.46,1.0,0.000156,0.0817
4.92,14.1,27.1,744.0,0.83,4.57,0.041405,0.5343
3.26,28.1,147.6,681.0,0.25,1.0,0.000588,0.1386
3.01,7.0,375.6,378.0,0.39,1.0,0.000187,0.0794
3.05,4.9,71.6,636.0,0.39,1.0,0.000591,0.1044
3.31,33.8,301.3,826.0,0.32,1.0,0.000273,0.1117
3.63,65.5,74.6,298.0,0.89,1.74,0.001093,0.1431
4.56,47.0,187.9,325.0,0.46,2.94,0.010215,0.1711
3.81,8.9,49.7,476.0,0.78,3.23,0.002324,0.217
4.18,12.2,7.5,854.0,0.62,4.21,0.076024,0.1638
3.44,10.8,169.7,246.0,0.34,1.53,0.000495,0.1124
3.8,23.8,212.1,489.0,0.37,1.31,0.000848,0.1499
5.13,29.0,67.9,455.0,0.58,4.36,0.010644,0.4553
4.21,8.4,327.6,371.0,0.01,1.14,0.000656,0.253
3.57,25.2,70.1,455.0,0.48,2.76,0.003629,0.1275
3.23,20.8,259.8,653.0,0.81,1.0,0.00049,0.0917
3.32,50.3,70.0,257.0,0.17,2.16,0.000395,0.1196
3.11,13.6,327.8,864.0,0.57,1.0,0.0002,0.0771
3.02,20.2,158.4,709.0,0.94,1.0,0.000429,0.0959
3.7,3.7,60.6,364.0,0.37,2.34,0.002298,0.1095
4.9,10.9,118.4,202.0,0.74,4.01,0.006271,0.3929
4.32,25.8,133.2,526.0,0.18,2.72,0.001074,0.4234
3.41,5.5,139.7,758.0,0.29,1.0,0.000459,0.0762
3.88,7.9,264.5,384.0,0.29,1.57,0.002281,0.0752
3.51,14.8,34.9,623.0,0.42,2.87,0.006199,0.104
3.4,11.7,313.2,407.0,0.17,1.0,0.000119,0.113
3.12,7.3,250.3,856.0,0.27,1.0,0.000244,0.1034
3.93,9.8,64.5,754.0,0.78,2.72,0.002645,0.1239
3.75,23.7,167.6,727.0,0.67,1.0,0.000703,0.1382
3.18,48.1,207.7,208.0,0.37,1.0,0.000206,0.1061
3.45,32.5,44.6,415.0,0.5,2.62,0.000915,0.0959
3.4,19.8,56.3,874.0,0.15,1.86,0.001178,0.1484
3.26,46.4,75.2,754.0,0.09,1.28,0.000547,0.1514
3.08,4.5,302.5,506.0,0.72,1.0,0.000479,0.0718
4.06,38.9,154.7,418.0,0.44,2.14,0.001013,0.2295
3.07,16.7,10.2,277.0,0.06,4.05,0.000396,0.0778
3.59,14.5,106.6,739.0,0.22,1.44,0.000788,0.1366
3.32,9.3,160.4,367.0,0.8,1.27,0.000337,0.1453
5.36,15.5,15.8,647.0,0.15,6.46,0.10293,0.436
4.02,22.4,377.1,557.0,0.32,1.0,0.000497,0.2247
5.1,9.2,273.5,429.0,0.08,2.44,0.004325,0.8644
4.18,7.3,13.8,166.0,0.17,5.49,0.044664,0.3813
3.08,22.0,201.9,638.0,0.36,1.0,0.000109,0.0983
3.15,53.7,75.9,268.0,0.52,2.06,0.000663,0.0923
3.08,39.4,168.9,386.0,0.35,1.0,0.000352,0.1055
3.16,38.4,352.9,464.0,0.1,1.0,0.000144,0.1265
3.24,9.2,274.0,777.0,0.66,1.0,0.000302,0.0876
4.19,10.6,115.4,326.0,0.28,2.91,0.009419,0.2623
3.19,11.4,111.8,528.0,0.76,1.0,0.00018,0.131
3.09,72.3,45.3,852.0,0.47,1.0,0.000268,0.1159
4.34,10.9,340.4,455.0,0.43,1.19,0.000561,0.2044
3.02,40.5,63.0,154.0,0.34,2.55,0.000498,0.123
4.57,30.4,17.3,581.0,0.95,4.89,0.041267,0.2642
4.61,8.0,60.2,543.0,0.62,3.77,0.011635,0.2777
3.25,22.7,270.0,187.0,0.98,1.0,0.000271,0.1487
3.65,47.7,47.2,455.0,0.92,2.71,0.001063,0.1787
5.63,27.7,32.4,227.0,0.7,6.84,0.081392,0.6821
4.51,19.7,126.3,759.0,0.88,1.68,0.004677,0.1596
3.25,38.7,207.4,825.0,0.09,1.0,0.000396,0.0621
3.42,5.2,74.3,785.0,0.0,1.0,0.001311,0.1167
4.81,10.7,141.1,481.0,0.96,3.37,0.003474,0.2353
3.21,16.7,93.6,698.0,0.57,1.0,0.000342,0.07
4.06,28.9,386.2,382.0,0.65,1.06,0.000463,0.204
3.15,43.8,324.1,391.0,0.61,1.0,8.6e-05,0.0969
3.73,9.8,220.6,596.0,0.92,1.0,0.000368,0.1777
3.29,16.9,103.2,608.0,0.84,1.04,0.000277,0.1817
3.98,43.0,329.7,675.0,0.39,1.0,0.000635,0.1489
4.08,40.9,134.8,687.0,0.67,1.13,0.001009,0.1723
3.35,9.8,135.9,792.0,0.64,1.0,0.000633,0.0925
3.08,7.7,130.1,631.0,0.6,1.0,0.000476,0.0751
3.33,12.1,357.4,762.0,0.62,1.0,0.000171,0.1829
3.39,21.5,79.2,408.0,0.49,2.07,0.001575,0.1482
3.39,2.3,30.5,179.0,0.09,4.22,0.006352,0.1287
4.12,50.1,352.2,271.0,0.4,1.24,0.000729,0.1642
3.18,13.6,223.6,667.0,0.64,1.0,8.2e-05,0.0922
3.25,36.9,353.6,619.0,0.07,1.0,0.000444,0.0796
6.03,52.7,131.5,715.0,0.83,4.4,0.059055,0.7476
3.29,11.5,70.9,167.0,0.65,2.77,0.004035,0.0888
3.1,4.9,171.5,297.0,0.66,1.63,0.000255,0.1
3.83,4.1,145.0,491.0,0.51,2.1,0.001414,0.1911
3.91,60.6,58.8,645.0,0.19,2.25,0.007169,0.1644
3.94,9.4,370.7,284.0,0.95,1.39,0.000924,0.2278
3.04,15.5,216.5,827.0,0.22,1.0,0.000198,0.0889
3.71,5.3,24.7,787.0,0.34,3.58,0.007385,0.1518
4.55,10.5,357.2,888.0,0.81,1.0,0.000648,0.3151
3.02,19.9,26.5,875.0,0.16,2.33,0.00121,0.0627
3.83,24.2,282.6,497.0,0.35,1.0,0.000678,0.1934
4.07,15.7,252.1,338.0,0.97,1.76,0.001531,0.1192
3.47,7.0,6.2,602.0,0.84,4.83,0.007316,0.1086
4.67,13.3,211.3,617.0,0.9,1.82,0.0025,0.2786
4.08,12.7,322.1,656.0,0.85,1.0,0.000463,0.2443
3.4,42.1,24.6,830.0,0.28,2.15,0.006393,0.0843
3.98,9.9,186.1,431.0,0.97,1.17,0.00243,0.2743
5.33,5.8,105.2,245.0,0.88,4.88,0.009572,0.4376
3.08,22.1,63.8,853.0,0.56,1.0,0.001233,0.1256
3.79,7.6,5.3,747.0,0.3,4.63,0.021618,0.1755
3.18,45.5,343.0,654.0,0.66,1.0,0.000179,0.2302
4.02,45.7,368.5,579.0,0.39,1.0,0.000493,0.174
3.3,11.8,169.4,343.0,0.73,1.0,0.000403,0.0749
3.19,11.6,146.3,799.0,0.87,1.0,0.000602,0.1058
3.94,27.0,103.2,743.0,0.78,1.64,0.000853,0.1681
3.35,4.3,323.6,453.0,0.11,1.0,0.000191,0.1315
3.78,36.8,379.0,579.0,0.74,1.0,0.000697,0.1024
4.28,46.2,356.4,234.0,0.83,1.52,0.000558,0.236
3.4,19.3,80.2,795.0,0.21,1.43,0.001464,0.1475
3.59,17.3,192.9,524.0,0.69,1.0,0.001649,0.1149
3.44,9.6,146.3,421.0,0.45,1.26,0.000666,0.1191
3.13,8.1,235.6,690.0,0.2,1.0,0.000156,0.0962
3.5,21.9,164.7,527.0,0.37,1.0,0.000245,0.1668
3.6,20.6,216.0,247.0,0.27,1.0,0.001154,0.3144
3.57,10.1,87.0,376.0,0.22,2.45,0.00111,0.1651
3.32,36.3,343.1,382.0,0.42,1.0,0.000389,0.0946
4.1,12.0,386.0,173.0,0.96,1.3,0.000627,0.1363
3.71,35.3,66.6,704.0,0.05,2.03,0.002044,0.12
4.01,7.3,339.9,271.0,0.26,1.17,0.001732,0.1523
3.76,21.1,129.2,454.0,0.64,1.31,0.000623,0.173
3.36,26.8,233.9,523.0,0.07,1.0,0.0002,0.131
3.14,36.0,244.1,367.0,0.96,1.0,0.000217,0.1081
3.07,12.8,56.1,691.0,0.78,1.43,0.000894,0.104
4.6,16.8,157.0,312.0,0.12,2.67,0.005861,0.3229
3.05,17.9,103.1,377.0,0.08,1.13,0.000398,0.0701
3.82,39.6,391.4,296.0,0.56,1.0,0.000572,0.1746
4.13,8.0,367.9,855.0,0.72,1.0,0.000764,0.1435
3.1,13.7,133.4,437.0,0.96,1.0,0.000428,0.075
3.08,3.9,115.6,869.0,0.09,1.0,0.000124,0.0721
3.33,60.7,153.0,451.0,0.89,1.0,0.000283,0.1299
3.03,19.0,254.6,166.0,0.99,1.0,6.8e-05,0.0996
3.36,12.4,127.4,850.0,0.29,1.04,0.000743,0.0889
3.04,14.8,207.4,568.0,0.31,1.0,0.000141,0.0909
3.61,30.2,271.0,831.0,0.64,1.0,0.000562,0.1177
3.1,12.6,143.5,205.0,0.42,1.3,0.000389,0.1163
3.12,20.2,115.4,341.0,0.07,1.48,0.001175,0.1018
4.18,5.1,134.1,362.0,0.55,2.86,0.001792,0.1952
3.65,5.9,370.6,494.0,0.98,1.0,0.000349,0.2236
3.73,41.4,10.9,519.0,0.9,2.99,0.011893,0.1517
3.77,16.9,318.2,331.0,0.06,1.0,0.000571,0.1007
3.05,4.4,232.7,662.0,0.65,1.0,0.00046,0.0639
3.03,17.6,120.1,767.0,0.38,1.0,0.000415,0.1073
3.16,30.2,59.8,545.0,0.91,1.79,0.002663,0.1008
3.57,56.5,187.7,699.0,0.53,1.0,0.000353,0.1441
3.59,8.6,143.3,721.0,0.26,1.0,0.001918,0.1067
3.88,18.6,39.3,387.0,0.13,3.99,0.006591,0.1526
3.16,8.4,188.1,659.0,0.03,1.0,0.000375,0.0662
4.41,4.1,230.3,289.0,0.06,2.42,0.001616,0.2655
4.38,7.3,106.2,480.0,0.76,3.24,0.005279,0.2387
3.91,15.4,29.4,563.0,0.13,3.58,0.008209,0.157
3.35,10.5,330.4,571.0,0.54,1.0,0.000191,0.1075
3.3,13.1,226.2,252.0,0.17,1.12,0.000464,0.0924
3.8,10.7,259.0,587.0,0.3,1.0,0.00031,0.2604
4.5,19.0,53.3,535.0,0.44,3.82,0.012144,0.6077
3.19,97.0,385.0,412.0,0.26,1.0,0.000204,0.117
3.21,25.3,210.9,674.0,0.3,1.0,0.000209,0.1419
3.08,36.2,178.8,374.0,0.49,1.0,0.000361,0.0597
5.04,78.4,333.9,610.0,0.36,1.8,0.003062,0.5242
4.16,5.3,301.6,739.0,0.14,1.0,0.000672,0.2216
3.39,6.0,178.2,216.0,0.63,1.4,0.000271,0.123
3.65,8.4,35.8,624.0,0.99,2.66,0.007757,0.171
4.02,5.7,52.3,535.0,0.43,3.13,0.004177,0.2402
3.19,38.4,226.4,174.0,0.17,1.01,0.000121,0.0981
3.32,6.2,224.0,672.0,0.57,1.0,0.000359,0.0857
4.68,9.4,96.7,475.0,0.35,2.95,0.002552,0.2472
3.41,34.8,39.8,249.0,0.87,3.51,0.000939,0.0846
3.26,8.2,37.7,649.0,0.44,2.78,0.003217,0.1212
3.28,19.9,197.3,219.0,0.88,1.0,0.000186,0.115
3.09,31.4,288.2,197.0,0.02,1.0,0.000306,0.1511
3.2,9.5,330.0,627.0,0.12,1.0,0.000271,0.0603
5.65,42.1,388.1,303.0,0.08,3.48,0.011294,0.6625
3.2,27.6,119.9,776.0,0.51,1.0,0.000673,0.1218
3.73,22.9,345.3,809.0,0.54,1.0,0.000641,0.2431
3.29,14.5,162.6,188.0,0.57,1.2,0.000406,0.1357
3.6,7.5,136.5,156.0,0.83,2.57,0.000694,0.1275
4.75,77.1,5.2,819.0,0.57,4.02,0.009065,0.2631
3.03,10.3,81.1,575.0,0.63,1.0,0.000552,0.1394
3.1,13.2,382.9,166.0,0.8,1.0,0.000147,0.0846
3.23,14.9,237.9,869.0,0.89,1.0,0.000301,0.1112
4.45,14.3,29.7,553.0,0.56,4.03,0.033477,0.2338
4.78,25.8,327.2,784.0,0.67,1.0,0.012236,0.2756
3.43,8.8,106.2,721.0,0.96,1.1,0.000299,0.1103
3.17,16.0,395.1,704.0,0.37,1.0,0.000173,0.1226
3.18,35.5,44.4,250.0,0.57,3.04,0.002223,0.0759
4.6,6.9,94.9,787.0,0.69,2.82,0.004363,0.2672
4.88,15.9,379.2,513.0,0.35,1.64,0.003644,0.3319
3.16,5.9,131.9,284.0,0.12,1.62,0.000738,0.0519
3.89,14.5,94.4,672.0,0.24,1.82,0.003774,0.1084
3.92,19.7,139.1,246.0,0.56,2.56,0.000975,0.1563
3.27,8.3,184.1,293.0,0.0,1.0,0.000137,0.1231
4.21,74.4,94.3,538.0,0.99,2.75,0.00251,0.1325
3.62,5.2,321.3,761.0,0.63,1.0,0.000399,0.1282
3.49,41.7,246.4,515.0,0.8,1.0,0.000382,0.2354
4.02,14.4,185.0,480.0,0.63,2.0,0.002855,0.1261
4.1,21.0,88.5,683.0,0.63,2.51,0.005913,0.1576
4.43,7.4,160.7,723.0,0.5,1.66,0.00124,0.2631
3.05,26.5,40.7,617.0,0.87,1.89,0.001167,0.1832
3.16,22.9,375.6,748.0,0.73,1.0,0.000272,0.0796
5.18,4.4,128.4,360.0,0.3,4.47,0.012669,0.2993
5.27,14.2,17.9,671.0,0.06,5.84,0.037845,0.4747
4.17,13.5,214.3,274.0,0.89,1.79,0.001787,0.2319
3.21,32.1,370.0,231.0,0.76,1.0,0.000103,0.1007
3.57,6.1,53.2,807.0,0.87,1.87,0.004641,0.1582
3.63,29.5,141.5,753.0,0.93,1.0,0.000283,0.1615
3.23,21.2,188.7,803.0,0.62,1.0,0.000576,0.1427
3.25,55.5,237.5,503.0,0.73,1.0,0.000363,0.1225
3.33,5.6,142.3,716.0,0.75,1.0,0.002529,0.1272
4.2,35.5,52.9,876.0,0.62,2.13,0.003999,0.232
3.58,2.0,288.6,664.0,0.7,1.0,0.000445,0.1267
4.01,5.7,62.1,309.0,0.01,3.1,0.00246,0.1337
3.48,12.5,238.6,758.0,0.27,1.0,0.000536,0.2035
3.55,6.4,318.5,607.0,0.35,1.0,0.000293,0.1562
3.04,29.6,80.8,335.0,0.33,1.73,0.000409,0.1164
3.87,10.8,80.8,472.0,0.33,2.22,0.001985,0.1715
4.25,17.3,392.8,762.0,0.39,1.0,0.000854,0.2741
4.15,15.6,200.4,517.0,0.77,1.63,0.001059,0.1933
5.28,28.3,392.8,375.0,0.54,2.35,0.005394,0.4754
3.05,9.2,189.2,465.0,0.55,1.0,0.000326,0.1192
4.1,36.8,227.0,640.0,0.95,1.0,0.001351,0.2899
3.06,13.9,351.6,200.0,0.71,1.0,0.000151,0.0747
4.9,23.0,38.9,295.0,0.06,4.86,0.016555,0.2795
3.01,26.5,118.4,655.0,0.81,1.0,0.000386,0.1278
4.94,24.6,95.6,538.0,0.5,3.51,0.006482,0.3888
3.34,8.7,396.2,479.0,0.38,1.0,0.000142,0.0896
3.42,10.4,396.9,682.0,0.56,1.0,0.000154,0.0874
3.65,10.2,188.2,900.0,0.51,1.0,0.000374,0.149
3.06,19.8,310.7,550.0,0.4,1.0,0.000185,0.0505
3.15,19.2,229.2,640.0,0.2,1.0,0.000319,0.1327
3.32,2.9,45.4,559.0,0.24,2.56,0.003065,0.1672
3.14,3.1,323.0,576.0,0.34,1.0,0.000139,0.1534
3.15,30.1,190.6,361.0,0.9,1.19,0.000332,0.137
3.24,6.5,304.2,875.0,0.18,1.0,0.000216,0.1222
3.32,23.3,75.8,250.0,0.32,2.19,0.000824,0.1084
3.3,8.6,31.4,336.0,0.39,3.43,0.002826,0.1324
3.18,22.2,212.8,218.0,0.86,1.0,0.000163,0.0509
4.77,20.1,311.4,558.0,0.44,1.63,0.006361,0.2412
3.79,7.0,125.1,669.0,0.5,1.58,0.000829,0.1836
3.04,41.5,354.1,787.0,0.72,1.0,4.3e-05,0.105
3.3,41.9,181.8,542.0,0.91,1.0,0.000719,0.1113
3.07,25.2,9.8,723.0,0.99,2.49,0.003527,0.0819
3.98,3.8,329.1,886.0,0.93,1.0,0.001442,0.2097
3.21,9.0,343.5,461.0,0.58,1.0,9.1e-05,0.0846
5.74,24.0,75.1,351.0,0.15,5.65,0.062706,0.5417
3.9,34.6,38.2,160.0,0.08,3.52,0.004833,0.1416
3.33,8.4,203.0,559.0,0.47,1.0,0.000186,0.0969
3.15,2.1,265.4,773.0,0.12,1.0,0.000232,0.0795
3.11,7.2,378.0,578.0,0.77,1.0,7e-05,0.0717
3.07,27.7,248.2,190.0,0.36,1.0,0.0001,0.0793
3.18,8.5,158.0,247.0,0.33,1.16,0.000322,0.0958
3.98,51.7,265.1,744.0,0.54,1.0,0.000351,0.2458
3.89,12.6,319.7,641.0,0.55,1.0,0.001494,0.2432
4.24,59.7,236.3,248.0,0.04,1.56,0.004456,0.206
3.19,6.5,130.3,810.0,0.62,1.0,0.000521,0.0677
3.28,15.7,228.0,255.0,0.46,1.07,0.000323,0.1961
3.72,29.9,156.9,521.0,0.6,1.49,0.000644,0.1633
5.03,8.0,213.2,438.0,0.39,3.05,0.001768,0.3811
3.32,257.7,72.2,229.0,0.29,1.0,0.000604,0.0631
3.14,43.5,361.0,483.0,0.66,1.0,0.00018,0.1545
3.14,11.6,263.8,707.0,0.93,1.0,0.00025,0.0964
3.46,24.1,297.1,662.0,0.63,1.0,0.000275,0.0756
3.73,12.4,338.6,218.0,0.03,1.0,0.000474,0.2679
6.45,13.8,128.5,811.0,0.04,4.71,0.099469,1.007
3.46,46.8,29.2,862.0,0.42,1.73,0.001571,0.1632
3.46,19.0,20.8,897.0,0.36,2.83,0.002206,0.0838
3.22,63.2,55.5,450.0,0.86,2.13,0.001206,0.057
4.26,15.6,344.4,669.0,0.68,1.0,0.001671,0.1534
3.33,33.2,388.5,603.0,0.15,1.0,0.000449,0.0794
4.56,26.8,328.1,546.0,0.58,1.42,0.001809,0.2685
5.49,42.1,133.8,629.0,0.73,3.51,0.021625,0.5718
4.18,12.6,146.5,759.0,0.28,1.27,0.002161,0.1986
3.11,23.5,244.1,486.0,0.52,1.0,0.000228,0.1058
3.44,22.8,33.1,779.0,0.23,2.53,0.002783,0.1108
3.43,5.1,185.0,235.0,0.17,1.24,0.000604,0.113
3.0,31.7,354.0,634.0,0.92,1.0,6.9e-05,0.0885
3.13,21.0,111.3,558.0,0.05,1.0,0.000686,0.1077
3.58,8.7,163.9,209.0,0.13,1.97,0.001087,0.117
3.22,28.6,157.9,322.0,0.39,1.0,0.000369,0.1342
3.53,34.7,220.5,459.0,0.49,1.0,0.000172,0.0907
3.19,11.7,158.0,841.0,0.42,1.0,0.000333,0.0746
3.49,24.2,235.9,729.0,0.47,1.0,0.000177,0.1042
5.28,50.2,21.6,421.0,0.79,5.18,0.022485,0.5144
3.02,21.8,239.9,717.0,0.36,1.0,0.00048,0.1213
3.78,17.3,82.0,307.0,0.95,3.08,0.000862,0.1596
3.61,14.2,160.2,749.0,0.54,1.0,0.000341,0.12
4.37,7.7,121.5,762.0,0.29,1.72,0.002824,0.2629
3.64,37.7,48.9,870.0,0.43,1.92,0.001597,0.1588
3.0,14.6,369.4,187.0,0.7,1.0,0.000159,0.0794
4.03,7.8,79.9,169.0,0.72,3.1,0.003635,0.1923
3.56,2.0,73.5,408.0,0.32,2.61,0.001169,0.184
3.1,16.1,386.2,822.0,0.96,1.0,8e-05,0.1214
3.85,9.6,12.5,448.0,0.85,4.93,0.009619,0.138
3.51,13.6,356.2,739.0,0.39,1.0,0.000228,0.1259
3.17,16.3,171.6,418.0,0.01,1.0,0.000971,0.107
3.6,13.5,221.8,801.0,0.93,1.0,0.000324,0.1546
3.29,22.7,69.3,231.0,0.92,2.27,0.00174,0.1026
3.37,35.7,159.6,777.0,0.15,1.0,0.000731,0.1063
3.51,11.5,201.8,657.0,0.58,1.0,0.002159,0.0723
3.53,20.8,197.9,329.0,0.75,1.2,0.0004,0.0939
3.73,10.5,322.8,659.0,0.26,1.0,0.00025,0.1053
5.12,30.7,348.6,355.0,0.74,2.67,0.003798,0.3709
4.44,13.5,54.0,661.0,0.6,3.75,0.006513,0.236
4.75,13.2,37.0,816.0,0.22,3.67,0.023315,0.3141
4.86,20.7,223.8,840.0,0.65,1.31,0.003219,0.3103
3.96,16.5,164.0,304.0,1.0,2.49,0.000768,0.2706
4.38,10.1,150.3,345.0,0.6,2.45,0.001472,0.2666
3.15,19.8,346.0,489.0,0.37,1.0,0.000128,0.1428
5.13,28.4,273.0,614.0,0.18,2.5,0.010342,0.4989
5.1,15.4,335.2,347.0,0.98,2.75,0.008436,0.3162
3.24,10.3,142.8,422.0,0.81,1.26,0.000668,0.0632
3.65,41.7,173.7,864.0,0.28,1.0,0.000938,0.1765
3.4,17.3,287.7,329.0,0.75,1.0,0.000412,0.0975
4.8,8.3,318.4,801.0,0.21,1.09,0.003263,0.4625
3.25,7.8,199.1,318.0,0.97,1.0,0.000524,0.0948
3.79,13.8,310.2,774.0,0.48,1.0,0.000492,0.1488
3.32,40.5,325.1,540.0,0.36,1.0,0.000136,0.1136
5.0,43.0,272.0,610.0,0.63,2.09,0.00351,0.4085
3.64,28.5,255.5,450.0,0.47,1.0,0.000613,0.1131
3.66,6.2,259.1,482.0,0.08,1.07,0.000262,0.1512
3.03,12.1,157.9,529.0,0.4,1.0,0.000278,0.0581
3.25,46.2,334.8,565.0,0.92,1.0,8.4e-05,0.0854
3.65,31.5,107.5,195.0,0.04,2.29,0.001248,0.1985
3.45,19.9,44.5,272.0,0.96,3.1,0.002873,0.1977
3.18,31.2,203.9,681.0,0.06,1.0,0.000633,0.0556
4.59,13.3,89.6,430.0,0.54,3.58,0.013936,0.391
3.53,21.9,136.5,831.0,0.68,1.03,0.000859,0.1091
3.19,24.3,55.1,512.0,0.86,2.19,0.001376,0.1115
3.34,8.7,117.8,280.0,0.21,2.25,0.002124,0.0777
3.04,37.0,340.4,552.0,0.26,1.0,0.000418,0.1214
4.29,12.4,91.4,749.0,0.89,2.77,0.009269,0.2652
3.33,28.2,155.9,623.0,0.52,1.0,0.000377,0.1158
3.18,7.6,311.2,695.0,0.74,1.0,0.000144,0.0873
3.61,52.4,80.8,526.0,0.24,1.51,0.00109,0.1203
6.64,96.2,131.2,882.0,0.85,4.95,0.085439,0.7884
5.22,10.8,344.6,668.0,0.59,2.22,0.007756,0.2992
3.05,29.1,186.2,719.0,0.43,1.0,0.000383,0.0804
3.12,8.0,54.7,289.0,0.67,2.54,0.002432,0.1569
3.34,74.5,122.6,612.0,0.08,1.0,0.001184,0.0848
3.16,5.8,292.7,875.0,0.35,1.0,0.000263,0.0835
3.1,12.8,383.0,603.0,0.69,1.0,0.000243,0.0669
3.09,11.1,91.0,514.0,0.19,1.76,0.000236,0.082
4.14,65.0,79.2,742.0,0.04,2.35,0.003068,0.2051
3.43,7.3,46.0,536.0,0.27,2.8,0.002596,0.1078
3.22,22.1,173.5,834.0,0.05,1.0,0.000356,0.0667
3.4,39.4,107.4,303.0,0.82,1.38,0.000506,0.086
4.08,21.1,218.2,557.0,0.37,1.0,0.000647,0.1689
3.93,11.6,55.7,586.0,0.83,2.78,0.005283,0.1555
3.83,21.1,23.6,343.0,0.27,4.1,0.003667,0.1318
3.29,11.1,139.3,631.0,0.27,1.0,0.000749,0.0922
4.06,27.8,181.9,556.0,0.91,1.66,0.001794,0.1308
3.19,26.1,103.4,643.0,0.48,1.23,0.000403,0.0936
3.36,19.8,238.2,222.0,0.51,1.07,0.000618,0.1342
5.14,34.6,62.0,334.0,0.49,5.19,0.008407,0.6183
4.19,11.7,108.7,818.0,0.74,1.7,0.005312,0.2189
3.2,13.0,376.8,663.0,0.27,1.0,0.000291,0.1586
4.45,20.0,192.5,210.0,0.46,2.64,0.002001,0.1487
3.49,25.4,85.0,334.0,0.36,1.95,0.000943,0.1769
4.01,11.5,136.8,261.0,0.27,2.49,0.00193,0.1432
3.32,25.9,191.3,439.0,0.46,1.0,0.000252,0.1797
3.67,26.8,326.8,680.0,0.14,1.0,0.000342,0.28
3.21,17.3,65.9,227.0,0.5,2.81,0.001577,0.0747
3.04,14.6,342.8,790.0,0.61,1.0,9e-05,0.1155
3.68,11.2,225.6,745.0,0.35,1.0,0.000483,0.1342
3.05,46.3,90.4,898.0,0.08,1.0,0.000449,0.112
3.12,9.1,243.4,205.0,0.94,1.0,0.000203,0.0794
3.41,59.3,283.0,814.0,0.65,1.0,0.000213,0.0734
4.41,12.6,254.3,493.0,0.28,1.58,0.00124,0.3148
3.73,5.0,36.8,714.0,0.74,2.37,0.005042,0.143
3.26,27.6,187.2,623.0,0.65,1.0,0.000642,0.086
3.93,18.4,101.3,533.0,0.64,2.09,0.001577,0.2614
3.89,11.3,374.9,451.0,0.11,1.0,0.000283,0.1694
5.43,14.6,347.0,344.0,0.76,2.85,0.010669,0.2749
3.21,13.6,377.4,842.0,0.85,1.0,0.000103,0.1046
3.55,27.7,244.5,270.0,0.33,1.06,8.2e-05,0.1593
4.89,6.4,99.6,740.0,0.5,2.91,0.041428,0.4219
3.98,7.2,297.0,849.0,0.52,1.0,0.000534,0.3114
3.49,42.4,153.4,645.0,0.38,1.0,0.000307,0.1078
3.52,24.8,193.9,261.0,0.43,1.33,0.00057,0.0935
3.08,13.9,219.9,550.0,0.97,1.0,0.000134,0.1117
3.81,53.4,212.8,706.0,0.32,1.0,0.0003,0.1967
3.04,10.8,28.2,681.0,0.79,2.62,0.00058,0.0984
3.53,84.9,206.6,245.0,0.44,1.6,0.000895,0.1471
3.38,9.2,170.3,853.0,0.59,1.0,0.000227,0.0671
3.92,20.6,85.9,519.0,0.39,2.57,0.00267,0.1408
6.07,19.6,331.5,246.0,0.82,4.41,0.011614,0.9175
4.66,53.0,187.7,619.0,0.96,2.46,0.003817,0.1994
3.69,26.9,51.4,427.0,0.38,2.88,0.002213,0.1565
3.12,24.4,323.2,350.0,0.39,1.0,0.00012,0.0682
4.2,27.5,249.1,411.0,0.82,1.65,0.001994,0.1529
4.1,35.5,32.3,403.0,0.19,3.75,0.003948,0.1952
3.41,37.9,40.8,433.0,0.78,1.85,0.001645,0.1192
3.27,10.2,231.9,525.0,0.53,1.0,0.000571,0.111
3.14,11.0,102.5,170.0,0.92,1.54,0.000762,0.0948
3.39,20.1,265.5,332.0,0.91,1.0,0.000421,0.0757
3.02,4.7,372.0,196.0,0.29,1.0,7.3e-05,0.1397
3.16,4.3,250.7,469.0,0.67,1.0,0.000111,0.104
3.02,20.9,47.8,399.0,0.47,2.45,0.001118,0.0872
3.93,22.6,134.4,319.0,0.45,2.21,0.001013,0.098
3.3,12.2,375.3,679.0,0.31,1.0,0.000199,0.0965
3.25,8.7,178.6,537.0,0.34,1.0,0.000332,0.0662
3.14,8.0,395.8,265.0,0.14,1.0,0.000309,0.0814
3.01,18.9,312.1,828.0,0.53,1.0,0.00031,0.0743
4.14,63.6,368.4,725.0,0.61,1.0,0.000904,0.2095
4.0,12.2,7.1,539.0,0.71,4.9,0.013711,0.2252
3.4,22.4,10.2,862.0,0.42,2.49,0.010902,0.1213
3.31,15.0,207.4,728.0,0.67,1.0,7.9e-05,0.1513
4.71,13.1,190.8,483.0,0.33,2.53,0.002392,0.3315
3.08,30.1,333.5,373.0,0.91,1.0,0.000167,0.085
4.99,4.7,239.2,182.0,0.59,3.33,0.004511,0.4234
4.29,10.4,357.6,187.0,0.54,1.84,0.000407,0.249
3.39,20.8,250.1,428.0,0.05,1.0,0.000482,0.191
3.16,17.5,278.0,478.0,0.71,1.0,0.000715,0.0744
3.45,4.6,128.9,688.0,0.94,1.0,0.000784,0.1225
3.08,63.6,92.5,790.0,0.02,1.0,0.001115,0.0843
3.97,109.3,207.0,410.0,0.06,1.23,0.001338,0.2637
3.01,10.0,252.6,217.0,0.04,1.0,0.000287,0.1122
3.43,34.0,231.5,161.0,0.08,1.27,0.000204,0.0752
3.06,23.6,162.0,630.0,0.34,1.0,0.000155,0.1183
3.23,17.5,73.8,155.0,0.68,2.18,0.000846,0.0997
4.1,5.6,65.0,520.0,0.75,3.36,0.002809,0.2234
3.52,28.5,179.6,445.0,0.74,1.0,0.000822,0.0867
4.17,21.5,204.6,453.0,0.53,1.64,0.000748,0.2868
3.97,7.8,217.4,258.0,0.65,1.6,0.001596,0.2494
5.27,35.4,27.7,368.0,0.86,5.0,0.092423,0.3596
3.08,9.9,201.8,606.0,0.23,1.0,0.000228,0.114
3.69,39.3,249.8,554.0,0.21,1.0,0.000716,0.1459
8.29,18.2,118.2,734.0,0.36,7.57,3.480873,3.4039
3.83,11.6,345.4,178.0,0.85,1.57,0.000494,0.1725
3.89,84.4,286.9,572.0,0.31,1.26,0.00085,0.4086
6.99,50.6,149.7,626.0,0.06,5.81,0.219242,1.2756
4.17,28.7,132.8,219.0,0.62,3.23,0.001516,0.2911
4.39,8.0,34.2,883.0,0.31,3.55,0.040336,0.2248
4.53,12.1,52.4,383.0,0.13,4.27,0.018188,0.1539
4.96,25.7,140.1,744.0,0.25,2.74,0.008638,0.2285
3.96,10.8,183.8,673.0,0.7,1.13,0.000576,0.2553
3.2,9.8,228.9,660.0,0.48,1.0,0.000211,0.1275
3.23,23.3,233.7,335.0,0.05,1.0,0.000316,0.0704
3.65,20.8,96.9,162.0,0.74,2.8,0.001428,0.179
3.4,5.9,77.1,566.0,0.91,1.88,0.000977,0.1167
3.56,31.8,356.0,166.0,0.75,1.0,0.00022,0.1475
4.65,16.9,317.5,303.0,0.34,2.38,0.0024,0.4513
3.64,84.4,234.8,864.0,0.09,1.0,0.000347,0.1642
6.53,15.9,67.2,677.0,0.38,6.17,0.428555,0.8104
3.76,14.8,298.1,753.0,0.46,1.0,0.00044,0.179
3.24,9.3,163.3,490.0,0.65,1.0,0.000417,0.0911
3.46,27.0,256.5,191.0,0.71,1.4,0.000159,0.0973
3.08,12.6,332.1,843.0,0.98,1.0,5.5e-05,0.0594
3.66,17.9,351.8,698.0,0.24,1.0,0.00015,0.1603
5.54,38.3,92.2,532.0,1.0,4.19,0.081406,0.3077
3.73,49.8,388.9,213.0,0.26,1.0,0.000258,0.13
3.06,20.2,264.2,194.0,0.03,1.0,0.000419,0.1025
4.52,13.3,22.4,190.0,0.54,6.0,0.051084,0.3037
3.24,14.8,254.6,262.0,0.4,1.0,0.000145,0.1375
3.64,7.3,50.3,464.0,0.01,2.45,0.001328,0.122
4.12,48.4,228.6,696.0,0.27,1.64,0.000654,0.0963
4.43,27.2,105.2,750.0,0.46,2.36,0.004057,0.1634
3.31,5.9,157.7,373.0,0.04,1.27,0.000425,0.1187
3.59,6.4,281.6,158.0,0.62,1.2,0.000406,0.1005
3.55,9.8,298.2,204.0,0.92,1.0,0.00022,0.078
3.44,58.0,66.2,252.0,0.34,2.18,0.000692,0.078
3.52,5.4,342.1,679.0,0.44,1.0,0.000365,0.0954
3.84,15.2,235.9,197.0,0.71,1.79,0.001633,0.2249
3.11,18.5,309.5,476.0,0.95,1.0,0.00011,0.1033
4.04,7.0,192.5,361.0,0.94,2.21,0.000683,0.209
3.61,12.9,116.3,654.0,0.98,1.35,0.000925,0.1325
4.12,54.6,349.9,315.0,0.25,1.76,0.000798,0.1354
3.13,41.1,264.2,613.0,0.85,1.0,0.000737,0.0826
3.16,5.2,127.1,359.0,0.37,1.9,0.000357,0.0833
3.57,22.6,340.7,400.0,0.86,1.0,0.000291,0.0772
3.02,16.3,280.8,306.0,0.58,1.0,0.000101,0.0847
3.43,39.4,137.3,632.0,0.09,1.0,0.000943,0.125
4.26,6.2,97.7,311.0,0.66,3.05,0.00563,0.1476
3.12,17.4,155.8,878.0,0.43,1.0,0.000235,0.0894
4.49,28.3,151.4,391.0,0.86,2.7,0.006095,0.1885
3.52,6.8,336.6,607.0,0.24,1.0,0.000313,0.0845
3.54,15.7,13.9,832.0,0.23,3.43,0.011508,0.1677
4.35,15.5,103.9,455.0,0.03,3.0,0.004595,0.1827
3.51,22.7,224.9,797.0,0.41,1.0,0.000103,0.1263
3.02,10.1,39.0,250.0,0.01,2.78,0.000732,0.0953
3.39,129.2,77.2,837.0,0.86,1.0,0.000641,0.1429
3.47,27.4,106.5,482.0,0.2,1.99,0.001349,0.1149
3.75,7.0,154.8,698.0,0.16,1.0,0.001361,0.1366
3.04,8.7,25.7,560.0,0.77,2.97,0.001075,0.1158
3.3,6.8,206.9,547.0,0.76,1.0,0.000652,0.0983
3.33,17.7,256.2,794.0,0.92,1.0,0.000496,0.1137
3.72,17.1,252.1,297.0,0.86,1.18,0.000477,0.2448
3.32,29.2,30.3,180.0,0.46,2.87,0.00233,0.1302
3.48,20.9,370.6,362.0,0.7,1.0,0.000303,0.0678
3.4,9.5,242.6,444.0,0.7,1.0,0.000142,0.1519
3.51,11.4,326.9,606.0,0.76,1.0,0.000192,0.1178
3.91,26.1,175.8,797.0,0.63,1.0,0.002168,0.1183
3.19,29.6,22.5,339.0,0.23,3.21,0.003082,0.1094
6.09,5.9,171.8,682.0,0.31,4.59,0.014813,1.0493
4.28,11.0,352.9,263.0,0.63,1.21,0.000485,0.2008
4.48,31.5,256.1,725.0,0.03,1.6,0.002446,0.3534
3.33,10.0,85.1,799.0,0.63,1.0,0.002802,0.1279
3.16,18.0,104.5,286.0,0.7,1.83,0.000666,0.1677
3.43,8.3,190.4,569.0,0.45,1.0,0.000537,0.1143
5.77,40.4,78.9,633.0,0.24,5.2,0.025198,1.0418
3.15,12.8,336.3,725.0,0.65,1.0,0.000232,0.0622
4.15,11.4,321.5,414.0,0.74,1.0,0.001839,0.2192
4.78,23.8,235.0,316.0,0.61,3.06,0.007018,0.3951
3.36,14.8,311.8,812.0,0.3,1.0,0.000272,0.0841
3.03,20.8,321.1,741.0,0.3,1.0,0.000111,0.1743
3.55,44.6,153.0,308.0,0.01,1.69,0.000629,0.1122
4.53,16.7,236.3,737.0,0.67,1.36,0.000459,0.239
3.44,18.1,171.3,291.0,0.52,1.48,0.000512,0.0785
3.18,56.5,273.3,589.0,0.88,1.0,0.000105,0.1373
3.4,15.2,280.6,778.0,0.15,1.0,0.000251,0.1531
3.14,14.6,318.0,702.0,0.64,1.0,0.000211,0.1135
3.24,35.3,232.8,676.0,0.76,1.0,0.000289,0.1468
3.02,6.5,90.3,444.0,0.02,1.18,0.000754,0.0893
4.69,44.1,337.1,514.0,0.34,1.54,0.003393,0.4277
3.64,15.2,91.1,190.0,0.32,2.1,0.002847,0.1166
4.6,10.2,137.8,172.0,0.58,3.48,0.003468,0.2688
3.27,12.0,361.9,849.0,0.66,1.0,0.0001,0.0804
3.71,9.6,100.1,159.0,0.51,2.28,0.002118,0.1359
5.97,29.8,186.5,322.0,0.41,5.03,0.020517,0.5192
4.89,10.6,25.8,862.0,0.87,4.73,0.063869,0.325
3.15,3.2,273.4,596.0,0.13,1.0,0.000103,0.0958
3.79,9.9,87.7,853.0,0.66,2.07,0.002457,0.1331
3.09,28.5,76.0,725.0,0.39,1.0,0.000318,0.0893
3.93,13.7,373.7,241.0,0.45,1.09,0.000309,0.1092
3.2,9.9,239.8,677.0,0.74,1.0,6.7e-05,0.1021
3.83,7.0,361.6,671.0,0.1,1.0,0.00098,0.1821
3.24,40.7,126.6,560.0,0.72,1.0,0.000955,0.0886
3.04,10.4,231.4,155.0,0.38,1.0,0.000225,0.0635
3.42,26.2,264.9,725.0,0.61,1.0,0.000292,0.1195
3.09,3.3,80.9,368.0,0.43,2.03,0.000797,0.0795
3.66,12.9,354.6,676.0,0.58,1.0,0.000484,0.1004
3.46,8.0,129.2,228.0,0.94,1.53,0.000282,0.102
3.05,13.0,392.5,236.0,0.24,1.0,0.000128,0.1061
3.24,18.3,399.8,578.0,0.05,1.0,0.000255,0.0804
3.11,11.5,91.6,296.0,0.69,1.31,0.000613,0.0804
3.42,22.0,255.2,529.0,0.12,1.0,0.000365,0.0927
3.62,39.6,327.3,480.0,0.86,1.0,0.000294,0.1666
3.47,17.6,183.3,200.0,0.56,1.48,0.000493,0.1327
3.97,6.5,62.4,158.0,0.55,4.21,0.005953,0.1447
3.08,35.3,67.0,641.0,0.57,1.48,0.000636,0.0698
3.5,9.4,308.5,576.0,0.9,1.0,0.000232,0.1065
3.91,16.1,227.3,835.0,0.02,1.0,0.000565,0.1449
3.39,38.1,211.9,591.0,0.01,1.0,0.000116,0.1608
3.02,17.9,328.5,816.0,0.23,1.0,8.6e-05,0.0659
3.82,14.4,132.0,266.0,0.72,2.91,0.001964,0.1912
4.27,13.8,36.1,599.0,0.19,4.08,0.010259,0.1416
3.62,6.2,152.3,392.0,0.76,1.97,0.000409,0.112
3.02,11.6,316.8,689.0,0.93,1.0,0.000187,0.0923
4.63,6.1,330.9,260.0,0.67,2.4,0.001684,0.4445
3.15,23.0,191.0,459.0,0.48,1.0,0.000145,0.1112
4.37,11.3,17.1,688.0,0.55,4.66,0.034663,0.2337
3.33,16.2,93.7,314.0,0.06,1.72,0.0012,0.1501
3.95,37.5,394.2,447.0,0.77,1.0,0.000551,0.1993
3.85,31.1,342.2,252.0,0.07,1.07,0.00067,0.1373
3.94,20.8,44.9,874.0,0.36,2.62,0.005866,0.2135
4.0,31.7,220.5,494.0,0.87,1.19,0.002015,0.2212
3.81,28.8,245.0,338.0,0.8,1.0,0.000918,0.1323
3.05,16.3,100.7,533.0,0.33,1.0,0.001133,0.084
3.15,27.1,339.3,507.0,0.94,1.0,0.000145,0.1212
3.85,49.2,176.0,405.0,0.67,2.07,0.000472,0.1415
3.44,13.3,291.4,654.0,0.88,1.0,0.000163,0.1452
4.02,20.1,37.4,532.0,0.99,3.95,0.00623,0.2329
3.36,4.6,225.5,531.0,0.91,1.0,0.000199,0.1778
5.94,8.4,342.3,782.0,0.43,2.63,0.015086,0.7213
4.26,17.9,308.0,843.0,0.01,1.0,0.001348,0.2148
3.74,11.7,81.8,688.0,0.21,1.66,0.002746,0.111
3.15,19.7,245.5,567.0,0.66,1.0,0.000192,0.106
4.39,13.1,394.8,515.0,0.25,1.0,0.000347,0.1992
4.0,14.2,362.9,181.0,0.38,1.58,0.00041,0.1408
4.27,15.7,199.4,651.0,0.44,1.07,0.002075,0.1968
3.37,10.0,141.1,561.0,0.44,1.0,0.000613,0.1255
4.94,28.0,171.5,582.0,0.58,3.38,0.007493,0.3826
3.24,9.2,313.6,797.0,0.8,1.0,9.5e-05,0.0955
3.45,17.0,207.1,413.0,0.97,1.0,0.000363,0.0904
4.66,44.8,344.4,568.0,0.2,1.39,0.002012,0.3218
3.95,18.1,299.7,289.0,0.85,1.49,0.000474,0.1497
6.37,10.1,286.6,247.0,0.1,4.49,0.071705,1.0685
4.07,10.9,356.7,424.0,0.83,1.0,0.0007,0.1596
3.14,25.7,224.9,268.0,0.27,1.0,0.000535,0.1303
3.16,28.0,97.5,295.0,0.38,2.2,0.000664,0.1056
3.08,9.4,332.1,450.0,0.09,1.0,0.000122,0.0845
3.38,10.0,35.9,878.0,0.82,2.43,0.001525,0.1499
4.97,80.0,105.1,158.0,0.42,4.61,0.005873,0.323
3.06,8.4,154.2,413.0,0.0,1.0,0.000169,0.1223
3.1,54.7,297.2,485.0,0.93,1.0,7.9e-05,0.0936
3.36,19.1,290.4,854.0,0.37,1.0,0.000264,0.1384
3.23,9.9,143.1,448.0,0.67,1.0,9.1e-05,0.0903
6.41,13.5,100.1,483.0,0.81,5.52,0.143157,0.6137
4.28,12.4,373.2,155.0,0.3,1.25,0.000673,0.2213
4.58,12.4,18.0,641.0,0.59,4.98,0.069545,0.2685
3.26,22.1,157.3,351.0,0.8,1.0,0.000188,0.148
4.93,4.3,212.6,854.0,0.06,1.89,0.007827,0.3147
3.86,38.1,251.2,835.0,0.92,1.0,0.000378,0.1267
3.97,23.6,387.9,792.0,0.24,1.0,0.000733,0.2322
3.86,8.7,149.2,661.0,0.77,1.63,0.001457,0.151
3.15,4.7,300.4,840.0,0.61,1.0,0.001148,0.1075
3.62,62.6,286.8,392.0,0.47,1.39,0.000545,0.1724
4.67,4.6,145.1,470.0,0.17,3.0,0.001462,0.2832
3.07,20.9,53.2,290.0,0.26,2.14,0.000709,0.0913
4.97,25.5,200.5,600.0,0.65,2.25,0.004817,0.595
4.48,6.3,169.6,650.0,0.9,2.47,0.005883,0.2598
3.19,42.4,100.3,658.0,0.63,1.0,0.000357,0.1103
4.12,4.8,234.6,407.0,0.11,1.92,0.001803,0.1172
3.93,4.0,105.5,588.0,0.1,2.08,0.001851,0.0945
4.01,6.0,17.6,196.0,0.46,5.69,0.006985,0.1998
3.04,8.4,397.9,695.0,0.48,1.0,0.000415,0.121
3.21,49.3,366.4,535.0,0.5,1.0,8.2e-05,0.0843
3.53,6.1,56.5,255.0,0.08,3.2,0.00152,0.113
4.36,73.5,281.2,431.0,0.67,1.92,0.002372,0.1613
3.73,18.8,59.6,684.0,0.3,2.01,0.001421,0.2485
3.26,36.3,195.6,361.0,0.52,1.0,0.000394,0.1462
4.73,24.6,325.7,477.0,0.51,2.06,0.005446,0.2798
3.83,8.9,289.7,807.0,0.99,1.0,0.000183,0.2062
5.48,12.8,379.0,408.0,0.28,3.39,0.006774,0.7958
3.07,23.5,295.1,364.0,0.29,1.0,0.000199,0.1196
3.46,22.8,162.1,462.0,0.49,1.0,0.00033,0.1472
3.79,79.9,386.7,803.0,0.24,1.0,0.001355,0.1463
3.4,7.8,214.1,815.0,0.37,1.0,0.001005,0.1686
5.98,5.5,391.5,467.0,0.18,3.24,0.014936,0.4328
3.42,6.1,7.9,226.0,0.76,5.67,0.0175,0.0937
4.69,5.6,19.3,227.0,0.89,5.62,0.026853,0.4169
5.12,14.0,364.6,874.0,0.09,1.39,0.003715,0.2986
3.12,21.1,56.7,313.0,0.12,2.69,0.001454,0.0885
3.06,77.0,248.9,773.0,0.15,1.0,0.000147,0.0948
4.69,17.7,64.8,339.0,0.83,3.9,0.004935,0.274
4.04,9.9,9.3,434.0,0.95,5.29,0.018748,0.1125
3.08,18.1,142.5,509.0,0.52,1.0,0.000269,0.0829
4.14,80.5,302.4,674.0,0.11,1.0,0.001153,0.2307
3.04,10.8,318.7,602.0,0.83,1.0,0.000149,0.1219
3.37,8.0,98.9,277.0,0.01,2.4,0.001132,0.0841
3.76,23.9,277.2,156.0,0.99,1.92,0.000415,0.1108
3.53,29.0,272.1,348.0,0.81,1.0,0.000194,0.0971
3.34,29.2,248.8,800.0,0.25,1.0,0.000538,0.0826
4.49,26.8,39.6,532.0,0.82,4.08,0.025345,0.2112
4.84,36.4,251.5,248.0,0.31,2.74,0.001415,0.3945
3.84,70.8,304.9,488.0,0.17,1.0,0.000496,0.2207
4.08,72.0,84.9,264.0,0.36,2.83,0.001971,0.192
5.64,37.4,382.9,191.0,0.07,3.54,0.010433,0.6279
3.29,22.3,182.7,389.0,0.89,1.41,0.000256,0.0785
4.03,8.5,166.3,864.0,0.16,1.0,0.000839,0.1817
3.38,9.9,214.5,600.0,0.63,1.0,0.000391,0.0661
3.51,5.5,173.7,698.0,0.3,1.0,0.000522,0.1174
3.09,10.4,7.0,260.0,0.63,4.37,0.005769,0.077
3.02,18.5,332.5,434.0,0.01,1.0,6.6e-05,0.0957
3.86,32.0,42.7,193.0,0.68,4.09,0.003938,0.2678
3.34,6.3,13.7,775.0,0.99,3.61,0.005534,0.076
3.16,48.8,151.4,666.0,0.09,1.0,0.000435,0.0902
4.92,14.0,148.9,478.0,0.33,3.19,0.012311,0.3907
3.55,3.7,397.9,527.0,0.95,1.0,0.00026,0.1367
3.64,21.3,352.7,460.0,0.87,1.0,0.00016,0.1603
3.01,7.7,268.4,286.0,0.59,1.0,0.000181,0.0914
3.54,8.1,346.6,261.0,0.56,1.0,0.000582,0.2545
5.14,15.4,113.3,188.0,0.09,4.55,0.023204,0.4115
3.34,6.7,205.5,758.0,0.9,1.0,0.000534,0.0845
3.3,16.9,385.7,211.0,0.94,1.0,8.9e-05,0.1589
5.3,18.6,135.5,337.0,0.64,4.45,0.014484,0.5813
3.33,39.7,239.6,590.0,0.59,1.0,0.0002,0.1447
3.21,7.6,175.3,896.0,0.39,1.0,0.000228,0.087
3.91,6.1,107.6,245.0,0.14,2.58,0.001789,0.1701
6.01,127.1,379.6,159.0,0.39,4.08,0.023534,0.8851
3.04,9.9,207.5,628.0,0.12,1.0,0.000233,0.0906
3.15,47.3,205.5,574.0,0.58,1.0,0.000862,0.1307
3.61,14.6,120.6,433.0,0.05,1.28,0.000652,0.0834
3.53,12.1,396.4,404.0,0.19,1.0,0.000349,0.1261
3.31,90.9,52.4,341.0,0.51,2.06,0.00183,0.1307
3.0,32.5,78.3,790.0,0.81,1.0,0.002276,0.0659
3.85,11.5,368.0,656.0,0.76,1.0,0.000418,0.1717
3.11,13.5,102.6,552.0,0.73,1.06,0.000681,0.0557
4.61,29.5,333.4,631.0,0.67,1.57,0.000874,0.436
3.68,14.5,158.2,830.0,0.07,1.0,0.001553,0.1494
4.66,25.4,53.7,852.0,0.99,2.97,0.024623,0.2412
3.24,12.7,194.8,193.0,0.98,1.43,0.000443,0.1969
3.16,14.7,18.0,561.0,0.54,3.16,0.003941,0.1507
3.36,20.4,345.5,340.0,0.96,1.0,0.000205,0.0839
3.68,14.3,130.9,332.0,0.51,1.89,0.00142,0.1622
3.1,5.6,359.5,485.0,0.78,1.0,0.000157,0.0984
5.38,18.0,201.1,490.0,0.1,3.05,0.012799,0.3967
4.39,7.5,118.6,464.0,0.94,3.1,0.00263,0.2215
3.41,12.0,299.3,462.0,0.87,1.0,0.000317,0.146
3.01,11.4,161.9,606.0,0.91,1.0,0.000492,0.0762
4.54,7.0,329.8,430.0,0.59,1.3,0.002142,0.2734
4.21,75.5,338.9,239.0,0.56,1.75,0.001532,0.2076
3.06,4.9,381.2,223.0,0.73,1.0,4.9e-05,0.0851
4.14,42.6,116.7,227.0,0.02,3.07,0.001454,0.191
4.08,6.0,61.9,560.0,0.11,3.2,0.006507,0.2082
3.46,11.1,116.8,477.0,0.27,1.66,0.000495,0.1146
3.92,33.2,289.4,828.0,0.82,1.0,0.000826,0.1738
3.77,16.7,232.4,219.0,0.24,1.96,0.000635,0.1044
3.31,19.3,168.5,731.0,0.7,1.0,0.000252,0.1088
3.06,75.3,70.8,714.0,0.45,1.0,0.000375,0.0602
3.67,27.8,386.2,648.0,0.29,1.0,0.000153,0.0877
3.61,44.7,64.9,227.0,0.71,2.98,0.002708,0.1485
4.02,19.4,299.1,413.0,0.15,1.0,0.000814,0.1733
3.0,17.5,394.8,497.0,0.76,1.0,8.2e-05,0.0968
3.02,17.0,176.7,174.0,0.78,1.21,0.000424,0.0705
3.18,61.0,177.3,204.0,0.8,1.0,0.000456,0.0761
3.57,2.0,153.4,417.0,0.16,1.69,0.000595,0.0928
3.13,22.7,121.4,543.0,0.51,1.15,0.00052,0.1803
3.02,24.8,285.8,241.0,0.38,1.0,0.000541,0.0668
3.88,4.3,168.3,421.0,0.68,1.55,0.000567,0.0995
3.1,19.8,195.6,163.0,0.91,1.0,0.000146,0.1032
3.88,13.6,90.6,256.0,0.6,3.44,0.003099,0.1805
3.16,7.6,247.6,280.0,0.32,1.0,0.000547,0.1633
3.52,19.2,300.0,530.0,0.56,1.0,0.00094,0.1084
3.7,6.6,379.1,436.0,0.84,1.0,0.000397,0.2326
3.23,53.1,244.2,445.0,0.26,1.0,0.000317,0.1513
3.27,5.8,68.5,853.0,0.54,1.32,0.000566,0.1321
3.82,6.3,43.6,501.0,0.11,2.94,0.003534,0.1179
3.46,11.4,398.0,177.0,0.7,1.0,0.000255,0.2139
3.69,16.1,202.2,395.0,0.09,1.59,0.001289,0.1715
3.08,27.3,315.4,260.0,0.35,1.0,0.000207,0.1346
4.86,20.7,66.3,792.0,0.7,3.75,0.040649,0.3508
3.53,17.2,357.7,778.0,0.4,1.0,0.000356,0.0876
3.87,2.0,165.2,878.0,0.18,1.0,0.001477,0.1379
3.19,11.4,51.2,186.0,0.38,2.98,0.001005,0.1308
4.46,15.1,244.0,450.0,0.2,1.68,0.001054,0.3698
3.93,34.6,60.5,347.0,0.03,3.35,0.003894,0.2261
3.19,7.1,318.7,695.0,0.16,1.0,0.000115,0.1355
3.62,22.2,154.3,500.0,0.29,1.9,0.000687,0.1685
4.69,11.8,282.1,484.0,0.1,1.8,0.001642,0.2332
3.69,8.5,281.5,587.0,0.6,1.0,0.000581,0.0855
4.65,15.9,242.0,606.0,0.27,2.03,0.000866,0.2977
4.12,13.6,388.5,388.0,0.64,1.0,0.000692,0.2261
3.04,18.0,385.4,621.0,0.61,1.0,2.5e-05,0.0782
3.11,15.3,93.7,521.0,0.05,1.0,0.000692,0.1044
3.33,33.2,235.3,220.0,0.12,1.56,0.000543,0.1345
3.5,31.1,237.0,505.0,0.01,1.03,0.00038,0.1249
3.42,6.9,382.5,361.0,0.11,1.0,0.000329,0.1461
3.39,54.7,247.8,344.0,0.48,1.0,0.000169,0.0786
3.12,49.0,34.7,401.0,0.38,2.07,0.001645,0.092
5.23,32.6,166.7,379.0,0.6,3.37,0.014,0.652
4.59,19.1,189.1,810.0,0.08,1.87,0.002987,0.2388
3.41,77.0,180.7,772.0,0.01,1.0,0.000602,0.1631
3.33,12.3,370.5,168.0,0.75,1.36,0.000368,0.0595
4.53,20.1,5.6,385.0,0.5,6.1,0.080205,0.3617
3.17,7.7,242.1,791.0,0.03,1.0,0.000197,0.079
3.96,19.3,210.3,539.0,0.24,1.99,0.000969,0.2026
5.35,42.6,271.7,516.0,0.36,2.74,0.002055,0.2275
4.37,11.8,41.1,779.0,0.23,3.46,0.005212,0.2317
4.23,31.6,215.5,851.0,0.61,1.08,0.002036,0.2405
4.36,7.8,122.0,582.0,0.42,2.42,0.002061,0.2496
4.62,25.2,381.8,636.0,0.33,1.46,0.000561,0.2291
3.5,62.6,132.0,734.0,0.67,1.0,0.00041,0.1539
6.92,13.7,157.8,670.0,0.5,4.94,0.069532,1.1156
5.78,15.5,16.1,812.0,0.9,6.08,0.843997,0.5019
3.41,40.4,317.8,606.0,0.42,1.0,0.000189,0.1178
4.58,37.9,331.1,499.0,0.81,1.66,0.003932,0.2297
3.25,16.0,125.8,559.0,0.98,1.0,0.001297,0.11
3.16,20.2,360.9,830.0,0.95,1.0,0.000141,0.1157
3.09,17.3,253.5,736.0,0.63,1.0,0.000316,0.1404
3.08,35.9,111.6,750.0,0.05,1.0,0.000257,0.0646
4.64,28.3,135.0,612.0,0.25,2.91,0.008026,0.2222
5.41,21.1,153.3,173.0,0.29,4.66,0.014271,0.6119
4.19,9.4,34.0,547.0,0.98,4.18,0.01864,0.1769
4.12,5.1,33.4,323.0,0.32,4.05,0.015743,0.243
4.04,3.7,257.3,264.0,0.16,2.01,0.00179,0.2098
3.11,23.4,250.9,407.0,0.41,1.0,0.000254,0.0846
4.51,192.4,86.1,279.0,0.9,2.84,0.002896,0.2292
3.38,27.5,171.8,609.0,0.73,1.0,0.000442,0.1169
3.08,34.9,302.7,365.0,0.88,1.0,0.000342,0.0631
3.46,16.0,378.0,367.0,0.21,1.0,0.000242,0.0995
3.34,23.2,226.5,240.0,0.63,1.0,0.000192,0.0698
3.56,7.3,63.3,802.0,0.17,1.93,0.001663,0.1245
3.07,18.2,284.7,360.0,0.73,1.0,6.5e-05,0.1073
4.74,6.5,69.5,358.0,0.62,4.63,0.015584,0.3105
3.39,27.2,162.4,687.0,0.19,1.0,0.000669,0.1125
3.47,6.2,315.1,853.0,0.01,1.0,0.000247,0.1195
6.06,38.0,142.8,345.0,0.8,5.26,0.068296,0.6671
3.12,16.8,38.0,886.0,0.8,1.54,0.001954,0.0905
3.04,29.3,158.9,760.0,0.76,1.0,0.000195,0.1026
3.24,23.7,111.4,211.0,0.39,2.38,0.00064,0.1134
3.19,5.5,158.6,352.0,0.04,1.0,0.000899,0.0585
3.29,6.2,231.2,783.0,0.69,1.0,0.000111,0.1847
5.27,39.8,274.5,413.0,0.75,2.63,0.004073,0.3454
3.45,23.9,221.2,836.0,0.83,1.0,0.001168,0.0979
3.21,33.2,200.4,750.0,0.06,1.0,0.000118,0.1233
4.9,91.1,120.2,559.0,0.14,3.28,0.006429,0.3026
3.52,30.3,343.5,220.0,0.1,1.0,0.000257,0.1755
3.42,63.4,326.9,753.0,0.36,1.0,0.000263,0.0909
3.04,15.3,240.4,738.0,0.7,1.0,0.00018,0.1313
3.97,10.3,144.3,255.0,0.93,2.22,0.002813,0.1473
3.05,20.3,255.5,696.0,0.95,1.0,0.00037,0.0776
3.29,19.1,227.9,667.0,0.76,1.0,0.000265,0.1054
4.06,22.3,90.4,706.0,0.92,1.73,0.000523,0.2752
3.26,32.9,343.8,897.0,0.79,1.0,9.6e-05,0.0907
4.94,34.4,129.6,685.0,0.83,3.84,0.004326,0.4993
4.04,48.8,351.7,703.0,0.02,1.0,0.000431,0.2653
3.31,12.6,125.3,400.0,0.42,1.0,0.000417,0.0666
3.04,10.3,38.9,424.0,0.49,2.33,0.001564,0.0888
3.02,25.2,251.1,216.0,0.86,1.0,0.000263,0.1361
3.96,33.6,117.1,223.0,0.31,2.68,0.001871,0.1861
3.25,22.4,321.3,589.0,0.28,1.0,0.000188,0.0871
3.43,21.9,273.6,244.0,0.4,1.33,9.7e-05,0.1123
3.23,78.9,185.2,578.0,0.96,1.0,0.000119,0.1171
3.17,26.1,317.6,391.0,0.97,1.0,0.000278,0.0888
3.98,7.6,274.7,597.0,0.69,1.08,0.000425,0.1212
5.53,11.6,331.4,330.0,0.71,3.2,0.008727,0.8026
4.01,65.4,121.6,688.0,0.1,1.73,0.002676,0.2515
3.22,34.4,105.6,617.0,0.85,1.22,0.000481,0.0887
3.82,5.6,45.7,407.0,0.22,3.09,0.003416,0.1354
4.18,8.5,375.1,465.0,0.52,1.0,0.000763,0.1658
3.01,23.3,31.0,617.0,0.54,2.09,0.001225,0.0761
4.18,13.1,341.9,819.0,0.05,1.0,0.001635,0.188
5.91,25.3,357.9,461.0,0.25,3.23,0.016971,1.1899
3.52,7.2,324.3,765.0,0.6,1.0,0.000311,0.1924
3.01,16.7,140.3,872.0,0.89,1.0,0.000343,0.1401
3.03,21.7,117.0,607.0,0.03,1.0,0.000791,0.0946
3.24,28.3,119.9,529.0,0.69,1.0,0.000563,0.0857
3.15,18.6,144.6,878.0,0.99,1.0,0.000351,0.062
3.9,16.6,161.3,552.0,0.26,1.48,0.000483,0.1464
3.93,16.1,159.4,748.0,0.06,1.42,0.00211,0.1299
4.74,26.5,75.4,504.0,0.87,3.36,0.026301,0.2896
3.29,29.5,66.9,839.0,0.43,1.0,0.000795,0.0972
3.57,9.9,266.6,310.0,0.54,1.09,0.000183,0.1356
3.99,9.3,225.8,754.0,0.25,1.0,0.000721,0.2791
3.07,18.7,246.4,484.0,0.8,1.0,0.000419,0.092
3.53,7.2,122.0,334.0,0.25,1.51,0.00055,0.0957
3.13,13.9,266.1,613.0,0.3,1.0,0.000402,0.1172
3.04,113.1,306.0,338.0,0.83,1.0,8.6e-05,0.0635
3.78,25.2,202.3,832.0,0.3,1.0,0.00081,0.147
6.12,11.6,201.0,510.0,0.74,4.17,0.024909,0.4347
4.99,11.2,196.7,724.0,0.04,2.28,0.00326,0.5311
3.41,9.8,27.1,456.0,0.38,3.31,0.003306,0.1087
3.61,7.2,150.5,881.0,0.38,1.0,0.000809,0.1295
4.05,13.4,145.5,300.0,0.29,2.4,0.001591,0.1112
3.29,30.1,131.6,814.0,0.12,1.0,0.001164,0.2347
6.1,35.7,218.7,524.0,0.73,4.21,0.012207,0.7409
3.69,31.8,221.7,333.0,0.02,1.07,0.00055,0.1536
3.91,3.5,391.8,173.0,0.7,1.0,0.000845,0.1634
3.82,20.4,80.1,857.0,0.75,1.27,0.002171,0.193
3.57,9.0,359.6,494.0,0.87,1.0,0.000827,0.1416
3.18,18.7,35.0,452.0,0.2,2.32,0.000487,0.0731
3.03,15.5,379.4,539.0,0.23,1.0,8.3e-05,0.1164
4.25,12.5,166.6,623.0,0.36,2.18,0.004586,0.3696
3.24,6.1,167.9,663.0,0.71,1.0,0.000732,0.0724
3.25,15.2,295.8,612.0,0.8,1.0,0.000129,0.1075
3.84,16.1,144.5,239.0,0.83,1.88,0.000339,0.1954
4.85,24.1,41.9,755.0,0.72,4.63,0.033376,0.4112
4.12,17.1,239.7,570.0,0.44,1.55,0.000454,0.18
3.21,7.9,358.6,838.0,0.36,1.0,0.000148,0.1139
4.67,54.2,311.9,390.0,0.16,1.97,0.004184,0.1438
4.65,60.5,188.4,304.0,0.75,2.54,0.004711,0.1694
3.03,12.9,167.8,344.0,0.46,1.0,0.000278,0.1267
3.07,5.7,307.2,443.0,0.04,1.0,0.000117,0.1399
3.17,105.0,265.4,422.0,0.37,1.0,0.000287,0.0695
3.52,60.8,221.6,689.0,0.29,1.0,0.000616,0.0997
4.37,30.3,213.3,245.0,0.16,2.26,0.002476,0.2688
3.8,4.7,9.1,826.0,0.94,4.87,0.05491,0.2208
3.09,65.4,156.2,704.0,0.63,1.0,0.000192,0.1061
3.85,39.9,290.1,188.0,0.85,1.15,0.000411,0.1946
3.4,10.0,96.4,343.0,0.32,2.36,0.001438,0.0893
4.53,2.4,190.1,627.0,0.41,2.02,0.002276,0.1593
3.5,52.9,117.1,540.0,0.53,1.26,0.0015,0.1338
3.61,10.1,211.4,725.0,0.91,1.0,0.000688,0.0888
4.23,18.6,260.3,353.0,0.46,1.65,0.001049,0.2623
3.1,28.9,280.3,802.0,0.91,1.0,4.3e-05,0.0886
3.21,41.4,384.5,271.0,0.08,1.0,0.000216,0.2517
6.77,14.1,155.7,819.0,0.7,5.33,0.072196,1.5943
5.88,28.6,112.5,442.0,0.54,4.97,0.076686,0.7591
4.14,21.7,54.4,582.0,0.25,3.89,0.005392,0.1866
3.18,15.0,368.0,725.0,0.07,1.0,0.000231,0.0754
3.15,26.5,307.9,768.0,0.57,1.0,0.000243,0.1143
3.25,14.3,227.3,625.0,0.94,1.0,0.000168,0.0729
3.74,14.3,145.4,765.0,0.55,1.0,0.002821,0.1372
3.74,15.0,158.8,303.0,0.49,1.83,0.00104,0.1071
3.56,4.9,49.4,763.0,0.49,2.15,0.002464,0.3031
4.51,10.0,176.8,525.0,0.33,2.91,0.004608,0.1832
3.49,6.8,270.7,488.0,0.23,1.0,0.000109,0.127
4.42,29.1,251.4,221.0,0.14,2.14,0.002199,0.2283
3.58,4.9,209.6,712.0,0.88,1.0,0.000345,0.2156
3.26,77.7,137.7,842.0,0.8,1.0,0.000288,0.0951
3.84,18.9,197.9,760.0,0.37,1.0,0.001377,0.1336
5.51,16.1,23.7,491.0,0.68,6.64,0.071489,0.569
3.04,5.9,25.7,236.0,0.54,3.81,0.003498,0.0983
3.01,11.0,282.5,177.0,0.65,1.0,0.000232,0.088
3.16,61.4,73.8,426.0,0.29,1.49,0.000762,0.1353
4.34,17.3,280.6,828.0,0.91,1.0,0.000616,0.2438
3.84,4.6,31.3,261.0,0.54,4.5,0.004315,0.1728
4.14,32.7,356.4,531.0,0.57,1.0,0.000849,0.1633
3.77,61.7,322.6,199.0,0.81,1.0,0.000448,0.1144
4.28,11.3,158.8,575.0,0.95,1.74,0.001709,0.094
4.82,15.7,382.7,433.0,0.75,1.47,0.001181,0.2318
3.29,56.9,95.7,455.0,0.29,1.04,0.000743,0.0817
3.95,2.4,394.4,635.0,0.39,1.0,0.000224,0.1958
3.87,44.1,281.4,411.0,0.07,1.2,0.001048,0.192
3.08,9.7,231.7,771.0,0.18,1.0,0.000392,0.0928
3.05,22.9,142.6,882.0,0.6,1.0,0.000531,0.0649
4.11,44.5,18.4,434.0,0.38,3.37,0.008077,0.1771
3.89,32.0,143.0,751.0,0.01,1.13,0.000999,0.1146
3.06,25.5,270.3,434.0,0.67,1.0,0.000159,0.0997
4.08,46.9,305.4,156.0,0.8,1.45,0.000621,0.2712
4.29,9.8,45.1,308.0,0.82,4.81,0.00621,0.2282
3.61,19.3,121.3,743.0,0.25,1.65,0.001496,0.1234
7.18,9.1,9.7,224.0,0.34,10.0,5.034473,2.207
7.71,21.9,396.1,452.0,0.08,6.02,0.293367,1.9768
3.16,11.2,85.6,160.0,0.91,2.04,0.000891,0.1075
3.55,7.8,42.9,681.0,0.8,2.39,0.005069,0.318
3.29,7.8,302.2,711.0,0.35,1.0,0.00029,0.1033
3.45,35.5,57.2,301.0,0.22,2.71,0.000796,0.1134
3.13,4.0,133.0,662.0,0.66,1.0,0.001428,0.1394
3.72,5.6,342.5,592.0,0.56,1.0,0.00026,0.1622
3.05,3.6,381.2,247.0,0.34,1.0,7.1e-05,0.1476
3.59,5.9,126.1,372.0,0.61,1.47,0.0004,0.153
3.04,3.6,82.4,223.0,0.66,2.11,0.000711,0.0715
3.2,5.4,99.4,496.0,0.55,1.29,0.00064,0.112
3.86,6.0,315.5,357.0,0.79,1.06,0.000411,0.1706
3.7,53.4,93.2,299.0,0.36,2.26,0.001197,0.1017
3.65,16.3,93.4,162.0,0.7,3.0,0.005177,0.1983
3.51,8.0,309.6,257.0,0.57,1.0,0.001163,0.0891
3.47,3.3,349.2,636.0,0.01,1.0,0.000145,0.123
4.95,8.3,75.4,229.0,0.03,4.77,0.020521,0.3825
3.63,45.7,36.9,341.0,0.52,3.51,0.003095,0.2403
5.35,11.0,99.4,300.0,0.59,4.71,0.024894,0.658
3.01,30.2,42.3,462.0,0.02,1.34,0.000815,0.0747
5.49,19.9,316.8,789.0,0.39,2.14,0.010252,0.6557
3.18,15.8,179.2,224.0,0.62,1.0,0.00034,0.1904
3.43,12.2,391.5,160.0,0.75,1.0,8.3e-05,0.1291
3.11,13.4,259.9,773.0,0.0,1.0,0.000129,0.1129
3.75,11.2,174.2,256.0,0.51,2.17,0.000904,0.1499
4.58,8.6,205.5,656.0,0.42,1.9,0.004696,0.3011
3.71,15.7,332.1,705.0,0.48,1.0,0.000338,0.2035
3.42,34.4,364.5,527.0,0.54,1.0,0.000294,0.1343
3.24,23.7,121.5,727.0,0.11,1.0,0.000238,0.093
3.24,4.4,149.7,345.0,0.34,1.0,0.000798,0.1042
3.13,24.4,349.6,504.0,0.3,1.0,0.000132,0.0977
3.63,20.8,196.7,722.0,0.31,1.0,0.000199,0.1812
3.72,9.7,311.2,205.0,0.61,1.12,0.001826,0.187
4.37,30.5,200.9,669.0,0.7,1.39,0.001157,0.1739
3.04,25.2,21.4,862.0,0.64,2.21,0.001579,0.192
3.57,68.6,372.7,632.0,0.75,1.0,0.000251,0.078
3.59,2.8,302.6,222.0,0.15,1.18,0.000368,0.1156
4.63,27.9,135.7,606.0,0.2,3.24,0.005676,0.1488
3.72,6.4,374.2,695.0,0.59,1.0,0.001105,0.1979
3.1,17.1,178.7,861.0,0.74,1.0,0.000554,0.0828
3.36,23.4,45.0,503.0,0.54,2.64,0.002425,0.143
3.04,50.5,27.0,581.0,0.11,1.81,0.001266,0.0999
3.7,18.2,136.0,581.0,0.28,1.44,0.000861,0.1382
3.4,8.1,153.1,239.0,0.5,1.87,0.000161,0.1027
3.01,29.6,198.1,609.0,0.9,1.0,0.000238,0.0902
3.6,23.4,33.3,232.0,0.41,3.46,0.002776,0.1167
5.85,39.3,279.0,383.0,0.1,3.93,0.033859,0.5175
3.76,2.0,213.9,569.0,0.65,1.0,0.000562,0.2538
3.69,16.2,266.8,632.0,0.17,1.0,0.000406,0.0647
5.39,2.0,61.2,280.0,0.82,5.67,0.037434,0.281
3.16,19.1,171.1,816.0,0.64,1.0,0.000575,0.0659
3.13,15.0,134.6,560.0,0.89,1.0,0.00034,0.0761
4.57,7.9,228.7,789.0,0.03,1.83,0.004036,0.1997
3.49,21.7,332.5,696.0,0.27,1.0,0.000246,0.2164
5.25,18.2,111.3,581.0,0.57,3.85,0.010629,0.6029
3.49,36.7,84.4,214.0,0.55,2.11,0.001136,0.1177
3.37,48.9,171.5,552.0,0.09,1.0,0.000564,0.1499
3.64,17.0,164.3,488.0,0.19,1.52,0.000317,0.2011
3.18,13.3,385.5,415.0,0.51,1.0,0.000122,0.1123
3.11,8.5,90.3,316.0,0.35,1.83,0.000349,0.1258
3.46,42.5,82.2,494.0,1.0,2.02,0.00057,0.0922
4.42,14.8,73.2,721.0,0.59,2.45,0.009532,0.1433
4.03,13.2,387.7,670.0,0.81,1.0,0.000894,0.2055
3.04,26.1,341.6,163.0,0.43,1.0,0.000151,0.1118
3.2,9.8,52.1,773.0,0.33,1.55,0.000684,0.0693
3.65,13.1,393.7,520.0,0.94,1.0,0.000224,0.2105
3.06,15.8,274.8,585.0,0.81,1.0,8.7e-05,0.107
3.31,34.5,316.6,611.0,0.13,1.0,0.000372,0.1233
4.77,6.8,296.0,602.0,0.9,1.49,0.003342,0.2909
3.18,6.1,334.5,720.0,0.38,1.0,0.000102,0.1556
3.61,9.6,277.4,492.0,0.64,1.0,0.000282,0.0784
3.09,9.0,178.4,315.0,0.77,1.18,0.000267,0.0885
3.25,8.3,159.9,656.0,0.51,1.0,0.000436,0.1116
3.24,28.5,197.1,314.0,0.29,1.0,0.000447,0.1014
4.26,10.5,235.0,730.0,0.83,1.28,0.002751,0.2339
4.17,67.3,168.1,886.0,0.01,1.03,0.000646,0.1271
4.53,34.2,16.9,649.0,0.99,4.77,0.010805,0.1904
3.49,16.1,66.1,309.0,0.42,2.33,0.000822,0.1319
3.13,14.4,183.9,811.0,0.95,1.0,0.000462,0.0567
3.86,27.4,319.8,214.0,0.36,1.0,0.000602,0.1574
6.65,108.7,157.6,715.0,0.05,4.47,0.072108,1.7134
3.21,22.6,346.2,571.0,0.19,1.0,0.000278,0.0592
3.08,7.4,367.3,718.0,0.23,1.0,3.9e-05,0.0824
3.7,16.4,37.0,259.0,0.68,3.69,0.003732,0.1052
5.3,239.9,290.6,619.0,0.92,2.45,0.005221,0.2867
4.46,7.6,381.5,729.0,0.26,1.3,0.001343,0.2114
3.23,12.6,122.8,181.0,0.03,1.77,0.00033,0.1033
3.04,16.6,181.0,197.0,0.07,1.25,0.000137,0.1137
4.44,10.3,187.1,820.0,0.51,1.38,0.001154,0.3342
3.02,47.2,182.4,668.0,0.82,1.0,0.000179,0.1361
3.2,9.5,332.0,363.0,0.83,1.0,0.000341,0.0804
4.56,14.8,368.7,155.0,0.49,2.19,0.001381,0.3551
3.48,24.2,335.8,596.0,0.66,1.0,0.000119,0.0952
3.03,25.4,55.9,828.0,0.97,1.0,0.002509,0.0709
5.43,13.3,357.7,709.0,0.56,2.08,0.015556,0.8804
3.31,18.1,276.3,873.0,0.24,1.0,0.000409,0.0687
4.19,15.0,374.8,831.0,0.83,1.0,0.000166,0.3064
3.19,2.0,160.2,301.0,0.13,1.46,0.0003,0.0963
4.09,29.1,125.7,567.0,0.18,1.65,0.006871,0.2135
3.02,19.0,139.2,331.0,0.81,1.03,0.000389,0.0746
3.03,14.2,155.8,164.0,0.26,1.99,0.000488,0.0956
4.66,33.3,354.0,635.0,0.6,1.04,0.000698,0.2933
3.51,3.8,196.4,749.0,0.5,1.0,0.000203,0.1266
3.2,44.4,118.8,733.0,0.5,1.0,0.000144,0.1008
3.62,10.0,309.5,623.0,0.24,1.0,0.000234,0.154
3.24,7.4,24.3,488.0,0.36,3.65,0.012154,0.0827
6.13,7.0,142.3,760.0,0.84,4.11,0.125207,0.8803
3.55,21.7,317.6,357.0,0.49,1.0,0.000643,0.1616
4.97,9.6,245.3,609.0,0.07,2.24,0.003842,0.1873
4.29,28.9,148.3,891.0,0.87,1.38,0.004055,0.1964
3.06,5.1,113.8,848.0,0.88,1.0,0.000264,0.0949
5.59,42.5,41.2,827.0,0.32,4.49,0.046162,0.5814
3.16,13.6,14.6,748.0,0.28,2.78,0.003357,0.1191
3.13,70.0,84.3,841.0,0.9,1.0,0.000621,0.095
3.49,22.5,198.1,313.0,0.29,1.21,0.000178,0.1306
7.41,11.4,185.6,308.0,0.02,6.58,0.464689,2.1801
4.82,13.1,214.1,447.0,0.89,2.37,0.006302,0.3097
3.16,3.5,14.8,320.0,0.91,4.03,0.00633,0.0838
3.14,13.2,178.2,397.0,0.21,1.0,0.000396,0.0867
3.17,5.8,296.1,713.0,0.93,1.0,0.000121,0.1595
3.09,9.4,301.2,208.0,0.35,1.0,7.8e-05,0.0753
3.0,89.9,225.4,868.0,0.82,1.0,0.000172,0.0512
3.38,6.8,283.3,311.0,0.91,1.0,0.000419,0.1663
3.14,25.5,8.7,886.0,0.62,2.3,0.007086,0.1085
5.38,24.7,137.9,492.0,0.81,3.91,0.007228,0.1785
3.67,12.7,207.3,620.0,0.02,1.0,0.000376,0.1025
3.23,14.7,368.7,273.0,0.16,1.0,0.00018,0.106
5.27,9.4,106.7,527.0,0.74,3.68,0.038838,0.3286
3.31,69.6,120.5,442.0,0.55,1.0,0.000897,0.108
3.64,25.4,179.0,452.0,0.95,1.0,0.000406,0.1336
3.07,37.3,275.5,473.0,0.72,1.0,0.000215,0.0978
3.04,3.8,233.5,357.0,0.92,1.0,0.000131,0.0915
5.13,14.1,301.6,677.0,0.82,2.38,0.005662,0.332
3.24,6.6,114.2,257.0,0.55,1.77,0.000585,0.1513
3.29,39.2,321.9,530.0,0.62,1.0,0.000206,0.0827
3.41,12.7,364.5,883.0,0.17,1.0,0.000192,0.1355
3.58,8.6,218.2,754.0,0.65,1.0,0.000341,0.0961
4.97,17.3,111.5,696.0,0.13,3.0,0.005489,0.2935
3.58,18.3,338.9,565.0,0.98,1.0,0.000207,0.0934
5.17,14.9,251.8,172.0,0.82,3.55,0.005777,0.3498
4.04,58.3,345.9,427.0,0.64,1.0,0.00046,0.2153
3.03,35.6,171.7,473.0,0.83,1.0,0.000116,0.1149
3.83,19.0,266.2,241.0,0.29,1.55,0.001604,0.106
4.64,26.4,17.9,517.0,0.31,5.01,0.016234,0.2436
3.17,12.1,105.5,426.0,0.09,1.0,0.000874,0.0753
4.04,5.2,126.0,836.0,0.2,1.0,0.002051,0.168
4.53,15.8,369.4,861.0,0.12,1.0,0.002911,0.4497
3.04,2.4,276.3,491.0,0.39,1.0,0.000156,0.0781
3.19,34.0,23.2,793.0,0.37,1.66,0.001168,0.0999
3.28,11.3,225.5,720.0,0.92,1.0,0.000229,0.1351
3.76,3.4,176.8,846.0,0.92,1.0,0.000466,0.1231
4.27,17.7,306.0,592.0,0.45,1.0,0.000747,0.1805
3.11,139.7,89.4,500.0,0.41,1.0,0.000576,0.1043
3.81,9.2,136.8,559.0,0.5,1.39,0.001776,0.1289
3.13,14.4,72.3,326.0,0.76,1.79,0.000783,0.1216
3.66,23.8,308.8,242.0,0.74,1.0,0.000103,0.1254
3.37,6.2,181.2,299.0,0.48,1.0,0.000218,0.0891
5.07,55.9,90.7,410.0,0.69,4.49,0.008726,0.3953
3.75,11.9,176.1,328.0,0.67,1.15,0.000393,0.1091
3.23,21.3,195.8,554.0,0.22,1.0,0.000521,0.1018
3.88,32.5,356.1,296.0,0.63,1.0,0.000572,0.1117
3.54,14.7,101.2,245.0,0.0,2.46,0.000314,0.1874
3.64,29.2,31.9,860.0,0.31,2.37,0.002723,0.0901
4.14,4.6,103.0,547.0,0.03,2.42,0.002377,0.1197
3.58,5.2,27.2,329.0,0.12,4.03,0.004706,0.1284
3.27,19.1,21.7,272.0,0.88,3.63,0.0038,0.1213
4.02,9.4,140.5,766.0,0.03,1.81,0.001285,0.2692
3.9,9.8,295.8,425.0,0.12,1.0,0.000353,0.1361
4.01,16.4,307.5,407.0,0.1,1.14,0.001051,0.1869
3.79,27.0,352.9,753.0,0.4,1.0,0.000748,0.144
3.32,47.7,335.4,619.0,0.26,1.0,9.4e-05,0.148
3.39,78.2,360.1,278.0,0.16,1.0,0.000156,0.1245
4.47,53.0,82.1,243.0,0.29,3.66,0.003774,0.2638
3.22,36.1,76.1,367.0,0.17,2.24,0.000907,0.082
3.67,8.5,12.8,640.0,0.64,4.36,0.005874,0.0887
4.79,8.2,166.1,207.0,0.17,3.32,0.001279,0.2387
3.23,6.2,191.2,745.0,0.26,1.0,0.000433,0.1386
3.38,12.0,73.3,563.0,0.61,1.79,0.000314,0.107
3.08,20.7,390.2,779.0,0.32,1.0,0.000348,0.1612
3.36,87.6,156.6,505.0,0.39,1.0,0.000337,0.1877
3.44,9.5,156.5,407.0,0.8,1.39,0.001551,0.079
3.11,29.0,160.3,803.0,0.52,1.0,0.000287,0.0799
3.07,11.1,71.1,578.0,0.11,1.46,0.00224,0.1271
3.09,16.4,239.2,321.0,0.44,1.0,0.000223,0.1108
4.18,4.1,51.5,166.0,0.35,4.47,0.005191,0.1726
5.43,124.2,379.2,233.0,0.71,2.47,0.003421,0.3803
3.64,21.1,191.7,437.0,0.21,1.59,0.000467,0.174
3.43,17.1,240.0,233.0,0.62,1.0,0.000675,0.166
3.13,18.3,146.9,437.0,0.3,1.0,0.000217,0.0956
3.83,5.5,137.6,438.0,0.79,2.08,0.001009,0.1394
3.56,35.4,394.2,819.0,0.38,1.0,0.000407,0.153
3.11,23.8,49.2,309.0,0.63,1.91,0.002284,0.0629
3.25,37.0,59.6,796.0,0.08,1.04,0.003361,0.094
6.33,66.2,214.4,416.0,0.74,4.66,0.044682,0.7542
3.54,34.1,80.8,439.0,0.97,2.51,0.00218,0.1293
4.54,12.1,7.6,331.0,0.5,6.8,0.034997,0.2105
4.07,14.1,248.4,247.0,0.35,1.77,0.000762,0.2597
3.79,5.6,6.3,350.0,0.46,6.0,0.010214,0.167
3.14,123.9,255.2,387.0,0.49,1.0,0.000235,0.1332
4.32,5.8,126.3,219.0,0.9,2.54,0.001549,0.1646
3.05,49.4,248.4,204.0,0.8,1.0,7.5e-05,0.0822
5.01,8.8,233.0,524.0,0.95,1.83,0.00193,0.1966
3.7,22.6,370.9,841.0,0.12,1.0,0.000289,0.1852
3.15,17.9,101.9,671.0,0.48,1.0,0.0004,0.1192
3.8,8.2,370.0,200.0,0.14,1.0,0.000177,0.1425
3.12,38.8,215.9,730.0,0.47,1.0,0.000354,0.0768
3.17,33.6,5.0,813.0,0.74,1.88,0.002362,0.0615
3.58,20.4,162.4,425.0,0.74,1.04,0.001656,0.1602
4.25,37.4,27.8,757.0,0.71,3.04,0.002517,0.3982
3.81,77.2,279.9,186.0,0.8,1.0,0.000695,0.1411
3.54,7.2,287.2,281.0,0.35,1.0,0.000564,0.179
5.17,12.2,123.8,800.0,0.42,3.09,0.00952,0.254
3.3,6.0,99.3,493.0,0.71,1.86,0.000935,0.1495
4.85,9.7,176.7,391.0,0.77,3.03,0.005303,0.3221
3.81,14.2,245.4,729.0,0.84,1.0,0.000895,0.1388
4.37,14.4,56.7,791.0,0.77,3.55,0.005761,0.1691
3.28,19.1,101.0,591.0,0.64,1.0,0.000547,0.1196
4.76,68.5,336.9,254.0,0.21,2.21,0.001478,0.2528
4.36,36.8,201.1,181.0,0.88,2.42,0.003184,0.3341
3.06,13.1,120.3,727.0,0.77,1.0,0.000567,0.0896
3.44,28.1,15.7,483.0,0.15,2.99,0.006326,0.1025
3.01,11.2,105.6,597.0,0.53,1.0,0.000271,0.0881
3.23,39.7,255.8,191.0,0.25,1.0,0.000252,0.0963
3.21,12.5,83.9,637.0,0.2,1.3,0.001131,0.1252
3.21,15.8,393.1,725.0,0.17,1.0,8.9e-05,0.0763
3.03,5.7,333.1,468.0,0.72,1.0,0.00019,0.0939
4.5,11.6,130.3,594.0,0.13,2.97,0.010535,0.2975
4.2,88.8,214.9,614.0,0.42,1.34,0.001006,0.2288
3.26,2.2,148.0,711.0,0.16,1.0,0.000324,0.1424
3.37,15.9,150.0,249.0,0.18,1.92,0.000269,0.1456
3.01,10.1,206.5,290.0,0.42,1.0,0.000212,0.0563
3.31,10.9,156.4,270.0,0.85,1.46,0.000487,0.0936
3.29,47.3,397.4,522.0,0.37,1.0,0.000111,0.1026
3.83,9.0,38.5,730.0,0.09,2.77,0.006203,0.241
3.35,4.7,363.6,893.0,0.7,1.0,0.000349,0.0916
4.94,14.0,280.0,326.0,0.0,2.55,0.007609,0.3785
3.09,14.8,366.4,750.0,0.62,1.0,9.4e-05,0.1066
4.17,28.0,106.3,355.0,0.27,2.48,0.002946,0.2685
4.44,51.6,305.7,429.0,0.25,1.27,0.000562,0.3494
3.69,29.7,286.4,748.0,0.14,1.0,0.000242,0.1175
3.76,32.9,222.5,398.0,0.93,1.0,0.00038,0.2071
3.13,9.6,252.4,153.0,0.47,1.0,0.000468,0.0846
3.32,8.1,179.3,354.0,0.1,1.05,0.000499,0.1526
3.2,20.6,101.0,848.0,0.74,1.0,0.000895,0.0466
5.75,25.4,92.2,443.0,0.72,4.63,0.033917,1.1545
3.21,32.0,33.9,288.0,0.59,2.53,0.000194,0.133
3.15,24.9,177.9,753.0,0.42,1.0,0.000156,0.0994
3.34,10.4,382.6,270.0,0.56,1.0,9.6e-05,0.1461
3.23,9.2,386.3,434.0,0.98,1.0,0.000148,0.1182
4.72,43.6,79.8,863.0,0.31,2.33,0.008947,0.2936
3.02,33.4,75.7,783.0,0.69,1.0,0.00026,0.1002
3.08,3.6,100.9,249.0,0.94,1.51,0.000849,0.1771
3.3,24.8,38.9,278.0,0.3,2.61,0.001354,0.148
3.02,23.1,114.8,194.0,0.4,1.36,0.000323,0.0647
4.41,8.4,181.3,163.0,0.27,2.67,0.002466,0.1901
5.89,5.9,136.8,758.0,0.52,3.78,0.075136,0.939
3.98,32.4,25.4,462.0,0.31,3.19,0.0134,0.1849
3.61,23.4,372.1,472.0,0.15,1.0,0.000149,0.1335
3.01,5.4,122.7,736.0,0.87,1.0,0.00042,0.1024
3.06,15.4,197.1,348.0,0.83,1.0,0.000322,0.1052
4.13,43.2,243.5,638.0,0.68,1.32,0.001784,0.1505
4.17,11.5,222.0,434.0,0.08,1.71,0.001342,0.2414
3.42,64.2,153.0,477.0,0.31,1.05,0.000833,0.0991
3.01,5.3,25.3,298.0,0.85,3.38,0.001909,0.1252
3.32,47.3,242.2,403.0,0.98,1.0,0.000391,0.1157
4.12,13.6,386.7,584.0,0.52,1.0,0.000308,0.1791
3.07,7.5,254.1,212.0,0.42,1.0,0.000254,0.1885
3.8,12.6,166.6,218.0,0.6,2.08,0.002168,0.154
5.14,33.0,198.8,271.0,0.28,3.25,0.016389,0.308
3.43,5.7,272.3,888.0,0.43,1.0,0.000472,0.0787
3.33,40.8,260.9,802.0,0.58,1.0,0.000394,0.0785
3.6,28.6,190.3,880.0,0.25,1.0,0.000297,0.1649
3.56,2.4,79.2,559.0,0.27,1.84,0.000866,0.1325
3.42,20.6,154.2,734.0,0.69,1.0,0.000652,0.1615
4.03,43.7,87.5,581.0,0.54,2.8,0.001914,0.2475
4.82,9.0,53.5,487.0,1.0,4.23,0.018191,0.2074
5.6,2.0,393.5,384.0,0.79,2.88,0.008144,0.6291
4.29,31.8,9.0,418.0,0.46,5.05,0.019757,0.1236
4.2,38.4,332.1,468.0,0.85,1.0,0.000336,0.1373
4.51,57.2,244.2,223.0,0.23,2.36,0.001828,0.4358
3.97,7.4,85.8,693.0,0.5,1.94,0.008891,0.1204
3.25,6.8,217.2,654.0,0.28,1.0,0.000267,0.1553
3.13,10.2,254.6,311.0,0.35,1.0,0.000224,0.0865
4.06,45.8,351.0,496.0,0.06,1.0,0.000765,0.2462
3.76,7.3,202.3,486.0,0.27,1.0,0.00082,0.1801
3.51,17.1,147.9,878.0,0.02,1.0,0.001276,0.1311
3.65,4.1,377.3,196.0,0.3,1.17,0.000246,0.1875
4.4,54.7,151.0,445.0,0.26,2.7,0.001373,0.1593
3.23,16.0,174.4,154.0,0.22,1.75,0.000166,0.0804
4.4,17.9,304.4,399.0,0.42,1.82,0.004019,0.3566
3.03,266.1,258.1,568.0,0.99,1.0,5.8e-05,0.0917
4.01,38.2,364.0,802.0,0.98,1.0,0.000418,0.2471
3.8,26.3,33.9,739.0,0.13,2.33,0.011146,0.1468
3.3,16.5,75.5,864.0,0.8,1.08,0.001183,0.1719
4.69,14.0,126.5,442.0,0.21,3.28,0.003216,0.2724
4.44,4.7,352.7,846.0,0.5,1.0,0.000855,0.2312
3.86,34.1,138.9,537.0,0.85,1.6,0.003013,0.2319
3.05,13.6,96.5,290.0,0.89,1.83,0.000586,0.0665
3.4,13.9,231.9,765.0,0.83,1.0,0.000307,0.1341
8.05,4.4,18.6,215.0,0.18,10.0,11.033882,2.4418
3.79,46.2,388.2,635.0,0.58,1.0,0.000575,0.1607
3.02,18.6,15.4,473.0,0.88,2.75,0.001273,0.1779
3.93,19.0,179.5,521.0,0.51,1.59,0.00426,0.0941
3.4,11.0,55.4,241.0,0.3,3.5,0.001246,0.0756
5.22,26.3,384.6,651.0,0.01,2.39,0.002928,0.3845
5.07,34.4,294.7,348.0,0.53,2.73,0.002142,0.2823
3.26,27.0,144.9,215.0,0.73,1.75,0.000789,0.0574
3.21,6.8,147.1,374.0,0.03,1.34,0.000824,0.104
3.33,3.9,308.0,206.0,0.65,1.0,0.000387,0.099
4.54,14.9,211.5,680.0,0.48,1.76,0.002291,0.2526
5.75,24.7,62.9,853.0,0.56,4.68,0.055451,0.595
3.37,2.1,305.4,827.0,0.98,1.0,0.000493,0.1058
3.57,7.5,63.2,782.0,0.92,1.79,0.001355,0.1451
3.3,10.5,143.0,813.0,0.27,1.0,0.000253,0.0919
3.67,16.8,238.6,179.0,0.81,1.3,0.000289,0.1429
3.8,40.9,292.4,595.0,0.99,1.0,0.000731,0.1504
3.9,11.4,19.5,793.0,0.35,3.87,0.004514,0.1109
3.41,34.3,182.4,591.0,0.52,1.0,0.000217,0.0943
3.29,12.5,186.5,683.0,0.83,1.0,0.000464,0.094
3.2,36.2,79.1,598.0,0.13,1.47,0.000722,0.1249
3.29,9.5,16.4,642.0,0.59,3.57,0.002167,0.1311
3.1,16.1,348.4,735.0,0.49,1.0,0.000106,0.0771
6.4,33.6,292.5,332.0,0.09,4.59,0.07465,0.547
3.61,16.1,218.6,709.0,0.29,1.0,0.000421,0.0635
3.33,2.2,306.5,429.0,0.69,1.0,0.000242,0.1367
3.24,12.3,203.5,842.0,0.65,1.0,0.000214,0.1125
3.9,23.5,352.7,662.0,0.19,1.0,0.00045,0.2558
3.58,16.5,248.6,706.0,0.81,1.0,0.000307,0.1104
4.1,6.5,111.8,867.0,0.73,1.98,0.001705,0.2091
4.78,10.4,87.4,696.0,0.8,3.65,0.009464,0.295
3.11,28.9,341.9,608.0,0.36,1.0,0.000291,0.0805
3.56,33.3,341.1,488.0,0.95,1.0,0.00012,0.1805
3.36,23.5,9.5,171.0,0.75,4.0,0.002041,0.0955
4.99,8.9,339.2,781.0,0.7,1.22,0.006259,0.3145
3.3,7.4,207.8,736.0,0.39,1.0,0.000115,0.075
3.05,93.5,344.1,294.0,0.7,1.0,0.00015,0.103
3.69,6.3,72.5,554.0,0.29,2.21,0.003192,0.1317
3.81,42.8,162.8,263.0,0.89,1.9,0.002743,0.181
3.09,17.8,334.2,158.0,0.41,1.0,0.00047,0.1041
4.43,25.7,54.0,750.0,0.04,2.82,0.006452,0.2161
3.94,21.8,59.2,472.0,0.59,2.75,0.009148,0.1195
3.83,12.9,320.3,262.0,0.58,1.0,0.000517,0.1702
3.33,27.3,119.8,764.0,0.57,1.0,0.000223,0.0883
4.04,7.3,215.0,352.0,0.67,1.76,0.001319,0.3122
3.66,11.9,182.8,429.0,0.51,1.49,0.000818,0.0932
3.5,18.8,71.5,763.0,0.62,1.8,0.002439,0.0922
3.15,2.0,282.9,778.0,0.46,1.0,0.000147,0.1066
4.35,48.8,57.2,442.0,0.81,3.5,0.004476,0.2917
3.31,13.8,211.9,203.0,0.59,1.0,0.00043,0.1341
6.73,12.5,25.9,569.0,0.71,7.95,1.61154,1.0008
3.07,6.6,52.2,500.0,0.49,1.83,0.002784,0.1206
3.88,13.3,48.7,329.0,0.42,3.56,0.005638,0.1047
3.12,4.8,43.1,296.0,0.61,2.32,0.000864,0.1319
4.05,6.5,393.0,403.0,0.41,1.0,0.00061,0.1889
3.66,8.6,116.7,682.0,0.76,1.0,0.00425,0.1715
4.47,15.4,165.1,795.0,0.37,1.84,0.004409,0.33
3.06,14.7,284.4,754.0,0.2,1.0,0.000232,0.1411
3.31,8.7,396.1,248.0,0.72,1.0,0.000161,0.1332
3.06,10.0,258.2,459.0,0.0,1.0,0.000173,0.0926
3.42,24.9,278.9,745.0,0.71,1.0,0.000135,0.1174
3.8,8.3,101.0,154.0,0.26,2.92,0.002535,0.0937
3.15,53.1,143.8,368.0,0.59,1.0,0.000185,0.0804
5.06,26.0,238.3,502.0,0.15,2.51,0.006809,0.3339
4.12,9.0,283.2,469.0,0.55,1.22,0.001083,0.1564
3.06,5.0,152.4,656.0,0.1,1.0,0.000949,0.1112
4.18,16.8,24.2,205.0,0.96,4.95,0.040385,0.2742
3.81,36.1,355.9,699.0,0.3,1.0,0.000458,0.2614
3.59,17.0,132.9,825.0,0.28,1.0,0.00139,0.1045
3.26,16.6,341.3,865.0,0.52,1.0,0.000267,0.095
4.92,4.5,263.8,195.0,0.87,2.71,0.004762,0.3624
4.19,29.8,77.0,356.0,0.49,3.03,0.003983,0.1326
4.02,6.2,207.2,515.0,0.22,1.4,0.002073,0.2316
4.1,55.1,46.5,852.0,0.7,3.22,0.003091,0.1558
3.78,16.0,363.8,652.0,0.28,1.0,0.000504,0.1795
3.5,59.0,126.7,340.0,0.31,1.39,0.000563,0.1416
3.38,26.9,380.4,888.0,0.91,1.0,0.000133,0.0742
4.1,3.1,313.6,348.0,0.44,1.28,0.000536,0.1443
4.12,14.3,367.3,551.0,0.17,1.0,0.000996,0.171
3.16,25.2,86.7,574.0,0.86,1.57,0.000429,0.0751
3.64,49.9,119.4,590.0,0.28,1.01,0.000518,0.1441
3.04,13.9,10.4,870.0,0.41,2.73,0.001647,0.1209
3.98,23.6,245.5,152.0,0.24,2.11,0.00036,0.3322
4.08,3.9,74.2,606.0,0.11,3.05,0.003364,0.2613
3.05,18.2,310.5,674.0,0.84,1.0,0.000154,0.0771
3.17,13.1,339.6,721.0,0.88,1.0,0.000218,0.1175
3.32,25.8,277.4,737.0,0.13,1.0,0.000109,0.0945
3.47,14.5,15.2,436.0,0.97,3.93,0.003908,0.0909
4.29,12.9,267.3,446.0,0.79,1.58,0.00316,0.3643
3.22,14.1,46.3,250.0,0.33,2.94,0.005489,0.1893
3.19,26.4,61.4,580.0,0.43,1.48,0.000898,0.109
3.48,50.8,346.1,881.0,0.87,1.0,0.000232,0.1382
3.03,33.1,141.4,210.0,0.54,1.0,0.000308,0.0725
4.29,39.3,31.5,332.0,0.96,3.92,0.006218,0.2081
5.26,7.0,281.0,842.0,0.17,2.37,0.00587,0.7848
3.48,4.9,20.8,579.0,0.63,3.79,0.010551,0.1125
3.4,6.5,253.1,793.0,0.2,1.0,0.000486,0.0701
3.64,6.6,345.0,460.0,0.86,1.0,0.000159,0.2037
3.59,24.5,289.6,297.0,0.81,1.0,0.00032,0.1412
4.09,14.3,145.5,827.0,0.28,1.98,0.002346,0.1297
3.82,12.5,213.2,191.0,0.13,1.54,0.001643,0.1339
3.28,103.0,341.0,416.0,0.99,1.0,0.000458,0.1394
3.08,12.7,34.0,818.0,0.99,2.33,0.000764,0.0677
5.02,33.3,292.0,298.0,0.34,2.29,0.011846,0.3452
4.68,16.8,199.5,835.0,0.16,1.92,0.00268,0.3069
3.58,6.5,186.6,575.0,0.75,1.0,0.000553,0.153
3.28,4.0,223.0,537.0,0.35,1.0,0.000114,0.058
3.6,9.8,193.7,185.0,0.6,1.93,0.000869,0.1666
5.9,22.6,8.6,857.0,0.83,6.38,0.409169,0.4248
3.13,24.8,75.0,840.0,0.38,1.0,0.000271,0.1084
3.29,45.8,392.4,575.0,0.17,1.0,0.000202,0.0792
3.64,25.0,53.2,794.0,0.89,2.01,0.002785,0.0765
3.11,75.1,313.5,587.0,0.31,1.0,0.000143,0.0926
3.17,9.1,227.3,312.0,0.31,1.0,0.000501,0.0861
5.91,9.2,165.4,687.0,0.83,4.12,0.013554,0.9819
3.06,31.3,336.6,500.0,0.09,1.0,0.00013,0.1544
3.36,14.5,224.1,725.0,0.53,1.0,0.00072,0.154
3.09,39.8,375.1,389.0,0.47,1.0,6.2e-05,0.1383
3.83,61.8,36.8,236.0,1.0,3.32,0.001994,0.121
3.21,22.6,202.3,402.0,0.69,1.0,0.000206,0.0916
3.07,12.5,31.5,641.0,0.65,1.96,0.005024,0.0851
3.1,2.1,208.8,440.0,0.83,1.0,0.000932,0.0671
3.34,13.4,240.3,784.0,0.71,1.0,0.000493,0.1058
3.01,21.2,361.7,609.0,0.64,1.0,0.000205,0.1232
3.12,5.5,258.3,261.0,0.46,1.0,0.000124,0.067
3.27,23.7,224.2,238.0,0.86,1.0,0.000406,0.1234
3.16,20.5,241.1,714.0,0.87,1.0,0.000412,0.0711
4.09,19.5,71.1,664.0,0.17,2.01,0.004092,0.2005
3.34,36.1,129.7,432.0,0.62,1.57,0.000673,0.068
3.44,59.5,12.1,251.0,0.79,2.97,0.000651,0.1247
5.27,7.2,209.5,383.0,0.8,3.28,0.005216,0.2494
3.08,14.8,171.1,612.0,0.58,1.0,0.000114,0.1398
3.52,21.9,160.8,294.0,0.69,1.72,0.000561,0.0987
3.17,61.2,248.2,819.0,1.0,1.0,0.000971,0.1321
3.35,18.1,171.0,390.0,0.71,1.0,0.000364,0.1225
4.05,28.7,282.1,233.0,0.65,1.82,0.000474,0.1789
3.02,18.7,124.7,227.0,0.19,1.33,0.000441,0.0558
3.3,20.4,29.3,265.0,0.68,3.0,0.002061,0.131
4.83,20.9,237.7,592.0,0.84,2.16,0.005242,0.3882
3.39,43.7,220.9,485.0,0.04,1.0,0.000172,0.1526
3.38,26.6,318.7,866.0,0.55,1.0,0.000332,0.0467
3.22,36.6,310.9,800.0,0.78,1.0,0.000225,0.0818
5.67,18.9,123.2,590.0,0.39,4.15,0.020123,1.5719
3.05,13.5,305.2,550.0,0.16,1.0,0.000249,0.0687
6.35,16.2,255.8,406.0,0.55,4.59,0.020997,0.8406
3.03,38.3,32.3,550.0,0.19,2.09,0.001255,0.0873
3.55,18.5,353.0,866.0,0.36,1.0,0.00013,0.0611
4.59,4.8,250.1,735.0,0.99,1.69,0.005554,0.2751
3.1,24.7,360.0,445.0,0.37,1.0,0.000117,0.0544
4.11,6.5,219.5,446.0,0.17,2.15,0.000877,0.1671
3.13,2.7,128.0,548.0,0.02,1.0,0.00023,0.0973
3.47,15.3,32.6,750.0,0.86,2.18,0.007125,0.0871
3.35,66.9,79.2,399.0,0.73,1.82,0.000689,0.0897
3.31,33.2,8.6,176.0,0.6,3.64,0.001182,0.1373
4.14,27.1,258.7,563.0,0.77,1.0,0.000372,0.3335
4.3,8.3,378.2,717.0,0.46,1.0,0.000515,0.1242
4.2,6.7,272.2,666.0,0.76,1.0,0.00051,0.3116
4.48,6.9,388.4,433.0,0.25,1.22,0.000592,0.1125
3.01,11.7,161.1,264.0,0.84,1.0,0.000133,0.0802
3.12,8.8,31.4,154.0,0.19,3.25,0.00557,0.1103
4.9,17.4,271.3,262.0,0.16,2.59,0.002914,0.2168
3.03,19.5,381.2,582.0,0.43,1.0,0.00012,0.0994
3.01,7.7,278.3,878.0,0.62,1.0,0.000145,0.0794
3.62,24.7,148.2,864.0,0.31,1.0,0.001362,0.1285
3.34,2.7,286.3,217.0,0.49,1.0,0.000194,0.0756
3.71,9.9,165.3,692.0,0.4,1.02,0.001176,0.1774
4.31,10.2,94.1,387.0,0.33,2.67,0.006681,0.213
3.82,8.6,99.2,525.0,0.27,2.05,0.001395,0.1535
4.17,13.4,241.2,363.0,0.48,2.14,0.000777,0.2148
3.38,13.2,333.6,802.0,0.28,1.0,0.000144,0.1866
3.49,19.7,116.0,827.0,0.34,1.0,0.000875,0.1241
4.23,22.1,169.1,816.0,0.22,1.77,0.001207,0.1678
3.64,3.9,83.8,685.0,0.52,1.74,0.000934,0.2109
3.12,33.6,307.4,343.0,1.0,1.0,0.000271,0.1148
4.69,23.0,154.0,859.0,0.98,2.35,0.002853,0.3793
3.03,44.6,290.1,748.0,0.2,1.0,7.6e-05,0.1148
3.14,52.8,186.7,298.0,0.39,1.0,0.000157,0.115
4.35,68.3,139.8,818.0,0.54,2.09,0.003041,0.1908
5.28,47.4,63.1,359.0,0.98,4.47,0.021479,0.2921
4.01,16.3,169.3,342.0,0.82,2.46,0.002102,0.116
3.42,55.1,117.6,239.0,0.63,1.8,0.001162,0.1499
3.29,17.1,143.1,337.0,0.25,1.66,0.000677,0.1556
3.18,12.5,18.9,537.0,0.88,3.73,0.001987,0.1073
3.01,18.1,323.0,217.0,0.07,1.0,0.000228,0.0688
3.32,74.9,315.1,570.0,0.67,1.0,8.2e-05,0.0815
4.5,40.5,173.7,174.0,0.4,2.9,0.009171,0.2126
5.48,19.4,30.4,639.0,0.59,5.53,0.079139,0.7937
3.1,17.3,141.5,518.0,0.26,1.0,0.000438,0.104
3.07,8.3,252.0,639.0,0.97,1.0,0.000314,0.0812
3.6,36.0,60.0,337.0,0.13,2.87,0.003395,0.1258
4.4,2.0,169.6,427.0,0.28,2.47,0.002829,0.273
3.33,18.5,288.5,642.0,0.34,1.0,0.000301,0.0862
3.37,12.8,114.1,517.0,0.68,1.43,0.001087,0.0936
3.48,10.2,303.2,372.0,0.99,1.02,0.000382,0.2329
3.07,34.1,271.2,672.0,0.85,1.0,0.000143,0.1066
3.79,13.2,235.8,550.0,0.69,1.0,0.001217,0.1759
3.7,57.7,312.5,173.0,0.12,1.31,0.000204,0.1292
4.37,6.0,300.2,860.0,0.94,1.0,0.000513,0.2183
3.59,95.5,233.6,692.0,0.44,1.0,0.000669,0.1343
3.13,10.4,27.1,675.0,0.59,2.61,0.002831,0.0818
3.0,30.2,151.6,555.0,0.95,1.0,0.000254,0.0983
6.3,10.6,338.6,556.0,0.67,3.76,0.066057,0.6254
4.58,10.4,58.7,297.0,0.17,4.63,0.005729,0.1767
3.05,17.2,91.0,449.0,0.19,1.36,0.000188,0.1263
3.74,30.6,216.3,791.0,0.69,1.0,0.000514,0.2373
3.31,10.9,303.2,853.0,0.31,1.0,0.000201,0.1071
3.4,9.3,86.9,598.0,0.18,1.59,0.001007,0.1247
4.14,10.7,304.1,347.0,0.89,2.03,0.001093,0.2651
3.22,5.6,282.5,303.0,0.55,1.0,0.000269,0.0955
3.0,5.8,88.9,365.0,0.45,1.5,0.000223,0.0657
3.09,19.0,115.7,724.0,0.68,1.0,0.000815,0.1013
4.0,32.5,63.5,359.0,0.44,2.67,0.002969,0.1031
4.09,31.5,23.7,347.0,0.91,3.69,0.004318,0.1953
3.05,15.5,363.7,244.0,0.09,1.0,7e-05,0.1
4.41,19.1,203.6,209.0,0.91,2.66,0.001057,0.1475
3.41,2.1,17.2,770.0,0.27,3.28,0.006524,0.1079
4.07,8.2,230.9,158.0,0.4,2.27,0.000598,0.1627
3.88,11.2,123.3,750.0,0.98,1.29,0.002931,0.1325
4.73,22.8,315.5,433.0,0.49,2.23,0.001159,0.449
3.6,23.1,258.1,639.0,0.24,1.0,0.000268,0.1146
3.25,14.8,219.2,646.0,0.19,1.0,0.000575,0.0922
3.86,16.6,204.5,523.0,0.83,1.62,0.000991,0.1713
3.51,96.7,234.1,697.0,0.14,1.0,0.001574,0.1288
3.13,8.0,321.0,656.0,0.59,1.0,0.000292,0.0919
3.02,17.2,213.4,799.0,0.58,1.0,0.000254,0.132
4.67,11.2,269.5,685.0,0.05,1.0,0.006263,0.3606
3.7,9.5,240.4,523.0,0.65,1.07,0.000206,0.175
3.07,12.4,30.9,841.0,0.68,1.78,0.001683,0.1148
4.24,18.3,357.2,272.0,0.61,1.8,0.001177,0.3807
3.73,8.8,230.5,598.0,0.41,1.0,0.00043,0.1795
4.75,74.4,67.0,649.0,0.06,3.09,0.003894,0.2735
3.85,14.1,184.8,876.0,0.29,1.0,0.001159,0.0825
3.29,14.1,142.2,570.0,0.49,1.0,0.000394,0.0844
3.11,57.9,134.3,877.0,0.16,1.0,0.000366,0.0974
3.41,57.0,9.4,698.0,0.38,1.96,0.001731,0.1821
3.38,47.3,347.1,536.0,0.79,1.0,0.000124,0.0711
3.33,41.6,328.1,151.0,0.97,1.0,0.000424,0.0741
5.24,3.6,171.7,761.0,0.03,2.91,0.003319,0.2565
3.41,10.5,199.2,690.0,0.87,1.0,0.000279,0.1188
4.37,12.9,364.3,311.0,0.33,1.4,0.001083,0.3521
3.62,8.8,40.0,205.0,0.95,3.87,0.001691,0.1984
4.02,54.6,244.7,174.0,0.93,2.03,0.001035,0.2207
3.26,35.4,258.8,831.0,0.9,1.0,5.5e-05,0.0699
3.13,7.9,274.8,374.0,0.86,1.0,0.000194,0.1689
3.53,5.2,351.7,733.0,0.18,1.0,0.000349,0.1386
3.4,4.4,110.2,161.0,0.5,2.9,0.000337,0.097
4.87,5.7,387.1,586.0,0.31,1.9,0.003487,0.311
3.47,18.0,48.5,349.0,0.6,3.15,0.001656,0.0876
4.65,26.4,136.0,753.0,0.85,2.37,0.004252,0.2557
3.63,10.0,294.7,211.0,0.69,1.0,0.000284,0.1529
4.2,54.6,50.7,835.0,0.55,2.38,0.006291,0.1404
4.4,13.3,73.4,464.0,0.71,3.49,0.007686,0.2086
3.48,22.2,143.7,736.0,0.81,1.0,0.000768,0.1808
3.97,6.3,346.1,395.0,0.52,1.0,0.001728,0.1404
4.71,12.5,43.5,695.0,0.63,4.03,0.008881,0.3379
3.06,5.6,319.6,433.0,0.52,1.0,9.1e-05,0.1696
3.89,16.3,9.5,309.0,0.15,5.09,0.028237,0.1428
3.03,30.9,176.6,281.0,0.11,1.0,0.000623,0.0843
3.38,13.6,379.1,606.0,0.98,1.0,0.000155,0.1213
3.02,14.3,223.7,412.0,0.27,1.0,6.3e-05,0.1238
3.12,41.9,315.0,398.0,0.58,1.0,9.8e-05,0.1027
3.93,11.3,353.9,554.0,0.53,1.0,0.000456,0.2199
3.24,39.7,130.8,890.0,0.45,1.0,0.000594,0.13
3.51,20.9,241.8,277.0,0.58,1.14,0.000309,0.1071
4.25,9.5,225.1,450.0,0.55,1.98,0.001302,0.2327
3.83,7.9,338.0,881.0,0.8,1.0,0.001555,0.1427
3.44,19.0,141.5,731.0,0.93,1.0,0.000532,0.1145
3.09,34.5,95.1,380.0,0.01,1.22,0.001003,0.0906
4.48,13.7,310.0,837.0,0.65,1.0,0.001527,0.1905
3.12,5.6,52.3,157.0,0.2,2.62,0.001723,0.0689
3.04,10.4,14.1,165.0,0.36,3.75,0.002866,0.1716
5.25,34.7,163.6,305.0,0.41,3.87,0.007817,0.4086
3.56,21.0,391.5,478.0,0.89,1.0,0.00028,0.133
3.57,13.4,292.9,319.0,0.88,1.07,0.000269,0.1545
3.46,15.3,214.3,202.0,0.76,1.17,0.000462,0.0574
3.28,82.2,323.9,817.0,0.51,1.0,5.1e-05,0.1028
4.0,2.0,62.5,167.0,0.27,4.21,0.012974,0.2642
4.9,5.7,397.2,432.0,0.94,1.9,0.006429,0.3019
4.55,39.2,343.2,890.0,0.96,1.11,0.003868,0.2683
3.89,27.7,101.1,364.0,0.26,2.1,0.00146,0.1169
3.9,22.8,164.8,197.0,0.46,1.6,0.001174,0.2726
3.28,8.3,65.1,398.0,0.44,2.33,0.001224,0.0874
3.19,34.2,389.1,693.0,0.71,1.0,0.000101,0.1101
3.47,8.5,166.4,730.0,0.46,1.0,0.00046,0.1052
4.26,10.1,89.8,301.0,0.11,3.02,0.008996,0.1786
4.18,7.7,300.6,820.0,0.86,1.0,0.001249,0.2012
3.72,25.4,358.7,269.0,0.46,1.0,0.000395,0.1269
4.1,5.9,126.7,801.0,0.74,1.86,0.000834,0.2677
4.0,25.3,244.4,574.0,0.43,1.0,0.001415,0.2385
3.49,10.2,311.4,528.0,0.25,1.0,0.000148,0.11
3.01,27.6,350.9,159.0,0.37,1.0,4.5e-05,0.0548
3.41,11.1,272.3,198.0,0.58,1.0,0.000537,0.0825
5.54,61.2,296.0,602.0,0.53,2.87,0.010855,0.5432
3.8,12.6,345.1,704.0,0.49,1.0,0.000657,0.1129
3.57,14.6,296.7,650.0,0.41,1.0,0.001466,0.1208
3.92,10.3,166.3,766.0,0.63,1.0,0.001019,0.1436
3.28,10.0,298.4,666.0,0.43,1.0,0.000176,0.1903
4.06,15.2,61.6,356.0,0.04,3.4,0.007834,0.2141
3.76,18.1,72.7,743.0,0.15,1.66,0.007296,0.1343
4.05,4.3,39.4,787.0,0.38,3.08,0.003952,0.1867
4.44,8.8,278.6,328.0,0.2,1.71,0.002128,0.2777
3.31,17.3,391.3,890.0,0.3,1.0,0.000164,0.0774
3.57,8.5,5.0,177.0,0.92,5.94,0.012125,0.1315
3.41,15.3,74.9,374.0,0.24,2.5,0.001209,0.1665
3.05,31.2,314.3,885.0,0.13,1.0,0.000195,0.1069
3.99,33.0,78.8,295.0,0.49,2.94,0.003299,0.2225
3.17,43.4,61.3,317.0,0.24,1.82,0.001664,0.0985
3.75,25.3,235.3,447.0,0.95,1.23,0.001997,0.1497
4.42,49.6,164.0,153.0,0.76,3.75,0.002543,0.2175
3.62,4.3,59.2,738.0,0.38,1.77,0.002467,0.0973
4.31,9.6,97.5,587.0,0.22,2.34,0.004141,0.2123
5.57,7.2,21.4,896.0,0.13,5.77,0.104916,0.5789
3.55,9.8,370.6,855.0,0.42,1.0,0.00041,0.0853
4.46,29.0,121.7,155.0,0.85,3.58,0.008285,0.26
5.93,14.9,393.3,887.0,0.92,2.6,0.019336,0.7399
3.34,3.3,313.3,717.0,0.74,1.0,5.3e-05,0.0575
4.14,73.6,296.3,493.0,0.99,1.3,0.000613,0.2318
3.54,32.9,9.3,404.0,0.32,3.7,0.007415,0.1049
4.55,16.9,177.7,703.0,0.4,1.89,0.00259,0.2263
3.89,10.8,239.1,250.0,0.95,1.59,0.000617,0.1704
3.08,7.4,130.2,496.0,0.8,1.0,0.001143,0.1128
3.17,6.4,135.2,299.0,0.63,1.0,0.000272,0.1016
6.42,6.1,128.8,841.0,0.81,4.96,0.08074,0.8698
3.52,27.8,36.7,871.0,0.3,2.3,0.003083,0.1544
3.88,4.5,133.5,209.0,0.45,2.51,0.002066,0.156
3.08,26.3,392.9,743.0,0.57,1.0,0.000207,0.1022
3.07,44.0,370.9,803.0,0.12,1.0,0.000267,0.1215
4.11,15.1,125.0,847.0,0.22,1.55,0.004028,0.2124
5.28,42.6,269.5,479.0,0.17,2.53,0.013074,0.3572
4.08,28.4,304.2,556.0,0.18,1.0,0.00056,0.2246
3.12,16.1,53.5,574.0,0.18,1.79,0.000384,0.0598
4.39,15.8,316.8,887.0,0.51,1.0,0.000682,0.202
3.13,65.3,283.2,429.0,0.92,1.0,0.00016,0.0695
4.19,70.3,152.8,254.0,0.0,2.31,0.003544,0.157
3.35,5.8,133.9,298.0,0.67,1.61,0.001152,0.1311
3.48,18.1,101.4,646.0,0.77,1.38,0.00272,0.1333
3.35,4.5,95.9,641.0,0.54,1.37,0.00161,0.1498
4.77,11.8,329.1,895.0,0.79,1.01,0.002366,0.1878
3.03,45.4,241.4,491.0,0.6,1.0,8.6e-05,0.0826
3.88,19.3,190.5,318.0,0.3,1.84,0.000159,0.1163
4.51,9.1,234.3,497.0,0.73,2.22,0.004365,0.2886
3.31,30.7,224.0,438.0,0.91,1.0,0.000559,0.0906
3.29,29.1,291.2,278.0,0.66,1.0,8.5e-05,0.1121
3.95,27.2,215.0,653.0,0.66,1.0,0.00107,0.1642
5.76,36.2,297.1,366.0,0.65,3.6,0.00863,0.324
3.2,20.5,62.3,873.0,0.31,1.35,0.002095,0.1573
4.83,20.3,83.0,551.0,0.03,3.09,0.024684,0.2476
3.35,24.9,96.5,429.0,0.44,1.63,0.000757,0.0929
3.52,28.0,294.7,346.0,0.69,1.0,0.000285,0.1483
3.17,121.3,304.6,721.0,0.8,1.0,0.000221,0.0705
3.89,6.8,388.5,190.0,0.04,1.66,0.000775,0.1682
4.92,7.5,236.7,788.0,0.47,1.96,0.00174,0.4776
3.07,7.6,68.1,480.0,0.44,2.22,0.000985,0.0715
3.55,3.6,158.5,532.0,0.84,1.27,0.001677,0.1087
3.91,7.1,32.5,673.0,0.61,3.54,0.008173,0.2632
4.97,6.0,40.2,460.0,0.19,4.99,0.037286,0.6883
3.28,28.7,384.4,656.0,0.57,1.0,5.5e-05,0.1243
3.17,33.6,13.3,390.0,0.42,2.66,0.001062,0.099
3.36,4.9,190.2,773.0,0.25,1.0,0.000191,0.0913
4.24,13.8,151.7,531.0,0.55,2.32,0.0051,0.2377
3.36,5.1,213.9,889.0,0.43,1.0,0.0007,0.1027
3.3,8.3,206.0,399.0,0.94,1.0,0.000188,0.0847
3.41,17.8,23.7,573.0,0.53,3.21,0.01617,0.1279
3.47,12.0,322.7,534.0,0.74,1.0,0.000138,0.1068
3.85,12.3,238.0,599.0,0.83,1.0,0.000452,0.123
3.81,46.7,209.2,557.0,0.4,1.0,0.001001,0.1529
3.21,21.7,243.7,394.0,0.09,1.0,0.000191,0.1017
3.9,8.1,266.9,483.0,0.7,1.0,0.000273,0.1875
3.07,7.6,308.2,567.0,0.99,1.0,0.000196,0.0978
4.36,4.4,54.3,856.0,0.7,3.23,0.039364,0.2476
3.9,13.3,294.1,395.0,0.93,1.0,0.000474,0.1163
3.18,43.9,169.9,550.0,0.89,1.0,0.000321,0.1357
4.13,35.7,57.3,409.0,0.81,3.17,0.001657,0.2187
3.79,12.0,110.5,645.0,0.53,2.05,0.002478,0.1111
3.33,6.1,95.3,182.0,0.28,2.18,0.000307,0.1166
3.28,9.5,150.8,729.0,0.69,1.0,0.000724,0.0767
3.09,4.5,302.7,216.0,0.22,1.0,0.000172,0.0821
3.32,2.0,220.3,331.0,0.35,1.15,0.000727,0.0501
4.21,2.0,312.5,569.0,0.77,1.0,0.000747,0.1725
3.05,16.3,100.1,822.0,0.14,1.0,0.000374,0.0829
3.0,7.7,313.1,340.0,0.57,1.0,0.00029,0.1012
5.73,4.1,23.3,307.0,0.93,7.14,0.046716,0.4133
3.13,26.9,163.7,513.0,0.61,1.0,0.000356,0.0883
3.73,26.4,239.7,321.0,0.53,1.0,0.000217,0.1504
5.11,44.6,322.4,554.0,0.61,2.13,0.007361,0.2827
3.13,15.1,108.2,743.0,0.58,1.0,0.002024,0.0745
3.84,8.3,140.8,414.0,0.73,1.76,0.001463,0.1765
3.21,26.3,27.4,328.0,0.42,3.31,0.000998,0.0788
3.25,6.0,182.0,308.0,0.9,1.0,0.000219,0.0899
3.17,10.7,141.5,523.0,0.95,1.0,0.000409,0.0854
3.69,37.1,88.2,599.0,0.99,1.96,0.001372,0.1622
3.9,5.8,363.1,486.0,0.41,1.0,0.000706,0.1848
4.25,15.6,233.3,377.0,0.48,2.09,0.004483,0.2526
3.58,10.6,185.7,695.0,0.68,1.0,0.0003,0.1242
3.23,5.2,161.9,571.0,0.03,1.0,0.000586,0.094
3.7,59.2,262.0,158.0,0.43,1.39,0.000854,0.1217
3.37,5.4,241.1,814.0,0.57,1.0,0.000105,0.1153
4.59,8.2,273.6,418.0,0.98,1.5,0.002699,0.2507
3.15,13.2,38.7,840.0,0.62,1.67,0.001741,0.0834
4.03,34.8,281.5,341.0,0.92,1.23,0.002517,0.1606
3.26,20.3,381.0,660.0,0.32,1.0,0.000178,0.1468
5.01,7.8,222.5,589.0,0.71,2.21,0.004594,0.3782
3.67,7.3,260.4,152.0,0.96,1.62,0.001217,0.1573
3.02,26.5,282.0,760.0,0.09,1.0,0.000112,0.0936
3.66,13.8,383.1,898.0,0.19,1.0,0.000174,0.1059
3.61,12.8,332.7,175.0,0.41,1.01,0.00015,0.1637
4.07,15.1,65.9,528.0,0.37,2.87,0.002245,0.138
3.45,18.9,49.4,738.0,0.84,2.5,0.001098,0.1206
3.87,12.1,273.3,496.0,0.07,1.0,0.0012,0.1986
4.73,41.5,314.6,569.0,0.69,2.02,0.001765,0.3781
3.9,79.1,186.0,215.0,0.96,2.02,0.000933,0.1712
3.04,7.5,223.5,699.0,0.52,1.0,0.000219,0.0833
4.12,11.1,218.4,539.0,0.6,1.41,0.000915,0.2257
3.77,28.8,68.8,859.0,0.69,1.71,0.00112,0.1105
3.61,20.9,315.0,196.0,0.8,1.0,0.000542,0.1371
3.19,10.4,217.2,596.0,0.45,1.0,0.000112,0.0879
3.52,7.4,43.7,658.0,0.79,3.1,0.001928,0.1025
6.06,9.0,132.1,366.0,0.43,5.11,0.078731,0.4606
3.26,26.7,268.5,792.0,0.38,1.0,0.000199,0.0848
6.38,31.4,208.5,222.0,0.94,5.26,0.086799,0.9304
3.4,7.2,175.7,811.0,0.85,1.0,0.000939,0.1614
3.04,19.2,162.7,163.0,0.92,1.0,0.001342,0.083
3.16,6.1,89.2,549.0,0.64,1.24,0.000845,0.124
8.07,41.1,39.6,535.0,0.6,9.03,1.925054,2.3889
3.44,11.5,362.6,209.0,0.45,1.0,0.000128,0.1061
3.22,9.9,234.8,475.0,0.9,1.0,0.000229,0.1089
3.82,6.9,221.8,223.0,0.31,1.7,0.000156,0.164
5.14,24.4,272.4,215.0,0.92,4.04,0.003839,0.2634
5.16,33.7,339.8,438.0,0.99,2.6,0.00219,0.4658
3.33,5.1,239.6,521.0,0.81,1.0,0.000317,0.1149
4.02,38.6,392.8,351.0,0.53,1.27,0.000478,0.183
4.24,8.1,220.2,366.0,0.79,1.65,0.00078,0.1554
5.12,11.2,77.2,746.0,0.8,4.42,0.009967,0.3981
5.59,8.4,25.9,426.0,0.49,6.94,0.100308,0.3537
3.17,34.5,382.7,288.0,0.16,1.0,0.000302,0.1051
3.84,73.7,258.9,576.0,0.73,1.24,0.000832,0.1243
3.18,8.8,265.9,791.0,0.11,1.0,0.000275,0.104
3.27,35.5,300.1,743.0,0.81,1.0,0.000237,0.0776
3.53,12.7,129.3,883.0,0.18,1.0,0.001498,0.1508
4.04,63.6,298.6,346.0,0.85,1.0,0.000803,0.1815
6.06,19.7,113.3,288.0,0.76,5.75,0.112908,0.9434
3.29,10.3,232.5,425.0,0.58,1.0,0.000377,0.0894
3.98,57.6,102.7,772.0,0.02,1.0,0.001337,0.1326
3.07,18.8,174.8,572.0,0.07,1.0,0.000132,0.0759
3.46,22.3,357.5,172.0,0.13,1.0,0.000414,0.1084
7.45,34.6,360.3,346.0,0.7,6.28,0.078886,2.1968
3.23,11.7,299.2,757.0,0.87,1.0,9.6e-05,0.1124
3.55,21.9,387.4,708.0,0.76,1.0,0.00015,0.1464
3.58,23.3,282.8,795.0,0.81,1.0,0.000375,0.1412
3.23,22.2,209.7,216.0,0.27,1.0,0.000225,0.103
3.47,3.9,107.3,699.0,0.91,1.52,0.000791,0.1192
3.29,15.8,11.7,491.0,0.78,3.67,0.002274,0.1242
3.27,32.4,366.7,749.0,0.92,1.0,0.000131,0.132
3.1,31.6,395.8,871.0,0.39,1.0,0.000102,0.1913
4.44,11.3,12.7,890.0,1.0,5.34,0.101261,0.1705
3.64,17.5,202.2,538.0,0.52,1.0,0.001853,0.0984
3.13,10.1,260.4,664.0,0.93,1.0,8.9e-05,0.0851
3.36,10.0,381.7,817.0,1.0,1.0,0.000134,0.0539
3.18,5.9,46.7,539.0,0.15,2.13,0.000771,0.1116
4.06,18.0,127.7,880.0,0.61,1.03,0.002173,0.3053
3.35,29.6,352.7,222.0,0.3,1.0,0.000207,0.0879
3.73,18.7,54.7,857.0,0.17,1.4,0.003058,0.1441
5.08,29.8,100.4,652.0,0.96,4.05,0.008817,0.3622
4.2,18.7,394.5,227.0,0.1,1.0,0.002228,0.1917
3.36,21.3,374.7,173.0,0.06,1.0,0.000275,0.0823
3.68,17.5,162.7,874.0,0.44,1.0,0.001341,0.0949
5.36,19.3,97.3,862.0,0.21,3.29,0.037607,0.5355
3.25,6.8,285.9,422.0,0.01,1.0,0.000298,0.0771
5.12,13.4,180.9,667.0,0.43,3.28,0.009904,0.3962
3.07,7.0,161.2,174.0,0.44,1.24,0.000315,0.1461
3.47,6.4,229.6,730.0,0.68,1.0,0.000512,0.0969
3.42,76.1,5.0,462.0,0.52,1.73,0.003554,0.1311
3.91,8.4,102.8,362.0,0.6,2.49,0.000862,0.238
3.47,6.9,196.1,769.0,0.55,1.0,0.000564,0.1247
3.35,2.0,241.3,223.0,0.84,1.15,0.000376,0.0838
3.42,14.5,333.7,551.0,0.96,1.0,0.000215,0.1012
3.95,16.0,284.8,364.0,0.7,1.03,0.000381,0.1353
3.02,2.9,388.8,321.0,0.36,1.0,0.000155,0.109
4.04,13.3,337.4,386.0,0.54,1.0,0.000828,0.115
3.05,24.2,157.7,424.0,0.96,1.0,0.000127,0.1162
5.22,6.5,396.1,622.0,0.27,1.91,0.002794,0.3744
3.84,33.4,141.7,871.0,0.88,1.46,0.000939,0.1302
3.1,14.5,348.3,360.0,0.45,1.0,0.0002,0.0939
3.28,23.4,228.8,771.0,0.93,1.0,0.000175,0.1324
5.33,8.1,53.3,780.0,0.84,4.95,0.082888,0.5044
3.54,17.2,385.8,541.0,0.02,1.0,0.0001,0.2219
3.49,24.6,126.3,425.0,0.98,1.61,0.00118,0.1379
3.13,29.9,126.5,218.0,0.39,1.0,0.000676,0.0862
4.19,9.8,136.7,728.0,0.73,1.84,0.000342,0.1551
3.51,10.4,124.4,240.0,0.41,2.22,0.002357,0.132
6.17,40.9,359.5,571.0,0.57,3.8,0.030972,0.8779
4.08,10.0,332.4,242.0,0.94,1.53,0.00087,0.1807
3.17,10.2,54.1,300.0,0.64,2.57,0.001585,0.0509
3.18,15.3,133.0,210.0,0.1,1.46,0.000196,0.1041
3.55,6.9,281.5,693.0,0.84,1.0,0.000668,0.0911
3.32,38.2,322.3,642.0,0.79,1.0,0.000419,0.1162
3.24,4.7,261.1,812.0,0.05,1.0,0.000184,0.1025
3.18,8.8,229.5,742.0,0.11,1.0,0.000288,0.0618
3.5,23.8,347.6,288.0,0.47,1.0,0.000131,0.1134
6.33,15.3,267.6,772.0,0.46,4.24,0.031121,1.0341
4.78,6.8,22.0,696.0,0.12,5.11,0.11499,0.2332
4.29,27.2,268.4,256.0,0.25,1.85,0.002197,0.2614
7.21,22.5,59.4,809.0,0.88,7.11,0.254627,1.6429
3.01,17.7,363.0,443.0,0.48,1.0,0.00017,0.089
3.55,7.8,95.6,757.0,0.01,1.7,0.001128,0.2279
3.39,20.9,325.5,494.0,0.01,1.0,0.000619,0.1208
3.32,3.2,43.3,447.0,0.4,2.85,0.003042,0.1125
3.17,31.9,272.8,172.0,0.64,1.0,0.00048,0.1085
4.05,27.1,84.1,591.0,0.87,2.51,0.004507,0.2982
5.23,3.7,238.2,380.0,0.69,3.3,0.006077,0.5911
3.75,4.8,303.2,409.0,0.68,1.0,0.000778,0.1948
3.2,7.4,320.7,591.0,0.36,1.0,0.000216,0.1095
3.07,14.7,256.8,833.0,0.16,1.0,0.000123,0.0654
3.13,55.9,270.9,192.0,0.92,1.0,7.4e-05,0.1376
3.87,12.6,301.3,805.0,0.33,1.0,0.000508,0.1853
4.25,43.0,74.6,705.0,0.39,2.67,0.003466,0.245
3.43,23.2,30.9,460.0,0.26,3.03,0.001877,0.107
3.85,14.7,364.4,538.0,0.3,1.0,0.000397,0.1808
3.47,7.0,190.7,161.0,0.38,1.26,0.000517,0.1586
3.46,34.3,331.1,456.0,0.36,1.0,0.000756,0.1005
3.16,24.2,61.7,499.0,0.44,1.6,0.001121,0.1169
3.15,5.2,113.7,367.0,0.02,1.61,0.000204,0.1089
5.59,9.1,391.6,796.0,0.63,1.74,0.010224,0.7529
4.39,42.4,315.8,866.0,0.29,1.11,0.003339,0.2583
3.33,8.3,378.5,234.0,0.48,1.0,0.000235,0.0873
3.1,34.2,46.5,807.0,0.93,1.26,0.000158,0.0802
4.4,21.2,285.6,774.0,0.17,1.0,0.001054,0.1616
3.65,22.1,47.9,201.0,0.66,3.06,0.003965,0.2615
4.15,12.3,255.0,403.0,0.21,1.52,0.000839,0.1429
4.91,16.8,379.4,349.0,0.45,1.83,0.00133,0.2364
3.57,44.6,383.7,297.0,0.59,1.0,0.000186,0.154
3.09,28.1,335.8,222.0,0.2,1.0,0.00012,0.1383
3.13,2.0,382.2,465.0,0.5,1.0,0.000103,0.1348
3.6,8.0,300.8,277.0,0.27,1.0,0.000838,0.1658
3.32,39.4,114.9,483.0,0.84,1.45,0.000594,0.1028
3.24,5.5,105.7,627.0,0.98,1.0,0.000436,0.1222
3.67,10.9,277.7,497.0,0.44,1.0,0.000866,0.1425
3.3,8.3,204.4,502.0,0.11,1.0,0.000561,0.0773
3.54,43.3,190.1,535.0,0.48,1.0,0.000439,0.1227
4.94,7.0,211.8,654.0,0.14,2.27,0.037011,0.3416
3.02,25.7,282.4,729.0,0.09,1.0,0.000118,0.0967
5.62,24.9,18.4,502.0,0.84,6.25,0.166058,0.5594
4.15,65.9,273.1,552.0,0.65,1.14,0.000545,0.2371
3.04,25.5,97.2,728.0,1.0,1.0,0.000376,0.1089
3.4,18.5,372.4,297.0,0.87,1.0,0.000504,0.1154
3.29,21.5,332.2,371.0,0.82,1.0,0.000178,0.1205
3.5,15.9,188.3,162.0,0.71,1.53,0.000323,0.1357
4.51,15.0,279.8,562.0,0.54,2.71,0.003307,0.2022
3.27,33.6,52.0,513.0,0.93,1.99,0.003037,0.0598
3.06,3.4,177.5,596.0,0.57,1.0,0.000445,0.0865
3.47,6.5,142.3,586.0,0.12,1.29,0.000859,0.1361
4.41,22.5,327.9,438.0,0.87,1.98,0.00309,0.1978
3.88,56.5,370.3,719.0,0.4,1.0,0.000194,0.2536
4.31,17.4,339.6,254.0,0.9,1.56,0.001134,0.2377
3.05,12.0,17.6,156.0,0.68,4.28,0.001425,0.0852
3.85,12.6,24.7,874.0,0.84,3.76,0.002816,0.1576
4.12,5.2,292.5,388.0,0.12,1.0,0.001115,0.1102
4.54,20.7,382.6,746.0,0.91,1.0,0.000954,0.289
4.59,38.4,310.5,548.0,0.96,2.1,0.001195,0.288
4.09,29.5,255.4,244.0,0.39,1.67,0.000583,0.1747
3.51,24.7,333.2,265.0,0.72,1.0,0.000354,0.1261
3.94,42.8,44.9,858.0,0.98,2.15,0.004963,0.1376
4.13,14.3,268.9,659.0,0.32,1.0,0.001607,0.1993
4.21,25.9,90.9,240.0,0.15,3.89,0.005612,0.2059
3.66,18.1,275.7,890.0,0.23,1.0,0.000411,0.1895
3.1,7.6,208.9,466.0,0.42,1.0,0.000212,0.0533
3.5,13.1,176.4,698.0,0.9,1.0,0.000772,0.0801
3.04,15.7,286.1,221.0,0.41,1.0,0.000463,0.0797
3.17,54.7,324.8,789.0,0.43,1.0,0.000371,0.1108
4.11,20.7,180.2,684.0,0.16,1.23,0.004286,0.1785
3.44,18.6,31.7,649.0,0.55,3.13,0.004854,0.126
3.33,50.7,75.6,863.0,0.34,1.4,0.00071,0.1181
3.89,4.9,79.7,321.0,0.61,2.57,0.004669,0.1318
4.22,4.6,283.6,535.0,0.83,1.17,0.000679,0.1536
3.59,16.1,120.7,764.0,0.49,1.0,0.001017,0.1666
3.32,24.3,102.9,358.0,0.85,1.28,0.000794,0.1106
6.55,20.8,251.3,893.0,0.66,4.47,0.054834,1.0704
3.4,25.0,163.9,753.0,0.77,1.0,0.0011,0.0659
3.68,21.9,45.5,494.0,0.66,2.84,0.004079,0.1884
3.78,2.5,262.4,645.0,0.19,1.0,0.000487,0.1055
3.23,15.2,86.4,617.0,0.19,1.24,0.001009,0.1503
3.35,7.2,79.9,602.0,0.92,1.91,0.001927,0.0898
3.7,32.3,54.5,694.0,0.7,1.8,0.002298,0.1675
3.03,30.7,382.9,540.0,0.74,1.0,0.00014,0.0998
3.6,7.0,15.0,358.0,0.88,4.52,0.009948,0.169
4.05,11.8,226.8,247.0,0.18,2.3,0.001137,0.3071
3.4,7.0,61.6,589.0,0.34,2.07,0.001284,0.0946
3.01,65.0,186.5,710.0,0.38,1.0,0.0003,0.0857
3.67,23.0,125.9,187.0,0.17,2.02,0.000545,0.1335
4.18,55.0,188.6,793.0,0.95,1.4,0.00094,0.179
4.35,39.0,316.7,632.0,0.22,1.47,0.002225,0.1582
3.01,15.7,240.3,274.0,0.24,1.0,0.000307,0.1019
3.55,20.2,275.0,186.0,0.25,1.02,0.000754,0.1812
6.47,6.3,315.0,863.0,0.04,3.75,0.016484,0.8736
4.26,16.0,101.7,266.0,0.3,3.42,0.002693,0.2036
4.21,13.5,322.9,230.0,0.84,1.14,0.001657,0.2091
4.27,8.2,206.5,792.0,0.81,1.75,0.002071,0.18
3.19,4.3,369.3,503.0,0.79,1.0,0.00013,0.0623
3.15,23.9,210.5,233.0,0.04,1.19,0.000211,0.0783
3.05,7.7,81.4,693.0,0.94,1.0,0.000802,0.1521
3.79,2.0,152.0,646.0,0.66,1.11,0.000695,0.1246
4.54,11.9,372.0,199.0,0.25,1.86,0.000812,0.1742
3.91,38.1,206.0,440.0,0.02,1.21,0.001863,0.2113
3.04,37.5,72.6,793.0,0.64,1.0,0.000524,0.0696
4.7,21.5,398.9,628.0,0.59,1.5,0.00148,0.421
3.08,9.9,82.7,850.0,0.52,1.0,0.000665,0.0979
3.5,15.8,12.4,782.0,0.64,3.67,0.005656,0.1057
3.76,22.3,143.8,569.0,0.16,1.58,0.00079,0.222
3.0,7.7,326.9,743.0,0.59,1.0,8.3e-05,0.0799
3.25,7.6,102.7,793.0,0.98,1.0,0.001338,0.1378
3.55,8.7,60.2,659.0,0.7,2.31,0.001892,0.1175
3.58,13.4,251.7,737.0,0.67,1.0,0.000393,0.2097
3.31,13.3,37.6,349.0,0.0,2.83,0.00172,0.0935
3.13,8.1,217.2,313.0,0.11,1.0,0.000228,0.1444
5.0,20.5,145.4,390.0,0.81,3.86,0.005289,0.2683
3.04,17.6,25.9,344.0,0.73,3.01,0.002302,0.0873
3.53,30.3,124.6,517.0,0.03,1.0,0.000507,0.1345
3.16,5.1,268.8,686.0,0.45,1.0,0.000304,0.1233
3.31,47.3,193.4,860.0,0.23,1.0,0.000294,0.0981
3.5,2.5,364.1,835.0,0.02,1.0,0.000189,0.1259
3.84,16.8,33.2,744.0,0.5,2.61,0.004696,0.0848
4.81,24.3,281.4,159.0,0.06,3.25,0.004916,0.2747
3.19,34.4,375.3,701.0,0.54,1.0,6.4e-05,0.119
3.03,26.0,145.9,402.0,0.78,1.0,0.000463,0.1093
3.3,80.3,221.4,478.0,0.91,1.0,0.000246,0.1253
4.31,12.8,376.2,499.0,0.78,1.0,0.000343,0.2191
3.11,4.6,16.9,305.0,0.98,4.23,0.002786,0.0928
4.18,2.1,230.3,600.0,0.48,1.44,0.000757,0.2011
3.36,11.1,268.4,318.0,0.71,1.0,0.000334,0.1303
3.53,12.4,267.6,226.0,0.58,1.1,0.0002,0.1882
3.34,4.9,127.6,743.0,0.06,1.0,0.000304,0.0978
3.31,30.6,19.2,197.0,0.9,4.26,0.001523,0.0775
3.32,35.2,291.6,750.0,0.46,1.0,0.000121,0.118
3.01,17.6,312.2,855.0,0.46,1.0,0.000131,0.0889
3.23,17.4,240.4,352.0,0.62,1.0,0.000173,0.1321
3.36,5.5,231.7,508.0,0.13,1.0,0.000477,0.0905
4.19,22.9,283.3,410.0,0.38,1.6,0.000482,0.2205
4.37,39.6,6.1,748.0,0.72,3.58,0.031127,0.2396
3.52,11.5,15.9,599.0,0.19,3.99,0.004317,0.1702
3.74,12.4,150.7,588.0,0.51,1.01,0.000532,0.1377
3.77,6.7,283.8,870.0,0.61,1.0,0.000266,0.2077
3.03,24.9,52.6,502.0,0.31,2.27,0.000169,0.0892
4.39,7.6,255.2,345.0,0.24,2.57,0.000656,0.2926
3.57,20.4,262.6,642.0,0.9,1.0,0.000599,0.1432
4.29,6.5,47.6,306.0,0.57,4.28,0.012702,0.2626
4.51,11.2,387.6,480.0,0.9,1.89,0.001303,0.2097
4.95,21.4,64.2,652.0,0.48,3.18,0.046595,0.3464
3.25,12.5,220.7,862.0,0.35,1.0,0.000108,0.1009
3.17,16.3,399.0,541.0,0.39,1.0,6.9e-05,0.079
3.96,11.0,113.8,279.0,0.77,3.02,0.004319,0.1379
3.26,5.2,142.0,591.0,0.19,1.19,0.000543,0.0924
3.37,31.3,303.8,411.0,0.48,1.0,0.000292,0.1533
3.38,3.4,311.2,202.0,0.48,1.0,0.000599,0.1356
4.71,11.4,102.5,614.0,0.91,2.44,0.022684,0.2488
3.17,26.2,299.8,686.0,0.16,1.0,0.000446,0.1027
3.02,12.1,158.9,220.0,0.75,1.22,0.000467,0.1391
3.41,20.3,290.9,246.0,0.13,1.0,0.000505,0.1346
3.42,6.3,245.6,842.0,0.53,1.0,0.00047,0.1259
3.8,23.9,249.9,399.0,0.14,1.05,0.000388,0.1027
5.61,43.8,290.7,556.0,0.01,3.03,0.006941,0.5784
4.76,18.5,57.5,153.0,0.89,5.2,0.012078,0.3001
4.07,5.4,266.2,359.0,0.26,1.2,0.000652,0.2023
3.42,8.6,203.4,378.0,0.29,1.17,0.000459,0.1111
3.72,57.1,192.7,340.0,0.05,1.4,0.000397,0.1106
3.47,27.9,327.9,213.0,0.49,1.0,0.000263,0.0942
3.67,11.6,109.8,313.0,0.86,2.0,0.002129,0.1164
3.14,10.6,122.9,650.0,0.09,1.0,0.00023,0.0708
3.85,18.4,382.8,390.0,0.04,1.0,0.000358,0.1188
4.15,16.3,59.9,782.0,0.03,3.17,0.006504,0.1963
5.27,30.2,52.0,794.0,0.89,4.25,0.076088,0.2672
3.72,21.2,232.4,878.0,0.61,1.0,0.000779,0.1221
3.83,24.7,171.6,398.0,0.58,1.47,0.000667,0.2047
3.4,59.5,321.8,674.0,0.15,1.0,0.000136,0.1374
3.53,11.8,215.8,717.0,0.71,1.0,0.000363,0.2904
3.17,5.3,16.8,854.0,0.81,2.85,0.001133,0.0614
3.5,10.4,265.1,618.0,0.98,1.0,0.00045,0.1284
3.95,39.9,384.9,824.0,0.78,1.0,0.001247,0.127
3.93,16.6,197.2,181.0,0.02,2.22,0.000902,0.2498
4.95,12.2,86.3,466.0,0.22,4.13,0.010627,0.2641
3.76,12.7,238.2,430.0,0.33,1.0,0.000949,0.1382
3.58,3.3,20.3,215.0,0.18,4.48,0.011787,0.1126
5.91,15.6,127.9,307.0,0.14,5.29,0.031603,0.7655
3.11,6.4,154.0,441.0,0.12,1.0,0.00074,0.0998
3.54,58.3,324.7,276.0,0.63,1.0,0.000669,0.1258
3.26,7.4,245.8,361.0,0.31,1.0,0.000265,0.1057
3.05,7.2,85.1,485.0,0.77,1.0,0.001166,0.041
3.45,10.0,42.0,299.0,0.5,2.77,0.001924,0.1168
4.6,27.6,307.3,618.0,0.33,1.79,0.001052,0.2126
3.21,6.4,229.2,677.0,0.97,1.0,0.000403,0.0818
3.62,17.4,154.7,343.0,0.57,1.84,0.000815,0.0994
4.23,7.1,317.2,741.0,0.82,1.0,0.001331,0.2007
3.65,110.5,309.5,676.0,0.33,1.0,0.000138,0.1399
3.31,32.3,122.2,355.0,0.07,1.29,0.001408,0.1194
3.03,14.5,393.6,391.0,0.4,1.0,0.000144,0.0922
4.79,12.6,69.7,275.0,0.18,4.03,0.007321,0.4929
3.61,21.3,135.6,695.0,0.21,1.18,0.001658,0.1296
3.01,4.9,37.2,453.0,0.06,2.57,0.00123,0.0771
3.55,18.9,238.5,176.0,0.39,1.44,0.000311,0.1926
4.9,55.4,64.3,568.0,0.89,4.11,0.006965,0.2527
3.69,4.8,379.9,798.0,0.53,1.0,0.000323,0.187
3.28,5.6,63.6,672.0,0.16,1.74,0.000562,0.1083
3.28,5.6,188.5,351.0,0.18,1.0,0.000364,0.1132
3.51,19.5,96.6,625.0,0.29,1.43,0.002994,0.1673
3.05,10.0,329.8,431.0,0.57,1.0,0.000175,0.0795
3.07,18.1,309.1,577.0,0.37,1.0,0.000359,0.1376
3.21,46.0,7.2,535.0,0.58,2.54,0.000842,0.1241
4.13,22.1,287.7,482.0,0.67,1.69,0.00139,0.2574
3.56,12.0,348.1,486.0,0.69,1.0,0.000394,0.0835
3.73,40.7,90.4,806.0,0.71,1.0,0.001506,0.1358
3.19,5.5,54.8,372.0,0.98,2.93,0.000979,0.1416
3.96,10.5,75.9,307.0,0.19,3.4,0.004191,0.1561
4.63,31.5,234.9,597.0,0.44,2.2,0.002721,0.3007
3.1,15.7,188.1,434.0,0.15,1.0,0.000809,0.0936
3.12,81.6,387.7,307.0,0.56,1.0,0.000147,0.1223
5.12,4.6,183.8,292.0,0.18,3.71,0.015022,0.4446
3.24,7.0,145.5,536.0,0.24,1.14,0.0009,0.0974
5.31,16.2,92.5,797.0,0.87,3.98,0.057903,0.3081
3.08,17.1,364.7,714.0,0.53,1.0,0.000124,0.0916
3.86,35.1,226.2,566.0,0.39,1.0,0.001764,0.1562
4.42,22.9,64.7,623.0,0.83,3.18,0.004682,0.2158
3.06,29.4,155.8,433.0,0.47,1.08,0.000596,0.108
4.03,27.3,41.5,414.0,0.54,3.61,0.006333,0.1859
3.06,6.6,302.0,528.0,0.6,1.0,0.000243,0.1348
3.0,12.9,57.3,640.0,0.68,1.08,0.000495,0.097
3.61,10.9,239.3,462.0,0.14,1.0,0.000209,0.1343
3.19,87.6,162.7,766.0,0.57,1.0,0.00027,0.112
3.07,18.0,50.7,504.0,0.54,2.01,0.000964,0.113
3.04,38.1,299.5,737.0,0.04,1.0,0.000137,0.0933
3.07,14.1,86.8,821.0,0.47,1.0,0.000577,0.1161
3.09,20.0,141.6,718.0,0.7,1.0,0.000249,0.115
4.05,25.8,364.7,855.0,0.18,1.0,0.001606,0.229
3.71,9.0,360.9,712.0,0.2,1.0,0.000255,0.1147
4.08,9.9,174.2,693.0,0.29,1.07,0.001778,0.1101
3.22,23.1,359.1,699.0,0.88,1.0,9.7e-05,0.0909
4.72,23.8,331.3,587.0,0.44,1.7,0.002906,0.436
5.72,39.8,380.1,809.0,0.93,2.09,0.008871,0.7846
4.86,10.7,78.4,780.0,0.86,3.24,0.010614,0.276
3.41,32.1,340.2,754.0,0.42,1.0,0.000174,0.1527
3.94,37.3,138.1,674.0,0.4,1.0,0.000676,0.1912
3.25,12.1,387.7,663.0,0.26,1.0,0.000164,0.0964
3.65,8.9,12.6,563.0,0.51,4.49,0.021464,0.1866
4.35,9.2,14.7,280.0,0.43,5.65,0.047244,0.2036
3.74,22.3,126.5,447.0,0.76,1.68,0.000562,0.1162
3.65,3.1,256.6,634.0,0.84,1.0,0.000513,0.1163
3.9,50.8,233.4,799.0,0.46,1.0,0.001502,0.2362
3.2,3.0,353.8,548.0,0.2,1.0,0.000167,0.1522
4.43,8.1,56.5,786.0,0.63,3.43,0.004353,0.1984
3.06,11.2,128.7,305.0,0.12,1.0,0.000134,0.1459
3.88,15.6,79.8,602.0,0.82,1.74,0.002258,0.2499
3.08,8.9,335.3,326.0,0.76,1.0,0.00011,0.07
3.15,5.1,78.3,680.0,0.91,1.41,0.00154,0.0945
3.21,11.5,390.6,306.0,0.93,1.0,0.0002,0.0775
5.43,60.3,101.6,295.0,0.56,4.53,0.014483,0.3337
3.26,13.9,282.9,789.0,0.74,1.0,0.000261,0.0832
3.51,35.4,41.0,376.0,0.76,3.41,0.001046,0.1003
3.85,7.2,51.1,195.0,0.8,3.35,0.002561,0.1764
4.04,24.2,173.9,803.0,0.87,1.04,0.000821,0.1871
3.29,60.3,110.7,351.0,0.39,1.13,0.000286,0.111
3.05,19.3,374.2,346.0,0.1,1.0,0.000126,0.0948
3.7,7.0,380.7,620.0,0.69,1.0,0.000294,0.1506
3.46,40.3,266.7,621.0,0.75,1.0,0.000615,0.1224
3.13,45.7,225.4,699.0,0.04,1.0,0.00028,0.096
4.22,39.0,46.8,340.0,0.88,4.08,0.00577,0.2548
3.65,12.6,249.4,787.0,0.02,1.0,0.000611,0.1035
3.22,14.6,94.6,857.0,0.94,1.0,0.000391,0.0802
3.98,12.1,258.5,340.0,0.25,1.49,0.000897,0.163
5.47,10.8,182.0,737.0,0.31,2.73,0.027606,0.5021
3.01,2.4,146.1,844.0,0.37,1.0,0.000545,0.1114
3.26,26.5,85.7,589.0,0.15,1.62,0.000483,0.0724
3.07,14.9,252.1,860.0,0.2,1.0,0.000193,0.0751
3.32,4.3,60.7,715.0,0.91,1.95,0.002152,0.0994
3.52,26.9,244.5,345.0,0.14,1.0,0.00284,0.1226
3.15,4.3,380.9,429.0,0.98,1.0,0.000134,0.079
4.55,23.1,200.0,879.0,0.03,1.82,0.002349,0.225
3.23,28.4,241.7,348.0,0.68,1.0,0.000496,0.1477
4.72,50.2,235.0,597.0,0.87,1.94,0.007484,0.5776
3.27,4.7,222.5,410.0,0.73,1.0,0.000143,0.1891
4.43,13.9,199.3,180.0,0.7,2.88,0.0028,0.1993
3.22,22.6,351.7,481.0,0.6,1.0,0.00019,0.0924
3.58,7.7,186.8,402.0,0.04,1.09,0.000482,0.1573
5.28,29.8,250.1,700.0,0.38,2.65,0.010973,0.4936
3.32,10.3,119.7,158.0,0.1,2.12,0.000688,0.196
3.76,39.6,297.8,290.0,0.28,1.0,0.000385,0.2128
4.49,18.0,240.0,161.0,0.33,2.51,0.007443,0.2455
3.39,36.0,284.9,406.0,0.65,1.0,0.000565,0.1102
3.21,25.0,170.8,367.0,0.39,1.0,0.000355,0.1056
3.43,9.7,333.7,431.0,0.79,1.0,0.000174,0.1276
4.16,19.9,74.0,799.0,0.53,1.63,0.005072,0.1964
3.13,24.0,177.7,699.0,0.13,1.0,0.000375,0.102
4.63,22.0,6.2,217.0,0.97,6.53,0.028049,0.1775
3.69,36.1,357.7,502.0,0.29,1.0,0.000334,0.1549
3.39,24.2,152.8,489.0,0.89,1.0,0.000416,0.0936
3.47,36.3,256.0,256.0,0.96,1.0,0.000447,0.1185
3.18,9.4,32.0,484.0,0.79,3.38,0.001095,0.1034
3.42,48.2,277.1,784.0,0.15,1.0,0.000294,0.0951
3.68,24.5,328.1,306.0,0.38,1.0,0.000496,0.2044
6.19,11.9,307.8,671.0,0.59,3.26,0.020581,0.5167
3.15,17.6,7.2,899.0,1.0,2.75,0.003515,0.1943
3.32,7.6,77.3,781.0,0.2,1.02,0.000814,0.0729
3.27,9.4,302.8,555.0,0.9,1.0,0.000424,0.0933
3.63,33.1,241.8,220.0,0.68,1.73,0.000745,0.1113
3.42,36.9,343.7,336.0,0.71,1.0,0.000781,0.0998
3.43,13.4,51.8,665.0,0.41,1.62,0.002871,0.1265
3.1,3.3,182.8,854.0,0.35,1.0,9.2e-05,0.0899
3.14,7.3,214.6,402.0,0.93,1.0,0.000301,0.0844
3.21,28.7,311.0,837.0,0.22,1.0,0.00018,0.0634
4.78,22.7,183.5,485.0,0.34,2.58,0.007933,0.403
4.45,23.3,208.3,442.0,0.8,2.14,0.001877,0.1672
3.64,6.5,287.0,769.0,0.78,1.0,0.000199,0.1431
5.09,12.5,277.1,701.0,0.76,2.08,0.005023,0.4328
3.5,20.9,276.2,366.0,0.19,1.06,0.000157,0.0882
4.15,24.2,262.7,696.0,0.54,1.0,0.001709,0.1548
3.0,11.5,154.6,206.0,0.75,1.0,0.000192,0.0856
3.93,13.7,92.7,437.0,0.96,2.19,0.005482,0.1248
3.68,21.4,54.9,273.0,0.2,3.03,0.003978,0.1997
3.07,8.9,225.6,159.0,0.76,1.0,0.000225,0.0923
3.99,7.4,198.7,753.0,0.58,1.03,0.000901,0.2009
3.11,27.6,22.3,305.0,0.62,2.81,0.001668,0.0858
3.22,17.5,223.8,596.0,0.97,1.0,0.000467,0.1189
3.25,5.9,13.9,853.0,0.72,3.17,0.00797,0.0947
4.02,42.3,104.4,869.0,0.91,1.34,0.003853,0.1864
5.56,56.4,288.9,302.0,0.78,3.69,0.016204,0.3817
4.21,25.5,269.0,690.0,0.66,1.68,0.000479,0.1944
3.11,13.6,97.6,291.0,0.15,1.33,0.000281,0.1068
3.87,18.4,377.7,852.0,0.95,1.0,0.000347,0.0983
4.62,23.5,105.5,202.0,0.55,3.5,0.012026,0.2502
4.31,11.1,12.7,747.0,0.32,4.9,0.020674,0.4549
3.66,22.1,370.2,451.0,0.39,1.0,0.000202,0.1227
3.58,8.3,80.0,865.0,0.73,2.1,0.004302,0.237
3.51,15.1,376.8,654.0,0.33,1.0,0.000243,0.0838
3.45,5.5,358.2,173.0,0.79,1.0,0.000218,0.1335
5.21,10.4,374.7,418.0,0.22,1.98,0.008034,0.5483
7.67,12.1,114.6,582.0,0.09,7.59,0.397914,2.8269
3.03,3.1,69.6,834.0,0.01,1.11,0.000561,0.1172
3.62,16.8,124.1,416.0,0.19,2.23,0.000707,0.1225
4.04,20.7,328.0,583.0,0.44,1.0,0.001205,0.2254
3.03,28.1,30.1,846.0,0.24,1.63,0.002034,0.0726
3.11,25.1,269.3,745.0,0.6,1.0,0.000108,0.0959
4.48,16.5,31.0,315.0,0.41,5.5,0.012647,0.1607
3.03,6.2,120.1,722.0,0.62,1.0,0.000269,0.0684
4.33,42.5,107.9,411.0,0.13,3.2,0.003913,0.3551
3.09,12.9,167.5,540.0,0.58,1.0,0.000631,0.0955
5.94,3.7,363.0,177.0,0.52,4.13,0.01149,0.7935
3.03,7.6,140.1,209.0,0.05,1.28,0.000357,0.0741
3.37,13.6,305.6,488.0,0.63,1.0,0.000476,0.1322
3.6,21.0,371.8,392.0,0.56,1.0,0.000355,0.1401
3.39,17.4,56.3,858.0,0.58,1.39,0.000968,0.09
3.2,48.6,278.6,414.0,0.9,1.0,0.000187,0.0938
4.05,4.7,355.8,889.0,0.54,1.0,0.000507,0.0994
3.17,13.2,85.3,184.0,0.33,2.18,0.001071,0.0929
3.97,5.2,31.6,598.0,0.01,3.82,0.026962,0.1368
3.37,6.4,387.2,154.0,0.39,1.0,0.000353,0.0888
3.22,35.5,377.0,777.0,0.68,1.0,0.000208,0.1016
3.05,16.2,268.4,724.0,0.16,1.0,0.000282,0.0532
5.55,68.3,228.3,773.0,0.57,3.07,0.017988,0.4816
3.92,43.4,322.5,233.0,0.21,1.38,0.000783,0.168
4.23,32.9,123.6,576.0,0.19,1.77,0.002973,0.1945
3.72,28.6,74.8,265.0,0.4,2.54,0.002256,0.1577
3.31,8.7,342.7,345.0,0.82,1.0,0.000138,0.0943
5.4,10.2,118.4,456.0,0.48,4.39,0.094152,0.5162
3.96,13.0,106.6,309.0,0.26,2.23,0.000859,0.1479
3.0,9.5,391.9,812.0,0.26,1.0,5.4e-05,0.0793
3.95,14.7,28.3,548.0,0.25,3.55,0.00502,0.2404
3.77,68.4,128.9,400.0,0.57,2.23,0.001136,0.1074
3.26,21.9,191.3,825.0,0.13,1.0,0.000249,0.1915
3.64,12.7,147.7,643.0,0.94,1.17,0.000752,0.2079
3.03,11.1,103.7,360.0,0.86,1.75,0.000142,0.1411
3.18,18.4,65.2,635.0,0.66,1.8,0.000908,0.0915
4.25,48.0,341.6,393.0,0.19,1.08,0.000511,0.1932
4.42,18.2,282.3,480.0,0.5,1.99,0.001406,0.2806
3.05,12.3,118.9,552.0,0.04,1.0,0.00062,0.068
7.29,52.1,254.4,493.0,0.76,5.51,0.08738,1.4878
3.63,12.6,104.2,282.0,0.4,1.89,0.000913,0.1258
3.45,7.9,251.0,820.0,0.37,1.0,0.000621,0.2077
4.14,10.2,64.5,717.0,0.86,3.01,0.012182,0.1801
3.21,11.0,197.8,221.0,0.63,1.0,0.000406,0.1205
3.73,8.1,239.3,846.0,0.5,1.0,0.001834,0.1958
3.11,18.9,204.2,374.0,0.32,1.0,0.000418,0.107
5.28,61.5,350.9,399.0,0.06,2.55,0.003192,0.266
4.43,14.4,41.2,479.0,0.19,4.1,0.01423,0.1661
3.42,4.2,200.1,448.0,0.06,1.0,0.000619,0.1125
3.21,22.9,14.5,826.0,0.81,2.82,0.002389,0.1173
6.21,27.4,19.9,181.0,0.01,8.35,0.271963,0.5463
3.08,9.0,185.9,610.0,0.54,1.0,0.000936,0.065
3.77,8.1,112.9,726.0,0.54,1.64,0.002179,0.1457
5.08,30.4,7.5,266.0,0.27,5.98,0.039866,0.3418
3.91,88.9,311.9,519.0,0.49,1.0,0.00037,0.2626
4.23,11.3,380.4,519.0,0.05,1.0,0.000327,0.2139
6.92,82.3,378.7,181.0,0.83,5.27,0.15628,1.3141
3.6,59.6,250.6,468.0,0.63,1.0,0.000232,0.1134
4.28,23.1,187.5,234.0,0.55,2.41,0.002872,0.2095
3.42,12.3,234.1,744.0,0.51,1.0,0.000194,0.0782
3.25,3.7,34.2,586.0,0.99,2.73,0.003943,0.1243
3.7,20.3,61.9,744.0,0.49,1.81,0.001882,0.1101
4.04,7.5,302.9,564.0,0.4,1.0,0.000586,0.2371
4.29,43.7,291.3,652.0,0.01,1.13,0.002052,0.1297
3.04,12.3,53.0,897.0,0.24,1.0,0.000769,0.0877
3.54,38.3,344.8,572.0,0.7,1.0,0.000481,0.0886
3.04,9.9,323.5,821.0,0.85,1.0,0.000204,0.1091
3.18,27.4,252.8,327.0,0.83,1.0,0.000109,0.1177
3.88,11.8,300.2,560.0,0.16,1.0,0.000801,0.1636
4.56,32.6,265.4,732.0,0.46,1.21,0.002076,0.3266
3.77,6.0,70.9,185.0,0.28,3.49,0.001417,0.1226
3.49,10.0,154.2,235.0,0.48,1.78,0.002384,0.0807
3.69,8.7,231.2,350.0,0.91,1.06,0.000515,0.1372
6.91,15.2,154.9,285.0,0.91,6.11,0.402075,1.2977
3.25,100.4,283.4,639.0,0.59,1.0,0.000117,0.0898
3.61,20.6,71.6,882.0,0.25,1.69,0.001279,0.135
3.8,12.5,168.0,460.0,0.65,1.44,0.000668,0.1678
4.21,8.4,210.3,620.0,0.19,1.25,0.000878,0.173
3.3,108.8,338.4,315.0,0.23,1.0,0.000145,0.1451
3.41,91.1,17.8,272.0,0.14,2.22,0.000607,0.0711
3.05,16.6,10.7,630.0,0.49,3.27,0.006094,0.0902
3.17,6.5,86.3,550.0,0.67,1.42,0.000565,0.1587
3.36,3.5,256.4,749.0,0.19,1.0,0.000576,0.0818
3.3,36.6,162.2,194.0,0.1,1.05,0.000145,0.0818
3.17,50.7,294.5,686.0,0.25,1.0,0.000106,0.0653
3.2,8.0,79.2,341.0,0.81,1.33,0.00113,0.0787
3.07,16.2,228.8,835.0,0.0,1.0,0.00026,0.0783
3.52,22.7,287.8,671.0,0.15,1.0,0.000188,0.1275
3.42,27.9,18.6,249.0,0.47,4.08,0.004634,0.0702
3.43,7.1,137.0,742.0,0.28,1.0,0.000372,0.1036
3.18,10.6,25.2,441.0,0.68,3.57,0.003994,0.0969
3.92,9.6,373.2,680.0,0.99,1.0,0.000884,0.1284
3.76,5.3,8.0,693.0,0.85,5.6,0.018668,0.2584
3.56,22.4,341.5,241.0,0.66,1.0,0.000342,0.1146
4.74,10.1,36.5,178.0,0.15,5.06,0.04812,0.3423
3.11,53.6,111.4,741.0,0.71,1.0,0.000798,0.1121
4.29,22.9,27.8,340.0,0.13,4.62,0.048248,0.2792
3.72,11.8,218.8,707.0,0.3,1.0,0.000277,0.2211
4.39,14.5,247.4,778.0,0.48,1.1,0.00309,0.3003
5.93,11.4,136.0,863.0,0.4,3.9,0.05919,0.394
3.7,134.0,175.0,859.0,0.05,1.0,0.000684,0.2271
3.07,13.6,139.8,624.0,0.23,1.0,0.00017,0.0739
4.14,8.0,244.0,848.0,0.64,1.0,0.001653,0.1489
3.22,12.4,6.6,830.0,0.59,3.18,0.016239,0.1135
4.68,10.6,302.5,459.0,0.48,1.8,0.001443,0.5083
3.6,8.3,35.8,421.0,0.48,2.83,0.001952,0.1558
3.16,27.2,168.9,663.0,0.72,1.0,0.000472,0.0895
3.64,20.9,122.7,833.0,0.98,1.0,0.001272,0.1057
5.99,19.4,398.7,486.0,0.91,3.25,0.02699,0.7492
3.44,35.3,184.0,418.0,0.08,1.0,0.000539,0.1094
4.07,37.9,239.4,468.0,0.33,1.63,0.001027,0.1695
3.56,11.9,318.6,900.0,0.51,1.0,0.000153,0.1373
5.06,41.7,62.4,816.0,0.58,4.02,0.018104,0.4429
4.24,22.9,320.2,428.0,0.84,1.3,0.001057,0.2354
3.23,15.2,20.0,545.0,0.3,3.12,0.005788,0.0902
5.32,23.3,9.7,767.0,0.22,5.64,0.135319,0.3213
3.79,17.1,175.8,896.0,0.37,1.0,0.00073,0.2224
3.07,6.3,30.2,573.0,0.05,2.74,0.001904,0.0853
3.2,14.1,384.8,449.0,0.48,1.0,0.000293,0.1021
3.7,4.2,157.8,611.0,0.96,1.0,0.002104,0.0929
3.82,25.2,231.6,187.0,0.23,1.29,0.003385,0.1079
3.27,6.7,60.4,830.0,0.49,1.38,0.002879,0.1971
3.12,18.0,189.6,292.0,0.7,1.0,0.000329,0.1046
3.76,18.7,35.2,276.0,0.3,3.82,0.001939,0.2052
4.09,7.6,242.0,509.0,0.36,1.19,0.000782,0.2003
3.25,37.8,63.8,469.0,0.09,2.59,0.000458,0.1183
4.01,10.6,66.1,584.0,0.88,3.22,0.001389,0.1597
3.53,19.6,44.4,598.0,0.53,2.48,0.001656,0.0876
3.04,8.7,198.5,177.0,0.62,1.15,0.000194,0.1111
3.56,33.3,86.6,265.0,0.82,2.56,0.00172,0.1155
6.11,57.6,225.3,711.0,0.51,3.72,0.027498,1.238
3.69,24.3,194.4,270.0,0.46,1.26,0.000379,0.2444
3.22,26.2,247.5,186.0,0.33,1.0,0.000177,0.0657
3.36,9.5,362.4,403.0,0.55,1.0,0.000114,0.1224
5.83,21.5,28.6,768.0,0.92,5.69,0.11654,0.4971
3.7,12.6,284.1,574.0,0.45,1.0,0.000333,0.1102
3.18,54.3,316.5,438.0,0.93,1.0,0.000132,0.111
4.05,10.0,42.2,576.0,0.74,3.56,0.007315,0.2123
3.49,26.5,46.5,241.0,0.35,2.76,0.003977,0.0829
3.1,19.9,20.1,559.0,0.16,2.73,0.003972,0.0858
4.07,53.5,348.7,861.0,0.9,1.0,0.000738,0.2132
4.68,28.5,327.4,522.0,0.8,1.49,0.002263,0.2583
4.3,3.5,25.8,269.0,0.94,5.55,0.018608,0.2027
3.44,48.8,149.0,563.0,0.67,1.0,0.000689,0.1438
3.37,7.7,67.8,658.0,0.88,1.98,0.0017,0.158
3.64,31.9,139.7,879.0,0.48,1.0,0.000907,0.1533
4.32,4.3,129.2,879.0,0.02,1.58,0.003936,0.198
3.86,16.9,35.7,250.0,0.46,4.28,0.001598,0.1383
3.11,26.2,143.0,389.0,0.69,1.0,0.000639,0.0782
5.16,2.2,298.9,888.0,0.79,1.65,0.00314,0.326
3.65,4.9,162.2,186.0,0.59,2.05,0.000603,0.1024
4.26,104.9,53.5,410.0,0.75,2.26,0.006015,0.1984
3.91,13.3,362.6,328.0,0.55,1.0,0.000561,0.1628
3.24,72.8,375.3,270.0,0.64,1.0,9.3e-05,0.1003
3.68,19.3,171.2,787.0,0.68,1.0,0.001317,0.0665
3.15,10.1,76.8,891.0,0.99,1.0,0.001031,0.0651
4.44,11.6,251.9,420.0,0.49,1.71,0.000401,0.3857
4.48,12.5,82.1,606.0,0.97,3.25,0.01706,0.2686
3.89,14.8,330.9,799.0,0.99,1.0,0.000694,0.1633
3.48,26.2,183.0,581.0,0.28,1.0,0.000262,0.1058
3.14,16.5,281.0,591.0,0.79,1.0,0.000214,0.0825
3.35,46.9,276.1,202.0,0.94,1.0,0.000171,0.1296
5.04,16.5,64.8,433.0,0.9,4.3,0.018571,0.4246
3.66,8.4,336.2,478.0,0.65,1.0,0.000771,0.1284
4.66,24.1,146.4,817.0,0.43,1.91,0.009384,0.3291
3.21,12.6,53.1,524.0,0.71,1.67,0.002504,0.1697
4.58,38.5,170.5,517.0,0.9,2.23,0.002795,0.3149
5.44,19.9,153.7,243.0,0.71,4.47,0.011834,0.5764
4.17,10.5,6.8,640.0,0.57,5.25,0.03967,0.2113
3.35,23.1,34.5,282.0,0.16,2.97,0.00256,0.1129
5.03,9.4,387.8,543.0,0.46,1.85,0.004164,0.4042
4.07,16.1,120.6,710.0,0.4,2.38,0.001531,0.1023
3.27,6.6,181.7,610.0,0.14,1.0,0.000598,0.1222
4.17,95.8,94.6,618.0,0.03,2.48,0.002241,0.3378
4.88,13.0,190.6,382.0,0.98,3.36,0.005053,0.3377
4.18,7.0,31.3,784.0,0.79,3.45,0.004578,0.1966
3.79,2.7,148.2,619.0,0.04,1.54,0.000786,0.1616
3.33,51.4,125.0,166.0,0.77,1.92,0.000474,0.1159
3.46,59.2,388.2,622.0,0.01,1.0,0.000123,0.1094
3.62,20.9,371.7,403.0,0.1,1.0,0.000237,0.1085
3.73,8.9,43.7,836.0,0.12,2.2,0.005784,0.179
4.51,19.1,157.8,220.0,0.32,2.56,0.002575,0.2735
5.79,10.3,290.1,304.0,0.85,3.97,0.02093,0.6644
3.27,8.1,290.6,899.0,0.11,1.0,0.000594,0.0959
3.9,24.3,202.4,578.0,0.52,1.0,0.000896,0.1308
3.75,28.3,15.7,891.0,0.03,3.05,0.008975,0.0906
3.87,8.4,160.0,717.0,0.16,1.72,0.00082,0.1523
3.12,36.3,135.1,421.0,0.91,1.0,0.000437,0.0804
4.47,11.0,155.0,634.0,0.95,2.16,0.001791,0.1676
3.18,2.0,224.2,721.0,0.62,1.0,0.000172,0.1184
4.0,5.6,8.7,900.0,0.94,4.82,0.020116,0.2948
4.03,28.1,35.3,746.0,0.41,3.03,0.012679,0.18
4.35,18.9,334.4,241.0,0.26,2.08,0.000563,0.2368
3.28,33.9,336.0,795.0,0.6,1.0,0.000177,0.1861
4.58,25.1,370.9,207.0,0.17,1.68,0.00201,0.368
3.02,49.9,235.2,855.0,0.79,1.0,0.000108,0.0967
3.54,7.3,171.4,508.0,0.91,1.49,0.000321,0.0995
3.73,32.8,239.5,430.0,0.65,1.17,0.000481,0.143
4.84,82.8,100.4,677.0,0.92,2.5,0.007186,0.5346
3.13,11.9,12.8,237.0,0.72,4.22,0.004398,0.1123
3.23,6.0,239.7,703.0,0.27,1.0,0.000286,0.1162
3.56,15.3,211.0,472.0,0.16,1.06,0.000459,0.097
3.33,23.9,281.2,365.0,0.17,1.0,0.000196,0.1341
3.57,28.5,391.3,172.0,0.46,1.0,0.000442,0.1082
3.68,25.8,85.9,860.0,0.47,1.39,0.002527,0.1419
5.53,194.5,179.8,270.0,0.31,4.37,0.01456,0.5613
3.1,8.3,134.2,450.0,0.73,1.03,0.000279,0.1257
5.75,9.1,305.9,488.0,0.1,3.4,0.00609,0.4608
3.01,29.3,248.8,618.0,0.49,1.0,8.5e-05,0.1007
3.04,10.7,236.9,702.0,0.69,1.0,0.000316,0.0881
3.47,11.5,166.1,267.0,0.29,1.87,0.001265,0.1519
3.83,18.0,123.6,368.0,0.83,2.11,0.002447,0.1803
3.32,60.1,131.2,829.0,0.85,1.0,0.000348,0.1118
6.12,10.1,128.4,574.0,0.4,5.15,0.063771,0.8425
4.06,5.4,224.7,652.0,0.86,1.0,0.001687,0.2197
3.05,22.3,258.6,794.0,0.4,1.0,6.5e-05,0.0619
3.9,24.0,105.9,439.0,0.44,2.15,0.000922,0.2315
3.94,57.2,223.8,315.0,0.97,1.0,0.000875,0.2785
3.25,16.3,182.5,362.0,0.82,1.0,0.000494,0.104
4.25,15.2,245.0,864.0,0.34,1.0,0.000553,0.1714
3.41,12.9,98.5,899.0,0.07,1.0,0.000621,0.1402
5.89,15.6,103.2,675.0,0.43,5.06,0.04248,0.7806
3.44,8.0,377.2,635.0,0.83,1.0,0.000305,0.1118
3.04,16.0,355.9,534.0,0.94,1.0,0.000209,0.0858
3.01,6.1,232.8,644.0,0.66,1.0,0.000207,0.094
3.83,26.9,103.3,437.0,0.11,2.12,0.00159,0.0854
5.6,15.4,336.1,722.0,0.82,2.17,0.009542,0.4384
3.23,20.9,102.9,447.0,0.73,1.24,0.000808,0.1424
3.95,9.7,352.3,581.0,0.4,1.0,0.001177,0.2039
6.23,16.2,310.6,649.0,0.3,3.4,0.031745,0.8153
4.41,10.4,377.1,494.0,0.62,1.12,0.001749,0.2121
5.62,70.1,125.6,306.0,0.27,4.48,0.020306,0.3669
4.3,25.7,211.2,266.0,0.77,2.19,0.00248,0.3161
3.0,13.5,54.0,767.0,0.35,1.06,0.000905,0.0477
3.26,25.2,13.3,858.0,0.94,2.75,0.00924,0.1307
3.01,28.1,342.3,803.0,0.59,1.0,4.3e-05,0.1075
3.28,18.4,234.5,527.0,0.18,1.0,0.000179,0.1052
4.01,6.1,217.3,844.0,0.55,1.0,0.000409,0.2012
7.87,71.8,320.8,243.0,0.02,7.08,0.291922,3.0818
3.36,15.8,26.6,664.0,0.88,2.83,0.002642,0.1327
3.56,12.0,15.4,317.0,0.12,4.46,0.008088,0.152
3.78,11.6,154.0,566.0,0.04,1.6,0.001732,0.1779
4.33,31.0,106.6,304.0,0.89,2.55,0.002148,0.1896
3.82,12.6,382.2,446.0,0.83,1.0,0.00062,0.1639
3.47,25.5,122.7,311.0,0.73,1.49,0.000431,0.0843
3.6,20.3,107.9,221.0,0.81,1.86,0.000911,0.1595
3.5,24.7,113.7,426.0,0.84,1.33,0.001506,0.0822
3.34,37.4,125.9,525.0,0.85,1.17,0.000127,0.098
4.7,10.5,183.1,304.0,0.18,2.59,0.002201,0.2208
3.14,4.3,322.7,385.0,0.01,1.0,0.000598,0.1437
3.98,11.3,281.1,212.0,0.08,1.56,0.000679,0.1338
3.25,19.0,201.1,493.0,0.09,1.0,0.000232,0.082
3.88,23.8,230.0,809.0,0.98,1.0,0.001983,0.088
3.29,23.5,165.5,246.0,0.03,1.84,0.000334,0.1258
3.3,7.3,186.0,390.0,0.36,1.26,0.001024,0.0994
3.63,11.6,299.8,215.0,0.18,1.0,0.000627,0.0789
3.08,12.8,151.2,647.0,0.9,1.0,0.00029,0.1065
3.84,4.5,360.5,576.0,0.54,1.0,0.000953,0.1768
3.29,4.2,355.3,397.0,0.0,1.0,9.4e-05,0.085
3.04,47.1,245.1,528.0,0.76,1.0,0.000308,0.0803
4.41,6.1,374.6,298.0,0.34,1.42,0.001044,0.2426
4.01,14.8,106.6,383.0,0.31,2.68,0.002561,0.2023
3.02,9.3,224.3,837.0,0.66,1.0,0.000104,0.0896
4.39,15.0,257.1,501.0,0.26,1.34,0.002627,0.1822
3.89,14.2,243.4,475.0,0.98,1.0,0.000275,0.1816
3.12,9.0,369.1,718.0,0.44,1.0,0.000122,0.0552
4.29,5.5,175.4,865.0,0.16,1.08,0.001774,0.3225
4.16,13.2,273.6,541.0,0.13,1.21,0.000948,0.2278
3.46,135.8,284.5,863.0,0.13,1.0,0.000323,0.2223
4.12,26.8,355.8,664.0,0.12,1.0,0.000557,0.1381
4.89,9.9,274.1,215.0,0.42,2.3,0.002695,0.5176
3.67,30.0,345.6,312.0,0.09,1.0,0.00077,0.1808
4.67,45.3,174.5,814.0,0.51,2.06,0.001614,0.3627
4.24,8.0,60.4,577.0,0.74,3.48,0.012493,0.2301
3.05,15.6,394.8,550.0,0.91,1.0,0.000146,0.0691
3.22,25.3,368.0,310.0,0.39,1.0,0.000154,0.0756
3.68,13.4,76.3,653.0,0.09,2.48,0.002774,0.0619
3.3,11.5,63.6,406.0,0.98,1.91,0.000562,0.1014
3.82,27.8,183.5,369.0,0.92,1.37,0.002432,0.1126
3.27,14.5,118.6,310.0,0.08,1.23,0.000938,0.1306
3.31,12.7,194.6,376.0,0.54,1.0,0.000251,0.0874
5.15,12.3,120.6,799.0,0.26,3.49,0.012334,0.2264
3.02,21.8,140.4,503.0,0.79,1.15,0.000456,0.0972
3.9,32.8,29.7,172.0,0.16,4.18,0.00852,0.1336
3.13,11.2,390.0,665.0,0.85,1.0,0.000137,0.0765
3.51,44.6,328.8,432.0,0.12,1.0,0.000205,0.0804
3.19,2.0,303.1,641.0,0.09,1.0,0.000158,0.0921
4.19,17.2,223.8,583.0,0.46,1.35,0.001119,0.1667
3.69,28.0,268.9,442.0,0.92,1.0,0.000872,0.1826
3.03,72.1,177.5,746.0,0.02,1.0,0.000175,0.0776
3.49,51.7,192.6,186.0,0.05,1.0,0.000157,0.109
3.73,3.9,337.0,793.0,0.24,1.0,0.00072,0.2069
3.65,14.6,383.0,585.0,0.89,1.0,0.000187,0.1325
3.53,17.6,251.8,848.0,0.13,1.0,0.000144,0.1546
3.74,5.6,324.7,705.0,0.9,1.0,0.000236,0.1912
3.24,5.7,82.5,457.0,0.15,1.61,0.000356,0.0923
3.35,8.4,286.2,593.0,0.82,1.0,0.000147,0.1819
4.03,9.8,98.4,241.0,0.7,3.04,0.003462,0.1859
3.06,22.7,397.4,698.0,0.64,1.0,0.000168,0.1162
4.16,18.2,64.5,687.0,0.09,2.98,0.005435,0.2053
3.78,4.4,165.0,874.0,0.62,1.0,0.002085,0.1832
3.86,8.3,289.7,307.0,0.64,1.33,0.00033,0.1584
3.38,4.0,230.1,341.0,0.47,1.0,0.000428,0.193
3.06,46.4,308.4,753.0,0.35,1.0,0.000138,0.1035
4.01,10.8,343.9,413.0,0.88,1.0,0.001218,0.1334
3.72,12.3,389.6,251.0,0.42,1.0,0.000286,0.1857
5.4,16.6,295.8,379.0,0.0,2.99,0.00359,0.3508
3.32,10.6,377.8,407.0,0.04,1.0,0.000207,0.1608
4.18,45.3,249.5,825.0,0.73,1.0,0.003028,0.2194
3.15,22.8,295.8,711.0,0.91,1.0,0.000207,0.104
3.02,30.7,165.0,535.0,0.04,1.0,0.000324,0.1262
3.06,13.2,32.4,351.0,0.78,2.85,0.004238,0.0844
3.41,25.7,248.2,370.0,0.05,1.0,0.000398,0.1582
3.09,9.2,7.6,721.0,0.54,3.39,0.006684,0.049
3.12,27.8,383.2,591.0,0.47,1.0,0.000416,0.0945
3.02,18.5,248.1,267.0,0.84,1.0,0.000137,0.0989
3.12,34.6,399.7,786.0,0.85,1.0,0.000102,0.0992
3.63,10.0,308.0,873.0,0.14,1.0,0.001001,0.1819
5.62,18.1,109.8,792.0,0.23,4.15,0.091213,0.788
7.02,2.3,224.3,367.0,0.55,5.87,0.114266,1.4396
3.21,5.1,113.0,658.0,0.62,1.05,0.000514,0.1128
3.13,16.8,252.5,258.0,0.07,1.0,0.000106,0.0733
7.23,7.4,343.6,475.0,0.34,4.55,0.08319,1.8605
3.36,14.5,218.5,739.0,0.67,1.0,0.000452,0.0991
3.59,72.3,120.4,284.0,0.25,2.22,0.001199,0.114
4.58,8.4,188.8,157.0,0.14,3.04,0.002454,0.3549
4.16,34.4,226.4,423.0,0.46,2.05,0.001288,0.2937
3.5,8.6,279.4,885.0,0.3,1.0,0.000182,0.0605
3.52,15.5,365.7,375.0,0.01,1.0,0.000349,0.1247
4.41,23.0,131.4,231.0,0.02,2.96,0.003206,0.3007
3.73,12.6,229.6,249.0,0.32,1.37,0.0006,0.0996
3.52,10.4,119.4,770.0,0.89,1.0,0.002645,0.1626
3.09,33.9,19.1,249.0,0.03,2.92,0.001866,0.045
3.34,46.1,325.2,275.0,0.49,1.0,0.000312,0.1501
3.86,5.7,268.9,358.0,0.71,1.19,0.000692,0.2418
3.59,10.5,273.8,360.0,0.95,1.0,0.000236,0.0912
3.85,22.4,16.6,748.0,0.46,3.39,0.007115,0.1036
3.58,52.8,18.5,398.0,0.14,2.84,0.002143,0.135
3.79,87.4,217.8,456.0,0.44,2.0,0.000337,0.1618
3.04,14.0,147.6,309.0,0.08,1.17,0.000626,0.0776
3.49,39.6,383.4,892.0,0.12,1.0,0.000228,0.1479
4.58,46.0,228.1,233.0,0.5,2.84,0.002334,0.171
4.91,10.2,85.8,580.0,0.69,3.38,0.013003,0.3158
3.76,16.2,103.1,891.0,0.37,1.0,0.001263,0.1843
3.62,10.9,210.8,584.0,0.21,1.0,0.002501,0.127
3.29,28.9,25.8,416.0,0.46,3.12,0.007745,0.1106
3.97,13.9,66.4,561.0,0.06,3.16,0.002372,0.1863
3.67,25.6,275.7,622.0,0.86,1.0,0.000225,0.1079
3.09,8.9,125.1,399.0,0.84,1.37,0.000708,0.0927
3.07,6.8,252.2,378.0,0.56,1.0,0.000109,0.0726
3.94,19.1,19.4,282.0,0.23,5.23,0.010589,0.1127
3.33,14.9,258.5,200.0,0.29,1.06,0.000189,0.0983
4.19,59.3,53.3,360.0,0.21,3.38,0.003113,0.1852
3.2,26.7,231.3,666.0,0.98,1.0,0.000235,0.2266
4.52,50.1,298.0,425.0,0.82,1.81,0.001441,0.3235
3.74,32.2,198.7,708.0,0.15,1.0,0.000467,0.1641
3.11,34.3,177.3,838.0,0.1,1.0,0.000484,0.0902
3.2,2.9,343.1,467.0,0.46,1.0,4.6e-05,0.0856
3.85,8.7,286.7,214.0,0.44,1.4,0.0006,0.0999
3.19,8.6,151.3,367.0,0.43,1.0,0.000295,0.1279
5.26,15.1,146.1,552.0,0.51,3.18,0.015076,0.3963
3.11,19.6,86.3,655.0,0.01,1.15,0.000398,0.1019
3.2,30.8,115.0,696.0,0.59,1.0,0.000891,0.1017
3.23,18.9,223.6,692.0,0.22,1.0,0.000624,0.0716
3.53,2.6,334.5,860.0,0.06,1.0,0.000505,0.164
4.05,61.4,63.9,256.0,0.56,3.32,0.002495,0.25
3.95,16.1,306.5,221.0,0.05,1.4,0.000876,0.1558
3.47,21.1,236.8,871.0,0.52,1.0,0.000753,0.1529
3.56,12.4,46.4,503.0,0.02,3.09,0.006043,0.1005
3.29,35.3,56.9,777.0,0.77,1.08,0.00068,0.0931
4.34,28.8,62.2,503.0,0.99,3.14,0.00634,0.1746
3.64,6.3,157.1,387.0,0.51,1.06,0.000158,0.1774
3.99,13.0,238.1,540.0,0.96,1.06,0.002057,0.1908
3.24,28.4,265.6,514.0,0.8,1.0,0.000335,0.093
3.09,28.9,131.0,549.0,0.2,1.0,0.00041,0.1343
3.44,45.9,109.3,589.0,0.79,1.15,0.000248,0.154
3.18,13.6,375.5,877.0,0.64,1.0,0.000111,0.1255
4.21,21.4,143.5,313.0,0.97,2.76,0.002098,0.2563
3.24,15.8,226.9,606.0,0.59,1.0,0.000172,0.1685
3.92,19.6,97.6,587.0,0.71,2.26,0.000621,0.1474
3.56,12.0,65.8,184.0,0.43,3.16,0.00207,0.113
4.14,38.8,50.3,453.0,0.95,3.46,0.002488,0.2071
4.97,7.6,157.1,316.0,0.35,3.51,0.00887,0.2542
3.07,19.6,256.5,547.0,0.17,1.0,0.000305,0.0633
3.21,7.6,394.0,566.0,0.33,1.0,0.000199,0.0857
7.68,27.1,295.0,388.0,0.38,6.43,0.217769,2.0941
4.75,19.1,281.8,265.0,0.9,2.87,0.002801,0.3825
3.08,132.7,61.3,450.0,0.66,1.0,0.000622,0.0771
3.6,11.1,242.8,397.0,0.69,1.0,0.000724,0.1274
4.52,90.8,165.2,543.0,0.62,2.31,0.009005,0.3668
4.06,12.9,93.7,369.0,0.36,2.29,0.002471,0.2153
3.1,31.9,99.9,876.0,0.59,1.0,0.0007,0.0789
3.71,28.6,342.7,583.0,0.19,1.0,0.000323,0.1548
3.65,6.8,113.3,526.0,0.47,1.95,0.000762,0.1374
4.23,19.2,62.3,175.0,0.14,4.1,0.006583,0.1255
3.14,39.5,152.0,299.0,0.04,1.11,0.00018,0.1107
3.26,6.7,222.1,398.0,0.18,1.0,0.00088,0.1125
3.65,49.1,198.2,337.0,0.85,1.04,0.00068,0.137
3.22,5.2,65.3,736.0,0.91,1.88,0.001055,0.1617
3.85,24.6,149.0,728.0,0.25,1.27,0.001332,0.1211
4.25,8.7,311.4,669.0,0.94,1.0,0.002317,0.2456
3.06,8.9,183.4,725.0,0.34,1.0,7.3e-05,0.0708
3.11,31.0,275.7,448.0,0.45,1.0,0.000155,0.0778
3.35,34.7,399.3,488.0,0.66,1.0,0.00015,0.1529
3.04,28.0,17.5,358.0,0.2,2.88,0.000588,0.111
3.47,12.8,22.6,701.0,0.33,3.39,0.007002,0.0997
4.05,24.5,353.8,604.0,0.9,1.0,0.001134,0.2127
3.59,14.6,239.0,151.0,0.89,1.91,0.000236,0.11
3.14,35.4,333.0,544.0,0.02,1.0,0.000241,0.1141
3.04,3.8,200.6,442.0,0.25,1.0,0.00059,0.1137
3.14,19.7,133.1,527.0,0.16,1.58,0.000456,0.1056
4.25,43.5,262.0,241.0,0.03,2.09,0.000282,0.218
3.72,12.2,124.2,591.0,0.52,1.43,0.000479,0.0961
3.05,11.3,384.2,282.0,0.44,1.0,0.000134,0.0822
3.65,7.4,151.2,803.0,0.24,1.0,0.000243,0.1692
4.24,17.5,112.2,494.0,0.27,2.96,0.003431,0.1575
3.77,12.6,73.9,469.0,0.73,2.84,0.001717,0.1345
3.23,30.9,25.3,485.0,0.4,2.19,0.003726,0.082
3.07,6.6,172.0,783.0,0.14,1.0,0.000341,0.0755
3.35,21.0,90.6,484.0,0.59,1.86,0.001077,0.1401
3.45,9.9,370.0,849.0,0.08,1.0,0.000279,0.1709
3.18,5.1,144.1,723.0,0.82,1.0,0.0005,0.0859
3.78,6.9,102.4,213.0,0.24,2.73,0.000422,0.1107
3.04,3.8,143.3,205.0,0.03,1.0,0.000443,0.1076
4.87,2.5,342.9,203.0,1.0,2.93,0.00232,0.2462
3.11,8.9,304.7,601.0,0.19,1.0,0.000137,0.0515
3.06,87.5,392.0,527.0,0.8,1.0,4.1e-05,0.0909
3.77,8.5,258.5,622.0,0.42,1.0,0.000413,0.2069
4.36,20.1,164.7,656.0,0.46,2.15,0.00516,0.2615
4.93,11.3,96.5,781.0,0.7,2.98,0.011726,0.3258
3.17,6.0,319.3,194.0,0.85,1.0,0.000117,0.1038
3.9,20.8,178.2,678.0,0.05,1.13,0.000721,0.1728
6.08,4.4,174.2,727.0,0.36,3.89,0.055948,0.6064
3.29,37.9,203.1,225.0,0.1,1.0,0.000431,0.1203
3.89,7.4,290.5,181.0,0.43,1.37,0.000781,0.1784
3.15,62.7,141.4,231.0,0.47,1.11,0.000919,0.1107
3.69,32.8,203.6,410.0,0.27,1.21,0.000804,0.1146
3.14,19.9,146.0,666.0,0.85,1.0,0.000765,0.076
4.85,14.9,376.5,419.0,0.13,1.9,0.003181,0.4204
3.05,12.9,131.5,489.0,0.47,1.0,0.0003,0.0855
5.52,13.9,318.3,805.0,0.57,2.26,0.006545,0.3599
3.71,21.1,138.3,196.0,0.51,1.98,0.000459,0.132
3.66,26.1,278.7,229.0,0.24,1.0,0.000466,0.1293
3.02,19.4,127.4,368.0,0.14,1.0,0.00067,0.1362
5.31,12.3,174.2,198.0,0.05,4.87,0.006304,0.6297
3.93,20.9,344.3,795.0,0.19,1.0,0.000187,0.142
3.01,9.8,64.3,166.0,0.35,2.62,0.000915,0.1381
3.83,40.0,37.9,891.0,0.55,2.45,0.00643,0.1729
4.14,9.8,294.6,517.0,0.92,1.41,0.000833,0.2048
3.07,32.2,68.8,586.0,0.56,1.13,0.000806,0.1183
4.0,10.4,52.0,649.0,0.98,2.68,0.004526,0.1986
3.47,25.2,123.4,465.0,0.9,1.51,0.000851,0.1603
4.39,18.0,125.5,715.0,0.87,2.24,0.007705,0.2414
3.47,21.6,377.1,404.0,0.78,1.0,8.4e-05,0.1102
3.72,38.7,338.3,286.0,0.97,1.0,0.000451,0.105
3.77,13.3,97.6,723.0,0.26,1.12,0.000942,0.0984
3.5,9.2,258.0,678.0,0.88,1.0,0.000444,0.1728
3.68,16.0,68.6,435.0,0.23,2.79,0.005884,0.2039
3.05,41.9,364.3,181.0,0.11,1.0,0.000157,0.0868
3.17,92.3,292.9,299.0,0.59,1.0,0.000153,0.0575
3.31,11.6,72.0,405.0,0.3,2.2,0.000705,0.0912
3.32,3.5,52.6,687.0,0.81,1.89,0.002286,0.1276
3.88,8.3,140.1,198.0,0.41,2.42,0.001916,0.2084
3.28,37.4,385.1,631.0,0.73,1.0,0.000161,0.0944
4.77,28.5,252.0,194.0,0.89,2.8,0.001711,0.3899
3.29,56.5,106.4,384.0,0.93,1.0,0.000452,0.0925
5.92,34.9,349.0,758.0,0.67,3.04,0.005006,0.5023
3.02,76.8,91.8,264.0,0.89,1.16,0.000495,0.0876
3.61,41.3,92.1,299.0,0.17,1.71,0.000812,0.1393
4.27,28.7,303.3,788.0,0.24,1.0,0.000786,0.1429
5.29,86.9,347.0,539.0,0.95,2.49,0.003535,0.6479
3.67,24.5,390.9,713.0,0.55,1.0,0.000157,0.1852
3.23,21.1,19.8,896.0,0.76,2.73,0.002178,0.0694
6.9,42.8,347.6,167.0,0.64,5.54,0.17834,1.7151
4.08,6.3,317.8,731.0,0.14,1.0,0.000363,0.1486
4.53,11.0,328.6,388.0,0.9,1.49,0.001663,0.3516
3.13,11.0,381.4,326.0,0.59,1.0,3e-05,0.1015
3.36,22.9,12.6,628.0,0.22,3.01,0.001768,0.1292
3.15,20.8,153.7,544.0,0.86,1.0,0.000296,0.2227
4.46,5.0,140.5,433.0,0.61,2.58,0.003347,0.2497
3.72,47.2,263.3,889.0,0.98,1.0,0.000538,0.1051
3.52,27.8,245.8,754.0,0.3,1.0,0.000284,0.1713
7.22,2.3,371.5,442.0,0.18,5.36,0.21524,1.5593
3.08,25.8,181.0,647.0,0.75,1.0,0.000228,0.1271
5.99,7.7,208.5,829.0,0.13,4.0,0.033459,1.3614
3.63,6.2,334.3,379.0,0.6,1.0,0.000525,0.1139
3.21,7.5,110.8,415.0,0.13,1.69,0.001247,0.0791
3.37,82.2,69.0,167.0,0.84,2.37,0.000574,0.0711
4.83,9.4,331.4,488.0,0.66,2.07,0.006438,0.2503
3.0,30.5,21.3,709.0,0.44,2.15,0.002879,0.0485
3.26,21.0,169.0,582.0,0.44,1.0,0.001019,0.0619
4.16,118.8,270.1,403.0,0.49,1.0,0.000615,0.1598
3.27,22.1,72.3,535.0,0.27,1.86,0.001256,0.0633
3.01,10.6,330.1,178.0,0.86,1.0,0.000235,0.091
4.07,36.5,52.1,186.0,0.37,3.96,0.008031,0.184
3.31,60.9,109.2,225.0,0.34,1.0,0.000909,0.1326
3.17,19.4,361.5,244.0,0.04,1.0,0.000124,0.1456
3.02,38.3,70.9,384.0,0.04,2.0,0.000944,0.0715
3.06,8.0,167.9,839.0,0.5,1.0,0.000429,0.1165
4.48,6.0,297.3,222.0,0.29,1.78,0.001238,0.1825
3.26,39.7,204.1,329.0,0.22,1.0,0.000248,0.0729
4.06,16.6,363.2,771.0,0.37,1.0,0.001113,0.1966
3.08,26.6,41.1,500.0,0.09,1.41,0.000719,0.0752
4.58,10.8,22.7,438.0,0.8,5.42,0.05812,0.2959
5.53,8.0,327.3,482.0,0.37,3.35,0.012783,0.6651
3.45,11.8,35.8,344.0,0.87,3.09,0.003602,0.1104
3.57,11.5,54.1,325.0,0.12,3.49,0.003843,0.1177
3.9,13.0,12.7,575.0,0.29,4.19,0.01165,0.1869
3.38,11.8,86.3,516.0,0.78,2.06,0.000673,0.1055
4.62,9.3,86.0,467.0,0.36,3.51,0.003215,0.3886
4.69,24.0,393.2,517.0,0.35,1.56,0.002037,0.3251
3.78,7.9,175.4,225.0,0.61,2.03,0.001979,0.1834
3.13,2.1,252.6,585.0,0.43,1.0,0.000364,0.1078
3.4,17.7,129.2,779.0,0.6,1.0,0.000587,0.1365
3.12,46.0,175.1,259.0,0.27,1.0,0.000249,0.0784
3.65,34.8,311.9,781.0,0.78,1.0,0.000558,0.1569
3.51,30.1,345.6,493.0,0.42,1.0,0.000316,0.1181
3.21,11.2,329.6,822.0,0.4,1.0,0.000144,0.1558
3.16,7.1,292.1,278.0,0.23,1.0,0.000181,0.0762
3.4,4.8,141.8,812.0,0.58,1.0,0.000393,0.16
4.16,15.9,211.4,889.0,0.05,1.09,0.000965,0.1615
5.86,14.6,154.3,363.0,0.61,4.63,0.046134,0.563
3.44,35.2,273.0,372.0,0.91,1.0,0.000201,0.1115
4.81,53.1,348.0,362.0,0.37,2.41,0.004603,0.2575
3.46,5.9,48.5,308.0,0.4,3.16,0.002375,0.1225
3.49,12.4,33.1,520.0,0.49,3.1,0.008349,0.1239
3.47,9.0,114.4,321.0,0.83,2.21,0.001846,0.234
4.3,22.1,363.8,718.0,0.31,1.0,0.000544,0.1908
3.0,23.6,86.1,153.0,0.38,2.08,0.000268,0.1023
4.29,14.4,362.1,468.0,0.85,1.0,0.001077,0.2046
3.87,28.9,51.5,374.0,0.32,3.37,0.005246,0.1917
3.13,9.2,392.3,155.0,0.46,1.0,7.5e-05,0.1263
8.5,52.3,37.1,223.0,0.23,9.94,14.130532,4.1222
3.4,34.9,343.5,663.0,0.69,1.0,0.000725,0.103
3.22,44.2,205.6,404.0,0.07,1.0,0.000347,0.1037
4.04,42.9,365.1,470.0,0.13,1.0,0.000248,0.2476
3.29,16.8,347.5,593.0,0.58,1.0,0.000372,0.1276
3.0,2.7,127.4,477.0,0.41,1.0,0.000215,0.1159
3.71,99.7,256.2,636.0,0.24,1.0,0.000431,0.081
3.27,5.8,212.2,710.0,0.24,1.0,0.000151,0.1578
4.0,10.7,364.7,153.0,0.33,1.82,0.000618,0.1606
3.09,57.1,76.5,177.0,0.26,2.1,0.00054,0.0851
3.49,18.9,217.3,514.0,0.5,1.0,0.000377,0.146
4.92,18.8,21.5,598.0,0.89,5.01,0.029188,0.3705
3.69,43.4,204.1,860.0,0.1,1.0,0.000781,0.1336
3.13,3.6,190.9,393.0,0.07,1.0,0.000505,0.1043
3.18,31.2,84.6,519.0,0.98,1.34,0.000638,0.1281
3.62,4.2,108.8,590.0,0.06,1.8,0.000933,0.1777
4.32,12.2,347.8,251.0,0.66,1.81,0.001082,0.158
4.19,52.3,319.6,559.0,0.8,1.0,0.000505,0.1678
3.66,22.8,372.7,700.0,0.5,1.0,0.000373,0.0959
3.08,21.8,43.4,365.0,0.33,2.95,0.001201,0.0936
3.64,6.2,92.9,318.0,0.68,2.08,0.002582,0.1468
3.65,19.7,231.7,323.0,0.7,1.0,0.00028,0.1556
3.57,9.4,181.2,529.0,0.43,1.0,0.001034,0.15
3.17,9.7,251.6,297.0,0.13,1.0,0.000289,0.0553
4.87,41.6,174.6,841.0,0.42,2.19,0.00193,0.488
3.08,15.2,93.9,337.0,0.66,1.85,0.000761,0.0785
3.88,23.1,280.3,877.0,0.45,1.0,0.000309,0.198
3.61,11.7,190.5,750.0,0.52,1.0,0.00026,0.1529
3.28,35.6,303.4,350.0,0.75,1.0,5.6e-05,0.1436
3.54,4.5,163.6,788.0,0.59,1.0,0.000651,0.1474
3.28,6.1,329.3,280.0,0.24,1.0,0.000137,0.1341
3.11,13.5,78.4,568.0,0.1,1.22,0.000584,0.084
4.24,4.5,69.5,645.0,0.28,2.79,0.015504,0.2375
3.04,19.3,210.1,366.0,0.79,1.0,0.000127,0.1624
4.09,23.4,219.8,376.0,0.89,1.62,0.000892,0.2213
5.22,13.9,99.1,817.0,0.78,3.41,0.017063,0.4075
3.8,21.0,349.7,497.0,0.99,1.0,0.000453,0.1358
4.54,17.2,272.4,632.0,0.22,1.66,0.002872,0.2915
3.03,110.3,145.8,441.0,0.92,1.0,5e-05,0.091
4.64,26.4,93.7,378.0,0.26,3.43,0.003914,0.2899
3.58,4.6,169.5,212.0,0.06,2.1,0.000872,0.1026
3.39,29.6,318.4,833.0,0.07,1.0,9.2e-05,0.1469
4.87,4.9,36.3,391.0,0.04,5.27,0.020455,0.2676
3.64,47.4,370.2,540.0,0.65,1.0,0.000458,0.1326
3.82,59.4,235.3,759.0,0.05,1.0,0.000565,0.2941
3.52,4.7,242.1,796.0,0.01,1.0,0.000648,0.1503
4.71,15.1,370.3,376.0,0.41,2.03,0.000726,0.2193
3.6,9.9,7.8,486.0,0.4,4.57,0.017845,0.1115
3.38,11.1,112.0,550.0,0.8,1.26,0.000174,0.0962
4.52,8.7,357.7,476.0,0.13,1.0,0.002079,0.1975
3.24,26.1,257.1,663.0,0.34,1.0,0.000335,0.1241
3.7,20.2,347.5,854.0,0.82,1.0,0.000312,0.1488
3.54,8.9,189.6,189.0,0.9,1.41,0.000284,0.0956
3.61,2.3,131.3,796.0,0.39,1.0,0.001288,0.0878
4.46,14.5,279.2,714.0,0.84,1.15,0.002423,0.1753
4.79,8.9,116.1,647.0,0.07,2.54,0.013838,0.4465
4.31,83.5,319.4,696.0,0.75,1.12,0.00043,0.1863
3.01,14.8,186.5,425.0,0.23,1.0,0.00011,0.0914
3.24,23.9,13.8,374.0,0.07,3.7,0.003964,0.1121
3.83,8.8,301.5,237.0,0.32,1.0,0.000612,0.1813
4.83,2.4,210.0,496.0,0.63,2.5,0.002366,0.2711
3.2,13.8,292.8,187.0,0.92,1.0,0.000138,0.1206
3.46,3.9,13.6,862.0,0.29,3.63,0.017769,0.1315
4.57,41.7,287.7,292.0,0.05,1.88,0.00041,0.2693
3.15,22.9,22.1,448.0,0.96,3.2,0.00075,0.0981
7.8,67.3,41.8,465.0,0.22,7.92,3.420098,1.8919
3.82,11.3,388.2,638.0,0.83,1.0,0.000231,0.1684
4.13,14.0,272.6,581.0,0.28,1.0,0.000586,0.1548
4.71,67.4,286.7,280.0,0.31,2.77,0.001785,0.3159
3.18,24.3,121.8,626.0,0.76,1.0,0.00029,0.1013
3.08,18.5,13.7,717.0,0.13,2.87,0.001574,0.0778
3.01,19.2,334.4,298.0,0.72,1.0,5.8e-05,0.0979
4.07,11.0,323.9,395.0,0.51,1.0,0.000256,0.1626
3.12,7.6,367.6,297.0,0.07,1.0,0.000153,0.084
5.99,15.4,66.5,546.0,0.99,5.79,0.116545,0.8733
3.33,10.3,90.8,513.0,0.04,1.17,0.001297,0.0938
5.19,6.3,123.3,242.0,0.9,4.18,0.013933,0.5457
6.66,9.6,270.0,876.0,0.77,4.23,0.1049,0.8583
4.78,10.1,53.3,795.0,0.3,3.32,0.010593,0.3138
3.28,5.1,132.7,644.0,0.05,1.0,0.000988,0.0982
3.28,14.9,241.1,822.0,0.49,1.0,0.000496,0.1178
3.59,30.2,62.4,883.0,0.31,1.42,0.001044,0.1312
4.2,7.5,208.7,540.0,0.41,1.91,0.004,0.2759
5.01,20.0,391.2,831.0,1.0,1.35,0.006806,0.3854
3.36,10.8,53.5,562.0,0.29,2.5,0.001358,0.1596
3.49,8.5,113.3,414.0,0.19,1.34,0.000468,0.1366
4.16,17.2,134.3,632.0,0.26,2.3,0.002905,0.2191
3.25,4.5,371.8,412.0,0.5,1.0,0.000164,0.2116
5.17,21.4,235.0,369.0,0.87,2.66,0.003523,0.3102
5.38,10.6,320.6,253.0,0.59,3.17,0.005226,0.4892
3.57,10.7,328.9,509.0,0.55,1.0,0.000256,0.1507
4.35,16.5,193.5,584.0,0.65,1.67,0.001939,0.1807
3.45,60.7,202.0,390.0,0.56,1.0,0.000444,0.1513
3.65,13.6,159.1,744.0,0.53,1.0,0.00076,0.1001
3.82,24.9,337.3,575.0,0.43,1.0,0.000176,0.1467
3.82,10.1,307.7,476.0,0.36,1.0,0.00077,0.1218
4.06,6.7,250.5,768.0,0.14,1.0,0.001052,0.1642
3.16,13.1,397.5,457.0,0.2,1.0,6.4e-05,0.088
3.06,29.1,45.9,539.0,0.57,1.95,0.000589,0.0552
3.57,21.9,34.6,542.0,0.01,2.88,0.002676,0.1153
5.64,13.4,79.9,154.0,0.04,5.58,0.039352,0.6543
4.01,49.4,21.2,264.0,0.95,3.86,0.007994,0.181
3.45,16.4,47.0,322.0,0.7,3.59,0.001119,0.1396
3.21,57.3,74.0,376.0,0.69,1.24,0.000186,0.0708
3.02,8.8,78.6,371.0,0.95,1.35,0.000979,0.1012
3.08,15.7,20.6,334.0,0.96,3.33,0.001124,0.1078
4.03,12.6,179.6,594.0,0.97,1.54,0.001442,0.1557
3.06,16.0,130.8,792.0,0.96,1.04,0.000441,0.1029
3.3,22.1,362.2,571.0,0.26,1.0,0.000114,0.0957
4.35,21.5,391.8,505.0,0.21,1.24,0.001193,0.2076
3.6,8.7,44.4,397.0,0.82,3.11,0.00419,0.1547
3.06,5.3,327.2,491.0,0.37,1.0,0.000119,0.1057
3.55,9.5,235.4,680.0,0.54,1.0,0.000382,0.1652
3.42,10.3,82.3,669.0,0.39,1.26,0.000457,0.1624
4.1,14.4,256.1,513.0,0.41,1.11,0.000968,0.1835
4.78,19.1,138.3,681.0,0.03,2.68,0.008513,0.3068
3.33,12.4,84.9,833.0,0.29,1.64,0.001146,0.0981
3.43,32.4,177.8,788.0,0.84,1.0,0.000521,0.086
5.05,11.5,370.9,385.0,0.09,2.44,0.005917,0.3946
3.6,4.6,47.0,161.0,0.64,3.61,0.002429,0.1566
4.8,45.9,338.1,525.0,0.54,2.15,0.002912,0.3203
3.29,33.8,140.5,171.0,0.22,1.36,0.000343,0.071
3.6,12.4,79.5,867.0,0.81,1.24,0.001864,0.1546
3.97,33.8,83.2,171.0,0.65,3.1,0.000851,0.1193
3.16,2.0,31.3,520.0,0.62,2.76,0.001786,0.1374
3.23,11.3,207.1,294.0,0.93,1.0,0.000152,0.0735
3.63,3.8,245.4,825.0,0.03,1.0,0.000426,0.1757
3.75,16.7,234.1,699.0,0.35,1.0,0.000733,0.2154
3.89,13.2,136.1,280.0,0.99,2.66,0.002019,0.3147
4.26,14.7,310.6,677.0,0.13,1.0,0.001279,0.2608
3.01,14.9,51.4,660.0,0.79,1.18,0.000986,0.0734
3.33,10.4,230.4,601.0,0.91,1.0,0.000448,0.0896
3.73,13.2,237.0,449.0,0.38,1.0,0.000513,0.0935
3.81,7.4,220.7,554.0,0.84,1.0,0.000574,0.1154
4.26,17.1,160.8,425.0,0.94,2.16,0.004104,0.2434
6.57,16.2,240.9,564.0,0.13,4.65,0.097721,1.3445
3.69,6.2,118.9,653.0,0.65,1.0,0.001955,0.1496
3.2,65.6,125.5,900.0,0.97,1.0,0.000688,0.1541
3.75,5.7,73.7,704.0,0.47,2.3,0.000472,0.1236
4.16,10.1,239.2,676.0,0.27,1.14,0.000696,0.2063
3.36,5.5,205.8,596.0,0.08,1.0,0.000409,0.1043
5.24,2.6,389.7,850.0,0.63,1.32,0.001972,0.7469
3.37,12.7,399.4,253.0,0.27,1.0,0.000153,0.1334
3.49,40.6,233.3,172.0,0.89,1.16,0.000831,0.1122
4.21,40.0,180.9,323.0,0.26,2.48,0.001528,0.2158
3.11,11.8,207.9,530.0,0.07,1.0,0.000307,0.097
6.1,43.0,27.4,331.0,0.83,6.86,0.162137,0.6797
4.43,21.0,179.7,469.0,0.15,2.23,0.002666,0.2621
3.2,12.6,180.8,575.0,0.59,1.0,0.000751,0.1103
3.24,4.9,59.9,371.0,0.35,2.43,0.00102,0.0917
3.03,44.2,377.8,231.0,0.35,1.0,6.1e-05,0.0942
3.45,58.4,374.1,694.0,0.15,1.0,0.000389,0.1584
3.18,26.4,259.3,186.0,0.43,1.0,0.000298,0.0856
3.53,10.8,269.4,533.0,0.53,1.0,0.000528,0.1304
4.37,25.4,398.3,309.0,0.16,1.34,0.001863,0.2264
3.39,20.3,9.4,742.0,0.15,3.11,0.004959,0.131
4.27,12.5,360.4,632.0,0.75,1.0,0.001329,0.1846
3.41,14.3,169.8,729.0,0.35,1.0,0.000943,0.1851
3.08,10.6,8.3,894.0,0.47,3.68,0.005962,0.0447
3.08,31.9,116.5,536.0,0.74,1.31,0.000344,0.0772
3.38,8.0,182.1,672.0,0.45,1.0,0.000659,0.1273
3.35,3.2,170.6,700.0,0.89,1.0,0.000419,0.0779
3.68,24.1,53.3,463.0,0.05,2.28,0.002935,0.226
3.1,17.9,75.9,324.0,0.48,1.35,0.000207,0.1087
3.35,32.7,206.4,165.0,0.88,1.0,0.000232,0.1445
5.76,11.2,42.5,347.0,0.71,6.14,0.120042,0.5611
3.08,19.9,314.6,501.0,0.08,1.0,6.5e-05,0.1249
3.32,41.2,220.0,578.0,0.77,1.0,0.000174,0.1321
4.56,11.0,249.9,466.0,0.1,1.68,0.006272,0.2306
4.33,6.9,266.5,324.0,0.37,2.12,0.002104,0.1463
4.41,9.5,348.5,351.0,0.92,1.66,0.001201,0.3729
3.13,41.2,17.2,470.0,0.37,2.57,0.001061,0.0794
3.36,8.4,328.1,473.0,0.16,1.0,0.000303,0.0972
3.61,16.2,116.8,532.0,0.62,1.41,0.001645,0.0907
3.09,15.3,131.0,656.0,0.06,1.0,0.00032,0.0991
3.83,26.2,11.4,886.0,0.86,2.87,0.0164,0.1748
4.54,17.2,318.5,663.0,0.63,1.0,0.00086,0.2601
3.19,27.9,183.1,448.0,0.75,1.0,0.000154,0.078
4.24,7.9,397.5,162.0,0.45,1.0,0.002194,0.1391
3.48,64.5,28.8,649.0,0.85,2.17,0.000572,0.1362
3.59,300.0,274.6,683.0,0.75,1.0,0.000647,0.1086
4.05,19.9,27.9,477.0,0.74,4.14,0.03049,0.1536
4.67,14.1,344.1,176.0,0.1,2.29,0.000934,0.2521
4.77,5.1,20.0,446.0,0.65,5.8,0.061543,0.2923
3.5,39.4,251.9,247.0,0.56,1.23,0.000865,0.1171
3.58,7.6,350.0,290.0,0.41,1.0,0.000206,0.1739
3.52,35.7,102.5,716.0,0.89,1.0,0.000933,0.0917
3.46,59.9,180.4,233.0,0.14,1.11,0.000647,0.0938
3.38,40.4,360.7,322.0,0.12,1.0,0.000182,0.1203
4.49,61.7,86.0,475.0,0.32,3.28,0.0046,0.411
3.21,6.1,387.2,649.0,0.23,1.0,5.6e-05,0.0685
3.11,4.3,103.1,298.0,0.89,1.29,0.00073,0.1142
3.3,51.9,364.8,324.0,0.42,1.0,8.5e-05,0.1384
3.36,18.6,84.8,657.0,0.07,2.35,0.001104,0.1166
4.05,22.0,394.8,595.0,0.54,1.0,0.001636,0.2272
3.26,8.5,253.8,844.0,0.92,1.0,0.000449,0.1745
3.65,8.2,124.2,752.0,0.57,1.0,0.0014,0.1148
4.61,7.3,210.2,179.0,0.58,3.41,0.004543,0.2787
3.31,4.1,15.9,523.0,0.41,3.95,0.006618,0.0741
3.33,30.3,368.2,283.0,0.14,1.0,0.000158,0.0564
3.02,36.3,61.6,552.0,0.26,1.26,0.0012,0.0989
3.71,24.1,266.5,732.0,0.96,1.0,0.00087,0.216
3.32,32.6,326.1,523.0,0.45,1.0,0.000191,0.1429
3.1,11.9,150.1,391.0,0.43,1.25,0.000306,0.1482
3.74,3.4,112.2,253.0,0.48,2.21,0.00251,0.1626
3.45,8.2,235.7,492.0,0.57,1.0,0.000457,0.1311
3.07,42.1,291.4,803.0,0.35,1.0,0.000278,0.1062
3.46,36.0,222.5,373.0,0.01,1.0,0.00038,0.1267
3.58,10.8,81.8,723.0,0.37,1.61,0.005568,0.1365
5.58,16.6,130.2,207.0,0.52,4.67,0.021034,0.5529
3.96,36.0,112.7,562.0,0.37,2.18,0.003625,0.2318
3.23,17.1,398.9,669.0,0.67,1.0,0.000117,0.0765
3.85,8.2,125.7,315.0,0.24,1.95,0.002355,0.1598
3.52,9.5,352.2,817.0,0.46,1.0,0.000206,0.1175
3.61,20.9,358.6,851.0,0.68,1.0,0.000585,0.0816
3.1,10.1,106.0,455.0,0.25,1.63,0.000453,0.1308
4.54,27.0,393.5,828.0,0.89,1.0,0.000328,0.2026
3.97,12.9,383.6,152.0,0.93,1.12,0.000628,0.2063
3.14,22.2,321.8,597.0,0.3,1.0,0.000163,0.0794
4.29,10.4,282.2,420.0,0.54,1.7,0.001308,0.3184
3.04,18.8,120.3,575.0,0.94,1.33,0.000449,0.1623
4.14,23.8,124.7,422.0,0.9,2.16,0.002387,0.1362
3.94,26.8,307.7,747.0,0.43,1.0,0.000327,0.2232
4.03,30.6,352.0,585.0,0.92,1.0,0.000568,0.3355
3.12,97.5,369.2,215.0,0.92,1.0,0.000143,0.091
5.13,24.7,342.7,640.0,0.03,1.93,0.002976,0.4741
3.7,14.3,282.5,687.0,0.36,1.0,0.000947,0.1568
4.42,20.4,121.2,589.0,0.66,3.4,0.00599,0.2265
4.64,4.1,202.8,838.0,0.18,1.53,0.002977,0.2575
3.52,12.2,376.2,294.0,0.99,1.0,0.000368,0.1588
3.05,9.4,374.2,482.0,0.72,1.0,6.9e-05,0.074
3.76,37.3,93.0,613.0,0.45,2.08,0.001441,0.1095
4.29,19.3,386.4,666.0,0.18,1.0,0.000625,0.2869
4.45,50.4,379.2,710.0,0.25,1.47,0.001297,0.3371
3.6,21.8,179.0,828.0,0.0,1.0,0.000583,0.1237
4.83,10.1,364.1,376.0,0.96,2.33,0.006034,0.3202
3.4,19.5,372.8,731.0,0.66,1.0,0.000101,0.1325
3.27,8.9,275.1,285.0,0.92,1.0,0.000621,0.141
3.87,22.5,380.5,268.0,0.71,1.0,0.000252,0.2119
3.47,25.4,239.7,554.0,0.96,1.0,0.000204,0.1393
3.59,14.1,96.8,289.0,0.53,2.55,0.000885,0.132
5.11,10.5,132.6,753.0,0.06,3.6,0.018241,0.5041
3.41,7.3,321.0,552.0,0.76,1.0,0.000209,0.1387
6.1,25.6,233.9,376.0,0.11,3.7,0.013614,0.7223
3.13,6.9,290.4,255.0,0.17,1.0,4.1e-05,0.1139
3.32,41.9,182.0,869.0,0.77,1.0,0.000754,0.0932
3.11,41.2,396.8,263.0,0.03,1.0,8.9e-05,0.0681
3.12,18.1,54.5,654.0,0.32,2.01,0.003212,0.0902
3.67,26.3,145.3,577.0,0.94,1.0,0.000674,0.102
3.54,46.7,5.7,573.0,0.1,2.68,0.003249,0.1661
4.85,25.5,242.9,191.0,0.28,3.31,0.002681,0.212
3.19,15.8,159.7,180.0,0.41,1.06,0.000512,0.1301
3.26,11.3,204.6,443.0,0.46,1.0,0.000121,0.0902
3.68,17.5,318.9,386.0,0.18,1.0,0.000452,0.1347
4.23,20.0,106.5,266.0,0.84,3.11,0.006061,0.3417
3.1,17.4,363.4,308.0,0.13,1.0,0.000177,0.0834
4.16,26.0,116.7,312.0,0.84,2.93,0.002994,0.1637
4.8,3.8,237.9,821.0,0.96,1.56,0.003698,0.4199
3.72,6.5,117.0,433.0,0.7,2.09,0.001425,0.0823
4.27,6.6,62.8,847.0,0.66,2.22,0.004827,0.3622
6.51,18.0,17.2,550.0,0.82,7.63,1.302394,1.1835
4.36,9.4,54.4,560.0,0.32,3.8,0.004788,0.2901
3.14,10.7,139.2,749.0,0.77,1.0,0.000473,0.0896
3.25,49.1,26.6,739.0,0.04,1.31,0.000584,0.1062
3.73,85.5,324.0,399.0,0.84,1.0,0.000179,0.2341
3.66,17.7,24.5,195.0,0.38,4.25,0.004194,0.1528
3.6,9.2,216.2,158.0,0.84,1.31,0.000361,0.1558
3.72,8.0,144.1,699.0,0.25,1.0,0.000668,0.1291
3.88,18.1,373.9,596.0,0.65,1.0,0.000618,0.1717
4.05,4.0,367.0,376.0,0.48,1.1,0.000601,0.1281
4.25,21.8,40.3,232.0,0.71,4.53,0.007535,0.2503
3.46,7.1,290.2,831.0,0.3,1.0,0.000185,0.0829
3.55,58.5,237.7,283.0,0.86,1.09,0.000248,0.1726
5.49,10.0,272.2,724.0,0.61,2.69,0.005155,0.5272
3.36,13.9,111.0,401.0,0.17,1.45,0.000292,0.1057
4.81,7.3,69.6,577.0,0.92,3.53,0.007862,0.5113
3.23,34.1,50.6,771.0,0.27,1.38,0.001126,0.113
3.33,5.4,290.7,345.0,0.79,1.0,0.000373,0.1166
3.24,16.9,260.5,538.0,0.21,1.0,0.000138,0.1139
3.24,12.1,242.1,346.0,0.03,1.0,0.000148,0.1071
3.11,15.8,103.1,374.0,0.47,1.5,0.000191,0.1776
3.18,15.3,351.6,611.0,0.89,1.0,0.000314,0.0795
3.19,15.6,52.6,807.0,0.14,1.3,0.000903,0.1687
3.35,22.5,253.0,492.0,0.63,1.0,0.00039,0.0943
3.11,18.0,279.1,348.0,0.72,1.0,0.000106,0.0788
4.16,17.1,11.0,519.0,0.23,5.4,0.020068,0.1677
4.29,9.9,224.0,655.0,0.44,1.04,0.00104,0.1623
3.16,7.1,56.3,443.0,0.44,2.51,0.001259,0.0733
5.26,7.8,245.8,829.0,0.0,1.84,0.007363,0.4221
3.37,8.5,310.4,349.0,0.33,1.0,0.000554,0.1105
3.43,3.6,236.4,313.0,0.59,1.4,0.000351,0.1554
3.96,13.2,303.9,214.0,0.66,1.53,0.000278,0.1993
3.12,11.1,381.3,899.0,0.61,1.0,0.000289,0.1095
3.28,12.6,284.7,511.0,0.54,1.0,0.000263,0.0965
3.44,22.2,162.7,810.0,0.7,1.0,0.000837,0.0781
3.67,29.2,179.8,715.0,0.76,1.0,0.000492,0.1114
3.15,9.9,367.9,563.0,0.98,1.0,0.000296,0.0674
4.33,10.3,299.0,421.0,0.76,1.52,0.00724,0.2508
3.48,9.8,67.9,877.0,0.54,1.6,0.001405,0.1591
3.82,40.6,231.0,379.0,0.29,1.0,0.000406,0.1619
3.81,13.2,160.0,245.0,0.68,1.97,0.004142,0.1304
4.81,6.1,71.0,462.0,0.46,4.43,0.009825,0.3751
3.02,9.4,63.0,446.0,0.76,1.41,0.000262,0.0507
3.12,39.3,256.4,781.0,0.27,1.0,7.6e-05,0.0751
3.13,24.1,228.1,662.0,0.08,1.0,0.000248,0.1039
5.15,17.1,253.8,392.0,0.43,2.74,0.011523,0.4895
3.19,19.7,358.6,550.0,0.03,1.0,0.000164,0.117
3.25,5.7,305.4,379.0,0.58,1.0,0.000257,0.1526
3.44,9.5,355.9,757.0,0.63,1.0,0.000348,0.0958
3.41,57.8,155.4,517.0,0.08,1.13,0.00081,0.1065
3.3,8.5,306.9,572.0,0.67,1.0,0.000223,0.0972
3.34,15.5,375.7,681.0,0.71,1.0,0.000328,0.0906
3.06,30.7,122.0,797.0,0.47,1.0,0.00028,0.0659
3.18,8.1,12.3,443.0,0.05,3.69,0.004355,0.0899
3.01,22.7,50.7,182.0,0.85,3.03,0.000198,0.1022
3.76,2.8,57.5,442.0,0.27,3.67,0.00345,0.1778
3.29,11.2,159.9,246.0,0.89,1.53,0.000556,0.1461
3.07,7.2,370.1,589.0,0.16,1.0,8.6e-05,0.1197
4.19,6.7,172.1,680.0,0.75,1.57,0.003072,0.1903
3.87,7.9,67.3,799.0,0.54,1.56,0.003217,0.1571
3.67,10.6,340.2,349.0,0.96,1.0,0.00042,0.132
3.14,2.1,21.1,484.0,0.41,3.53,0.002129,0.1143
3.47,29.0,67.9,746.0,0.25,1.37,0.003015,0.131
3.09,7.4,333.4,323.0,0.17,1.0,0.00034,0.0995
3.52,55.9,254.8,748.0,0.23,1.0,0.000205,0.0863
4.03,19.8,37.4,886.0,0.87,2.6,0.005819,0.1981
3.22,19.3,136.4,340.0,0.11,1.22,0.000119,0.1091
5.67,41.6,126.4,862.0,0.81,3.73,0.041036,0.6502
3.14,12.3,241.8,188.0,0.91,1.0,0.000103,0.0698
3.85,32.4,52.0,791.0,0.79,2.62,0.003804,0.2012
3.45,5.6,73.2,476.0,0.09,1.85,0.001549,0.1165
4.07,29.1,333.5,225.0,0.25,1.13,0.002852,0.1794
3.63,7.5,215.0,803.0,0.48,1.0,0.000425,0.1892
3.73,22.2,32.2,230.0,0.09,4.2,0.005266,0.1614
3.76,32.5,69.4,682.0,0.56,1.96,0.00221,0.1897
3.35,23.9,82.9,232.0,0.25,2.35,0.002827,0.1501
3.73,9.5,346.7,759.0,0.95,1.0,0.000193,0.1067
4.32,31.1,47.2,874.0,0.65,2.61,0.0079,0.3312
3.05,7.6,307.6,589.0,0.22,1.0,8.6e-05,0.0772
3.12,22.0,57.3,793.0,0.44,1.06,0.000893,0.1078
3.67,15.6,95.0,313.0,0.91,2.97,0.001591,0.2635
3.04,31.6,115.9,777.0,0.67,1.0,0.00027,0.112
3.42,38.0,152.2,317.0,0.62,1.75,0.000562,0.1116
3.62,15.6,145.6,377.0,0.57,1.63,0.000855,0.1546
3.01,8.1,342.6,523.0,0.65,1.0,0.000191,0.0852
3.24,8.3,235.4,898.0,0.23,1.0,0.000145,0.1107
3.75,11.0,244.7,469.0,0.86,1.0,0.001231,0.0963
3.88,11.6,269.5,541.0,0.5,1.0,0.000163,0.227
3.3,12.7,85.2,739.0,0.4,1.3,0.000712,0.0839
4.44,13.8,170.3,818.0,0.21,1.05,0.004298,0.2869
3.95,8.8,348.7,647.0,0.1,1.0,0.000309,0.2547
3.38,7.3,203.2,306.0,0.71,1.05,0.00029,0.1168
3.09,3.0,257.2,646.0,0.61,1.0,0.000213,0.0952
3.01,10.2,355.5,260.0,0.78,1.0,0.000176,0.0578
3.28,47.6,144.1,535.0,0.28,1.0,0.000135,0.0653
4.11,5.6,62.2,541.0,0.11,3.03,0.00398,0.1572
4.29,13.3,306.8,236.0,0.91,2.15,0.00209,0.3024
3.48,8.7,100.0,207.0,0.01,2.37,0.003719,0.1286
3.85,4.7,374.2,188.0,0.67,1.0,0.000362,0.2451
3.39,15.7,269.6,453.0,0.83,1.0,0.000846,0.1465
3.3,13.3,224.1,584.0,0.24,1.0,0.000387,0.1477
3.78,22.6,229.0,382.0,0.67,1.42,0.000483,0.1647
3.7,59.0,88.6,569.0,0.67,1.61,0.000817,0.1607
3.41,5.6,342.9,626.0,0.56,1.0,0.000335,0.0903
5.49,238.3,214.5,860.0,0.44,1.92,0.017231,0.5614
3.22,26.9,81.1,344.0,0.62,2.01,0.000601,0.0768
4.3,22.1,117.0,822.0,0.74,2.28,0.002813,0.1797
4.37,29.8,127.7,582.0,0.13,2.37,0.005035,0.1923
3.93,19.2,302.3,254.0,0.93,1.27,0.00198,0.1604
3.61,42.6,110.9,285.0,0.1,1.92,0.001374,0.1744
3.88,7.7,127.2,560.0,0.59,1.25,0.001345,0.2045
3.24,4.8,197.2,298.0,0.76,1.06,0.000319,0.1978
3.3,6.4,361.7,534.0,0.56,1.0,0.000172,0.1049
5.06,15.3,304.1,673.0,0.45,2.06,0.002003,0.3709
3.33,17.9,20.8,613.0,0.31,2.86,0.003928,0.219
3.05,10.8,153.3,831.0,0.72,1.0,0.000448,0.1396
3.95,47.0,235.1,624.0,0.06,1.0,0.000662,0.1702
3.42,30.2,196.6,561.0,0.19,1.0,0.001354,0.1397
4.47,27.5,363.2,728.0,0.39,1.0,0.000956,0.2976
3.02,27.6,386.2,384.0,0.47,1.0,0.000152,0.0999
3.04,21.7,64.2,464.0,0.57,1.79,0.001176,0.067
3.53,71.7,347.9,750.0,0.62,1.0,0.000279,0.1329
3.9,6.8,56.6,492.0,0.08,3.21,0.003135,0.1313
3.39,51.2,136.4,572.0,0.53,1.0,0.000144,0.1042
7.26,38.4,310.4,427.0,0.75,5.25,0.134447,1.2054
4.63,3.8,57.5,425.0,0.79,3.96,0.018766,0.2822
3.04,12.9,30.6,477.0,0.03,2.77,0.002538,0.0987
3.28,16.9,52.2,333.0,0.45,2.65,0.001816,0.095
3.35,46.0,359.6,434.0,0.22,1.0,0.000107,0.1418
4.49,17.3,349.5,683.0,0.61,1.31,0.000986,0.2036
3.01,17.4,98.3,705.0,0.98,1.0,0.000305,0.0637
3.0,11.7,393.8,397.0,0.86,1.0,0.000139,0.1311
3.37,14.5,36.4,456.0,0.6,3.04,0.010321,0.0953
4.69,45.7,331.0,830.0,0.46,1.0,0.001341,0.2316
4.59,12.5,128.2,209.0,0.67,3.56,0.006192,0.2673
4.33,7.9,329.7,181.0,0.4,1.73,0.001812,0.1756
6.0,12.8,52.7,160.0,0.91,6.42,0.064353,0.5474
3.42,13.7,33.9,721.0,0.34,2.51,0.002216,0.1234
4.46,4.5,190.3,899.0,0.77,1.0,0.004791,0.2402
3.96,9.2,343.6,588.0,0.85,1.0,0.000428,0.219
5.43,16.8,140.7,359.0,0.9,3.76,0.02133,0.5384
3.29,21.5,109.6,567.0,0.92,1.0,0.000599,0.139
3.38,14.9,217.5,813.0,0.19,1.0,0.000368,0.1098
3.11,32.7,163.6,828.0,0.01,1.0,0.000248,0.0855
3.14,7.6,10.0,393.0,0.3,4.15,0.003719,0.1371
3.26,19.7,161.8,833.0,0.54,1.0,0.000603,0.0834
4.3,18.1,297.4,324.0,0.61,1.94,0.00172,0.107
3.92,2.4,26.0,359.0,0.91,4.23,0.008266,0.1274
3.26,31.7,390.9,220.0,0.36,1.0,9.8e-05,0.1083
4.0,20.5,176.0,773.0,0.08,1.0,0.000522,0.2197
3.53,18.9,335.7,288.0,0.29,1.0,0.000245,0.2031
3.46,27.5,396.4,394.0,0.4,1.0,0.000217,0.1023
7.36,5.8,316.6,657.0,0.2,4.7,0.068195,1.41
3.57,4.4,237.4,555.0,0.63,1.0,0.000606,0.1011
3.15,4.8,200.3,831.0,0.36,1.0,0.000474,0.0685
3.86,8.2,43.3,728.0,0.29,3.02,0.005396,0.2242
6.38,41.0,350.4,478.0,0.28,4.22,0.088267,0.8174
7.74,28.6,227.1,740.0,0.48,5.45,0.780436,1.4365
3.31,15.6,291.6,640.0,0.35,1.0,0.000221,0.0884
4.34,10.1,240.0,567.0,0.76,1.59,0.000876,0.229
3.78,28.2,17.5,639.0,0.29,2.8,0.003081,0.1402
3.43,4.3,70.3,587.0,0.42,1.74,0.001263,0.1072
3.86,38.8,53.7,618.0,0.99,2.62,0.00172,0.1414
3.13,10.4,219.5,745.0,0.7,1.0,0.000336,0.1453
4.66,23.4,181.0,738.0,0.33,1.81,0.004579,0.3167
3.07,14.6,381.9,280.0,0.32,1.0,0.000196,0.106
3.35,6.4,124.3,365.0,0.43,1.55,0.000504,0.1455
3.45,25.9,131.7,689.0,0.41,1.0,0.001526,0.1261
3.87,90.4,74.2,480.0,0.62,1.78,0.004625,0.1521
3.2,18.1,235.7,392.0,0.44,1.0,0.000294,0.1624
3.62,14.2,55.1,847.0,0.56,2.1,0.001008,0.0998
3.44,8.4,61.5,334.0,0.53,2.95,0.002682,0.1536
3.45,14.6,64.0,854.0,0.93,1.94,0.002427,0.1572
3.42,35.1,136.5,782.0,0.75,1.0,0.001307,0.1237
3.34,4.1,340.9,633.0,0.9,1.0,9.6e-05,0.1033
4.72,22.0,377.7,755.0,0.28,1.0,0.003483,0.3068
5.71,5.9,195.4,512.0,0.66,4.03,0.005684,0.4116
3.74,25.9,97.4,545.0,0.67,2.05,0.002969,0.1497
3.19,40.7,312.5,401.0,0.14,1.0,0.000375,0.1149
3.45,12.4,35.4,448.0,0.71,2.65,0.007549,0.1623
3.26,5.2,160.4,799.0,0.69,1.0,0.000535,0.0683
4.57,11.7,298.4,158.0,0.86,2.75,0.002517,0.1205
3.3,32.1,47.7,567.0,0.42,2.09,0.000994,0.1034
5.42,10.6,35.3,732.0,0.51,4.79,0.02731,0.6929
4.05,11.0,274.8,838.0,0.5,1.0,0.000348,0.1868
3.29,10.7,92.1,151.0,0.49,2.06,0.00026,0.1053
4.08,36.1,279.8,463.0,0.66,1.0,0.000691,0.1143
3.62,18.7,146.1,411.0,0.22,1.61,0.001501,0.162
3.06,18.7,269.2,770.0,0.8,1.0,0.000156,0.0793
3.52,5.4,310.2,774.0,0.22,1.0,0.000635,0.0845
4.51,55.8,147.0,595.0,0.44,2.84,0.002024,0.3944
3.45,36.5,182.9,802.0,0.53,1.0,0.000461,0.1547
4.47,6.0,264.8,488.0,0.28,2.15,0.00231,0.2802
3.02,3.7,259.2,556.0,0.54,1.0,0.000266,0.0682
4.35,15.9,225.8,539.0,0.83,1.64,0.000589,0.2656
3.17,12.8,186.4,411.0,0.61,1.0,0.00037,0.1148
3.83,28.0,157.4,415.0,0.03,1.84,0.001261,0.1408
3.8,14.9,83.1,795.0,0.82,1.98,0.001519,0.1377
4.85,54.4,361.2,365.0,0.46,1.85,0.005108,0.2888
3.09,42.2,264.7,393.0,0.67,1.0,0.000134,0.1652
3.23,16.0,139.1,333.0,0.42,1.26,0.001277,0.1037
3.03,14.8,350.1,258.0,0.28,1.0,0.000239,0.0981
3.06,47.6,166.5,897.0,0.63,1.0,0.00045,0.073
4.25,18.2,339.4,841.0,0.66,1.0,0.001348,0.2693
3.1,16.9,74.2,865.0,0.94,1.17,0.00017,0.1292
3.15,24.0,271.0,502.0,0.33,1.0,0.000316,0.1389
3.42,24.8,11.6,811.0,0.1,2.68,0.009298,0.0837
5.22,51.6,334.0,711.0,0.25,2.06,0.012501,0.5372
3.05,4.3,345.7,151.0,0.98,1.0,0.000121,0.0907
3.32,9.5,396.1,565.0,0.38,1.0,0.000152,0.1288
3.3,8.3,394.9,617.0,0.34,1.0,0.000141,0.1259
3.33,75.6,102.3,416.0,0.65,1.4,0.000311,0.094
4.14,26.6,126.8,242.0,0.9,3.17,0.002586,0.237
5.34,17.0,26.2,879.0,0.69,5.36,0.029325,0.4567
3.2,37.0,221.3,771.0,0.0,1.0,0.000246,0.1294
4.06,2.6,379.3,273.0,0.61,1.19,0.000336,0.2219
4.2,13.1,324.9,859.0,0.11,1.0,0.001293,0.3143
3.34,11.9,369.9,817.0,0.02,1.0,8.4e-05,0.0923
3.49,3.7,38.1,485.0,0.04,2.85,0.007904,0.1054
3.74,14.5,125.8,467.0,0.36,1.39,0.004432,0.2101
3.08,7.4,326.3,413.0,0.05,1.0,0.000167,0.0921
4.53,8.6,312.8,872.0,0.11,1.0,0.002508,0.1791
3.31,30.5,174.3,662.0,0.78,1.0,0.00058,0.1301
4.35,37.8,56.0,413.0,0.63,4.19,0.008206,0.2926
3.67,18.3,25.6,705.0,0.15,3.65,0.003489,0.1188
3.12,23.5,358.2,322.0,0.07,1.0,0.000178,0.0891
3.64,9.0,247.7,772.0,0.91,1.0,0.000827,0.0958
3.44,31.3,390.5,538.0,0.34,1.0,0.000205,0.1166
3.57,24.3,101.7,746.0,0.37,1.46,0.001049,0.1603
5.86,9.3,188.4,776.0,0.93,3.87,0.022621,0.5001
3.2,5.8,153.7,879.0,0.64,1.0,0.000114,0.0797
5.21,30.7,110.3,477.0,0.78,3.78,0.009898,0.5368
3.38,11.0,19.1,280.0,0.86,3.9,0.011135,0.0811
4.65,14.5,43.3,382.0,0.05,3.74,0.025389,0.2671
4.71,34.3,298.0,865.0,0.93,1.0,0.000718,0.3371
4.5,15.2,66.0,698.0,0.26,2.95,0.005038,0.2415
3.11,68.3,298.0,649.0,0.33,1.0,0.000166,0.0817
5.04,14.5,34.2,574.0,0.43,4.98,0.052624,0.3322
3.17,2.0,290.5,596.0,0.08,1.0,0.000295,0.1783
5.11,35.7,195.6,849.0,0.59,2.68,0.002297,0.3205
7.21,13.3,96.6,487.0,0.82,7.44,0.917148,1.8725
4.15,4.3,65.5,170.0,0.76,4.17,0.00708,0.1718
3.68,16.8,56.0,333.0,0.38,3.09,0.001824,0.1346
3.43,13.2,316.0,739.0,0.46,1.0,0.000237,0.0935
4.54,12.4,46.6,159.0,0.17,5.16,0.017469,0.3476
3.33,75.7,148.4,708.0,0.42,1.0,0.000915,0.1524
4.34,4.7,369.0,899.0,0.71,1.0,0.001367,0.1799
3.18,10.6,60.4,576.0,0.67,1.7,0.000313,0.0993
3.37,6.7,257.5,307.0,0.71,1.23,0.00033,0.1083
4.03,5.8,130.2,230.0,0.28,2.11,0.00227,0.1799
3.83,19.2,83.1,162.0,0.79,3.19,0.001899,0.1637
3.66,27.5,395.9,885.0,0.62,1.0,0.000101,0.1332
3.21,31.0,359.6,675.0,0.16,1.0,0.000264,0.1186
3.22,17.3,80.8,699.0,0.5,1.1,0.000592,0.0906
3.13,4.0,365.5,279.0,0.63,1.0,7e-05,0.1024
3.76,17.0,128.9,326.0,0.85,2.2,0.001265,0.1868
3.28,18.3,345.4,809.0,0.97,1.0,7.9e-05,0.1401
3.66,5.5,145.5,794.0,0.82,1.0,0.000998,0.1721
3.77,15.8,56.8,639.0,0.33,2.86,0.004092,0.1668
3.22,54.1,372.3,221.0,0.75,1.0,5.1e-05,0.1026
3.2,38.9,124.2,754.0,0.07,1.0,0.000816,0.1077
3.76,13.8,352.8,728.0,0.59,1.0,0.000506,0.1296
3.09,12.6,396.0,565.0,0.09,1.0,0.000171,0.0943
3.28,15.3,311.4,167.0,0.93,1.29,8.3e-05,0.1104
3.48,12.0,162.5,471.0,0.27,1.44,0.00096,0.138
4.35,31.2,45.1,552.0,0.92,3.65,0.003407,0.2918
3.16,5.3,181.1,747.0,0.02,1.0,0.000284,0.0906
3.13,14.4,325.8,370.0,0.93,1.0,0.000162,0.0521
3.64,18.0,174.8,512.0,0.85,1.0,0.000281,0.1543
3.39,7.6,238.3,674.0,0.13,1.0,3.4e-05,0.0919
3.18,38.6,166.8,594.0,0.3,1.0,0.000424,0.0796
3.36,22.7,9.5,351.0,0.29,4.32,0.005624,0.1491
3.54,39.3,141.0,535.0,0.99,1.0,0.000995,0.1426
4.28,23.3,276.2,668.0,0.76,1.09,0.003229,0.2394
3.83,8.5,33.4,238.0,0.27,4.37,0.010882,0.1127
3.52,8.9,95.6,441.0,0.07,1.99,0.001627,0.0813
4.39,40.1,309.3,453.0,0.89,1.55,0.000715,0.1428
3.02,10.4,229.2,420.0,0.98,1.0,0.000211,0.0922
3.75,43.1,366.3,462.0,0.06,1.0,0.000182,0.1651
3.11,26.5,81.6,526.0,0.63,1.81,0.000327,0.1081
3.04,13.0,136.1,423.0,0.32,1.0,0.000452,0.046
3.34,17.5,329.9,657.0,0.54,1.0,0.000152,0.0973
5.69,31.9,252.2,306.0,0.09,3.88,0.008934,0.8202
3.68,16.9,280.5,325.0,0.41,1.0,0.000635,0.1182
4.39,11.1,49.3,732.0,0.35,2.79,0.008278,0.2365
4.59,41.0,371.9,356.0,0.83,1.54,0.000659,0.3425
3.14,21.3,195.8,583.0,0.89,1.0,0.000186,0.0839
4.33,31.7,308.5,480.0,0.85,1.32,0.001055,0.1638
4.15,14.1,243.7,620.0,0.84,1.17,0.000498,0.1756
8.48,20.7,392.1,835.0,0.75,5.54,1.002734,3.6169
3.74,9.9,139.3,630.0,0.35,1.0,0.005969,0.2161
3.04,8.3,32.0,194.0,0.48,3.17,0.00102,0.113
4.42,10.1,199.5,270.0,0.17,2.12,0.000782,0.1845
5.11,6.1,227.6,325.0,0.64,2.99,0.005113,0.445
4.28,22.7,231.3,665.0,0.94,1.27,0.000912,0.3731
3.46,18.6,18.2,308.0,0.84,3.81,0.004624,0.0904
3.32,46.6,37.6,273.0,0.61,3.19,0.001865,0.0968
4.53,29.0,18.8,446.0,0.54,4.93,0.009347,0.4001
3.07,6.7,194.4,452.0,0.02,1.0,0.000273,0.1499
3.15,19.0,208.0,871.0,0.38,1.0,0.000112,0.0533
4.4,25.5,273.2,221.0,0.36,2.27,0.001436,0.2274
3.08,2.1,111.4,769.0,0.71,1.0,0.000128,0.1037
3.63,12.3,351.5,488.0,0.12,1.0,0.000423,0.1728
3.11,14.9,244.7,725.0,0.59,1.0,0.000237,0.1165
3.16,12.5,34.1,207.0,0.12,2.83,0.000477,0.1051
3.32,54.0,397.7,414.0,0.91,1.0,0.000234,0.0683
3.05,12.3,343.4,779.0,0.99,1.0,0.00012,0.1195
4.3,36.8,256.4,728.0,0.63,1.37,0.000961,0.2798
3.69,7.8,63.6,617.0,0.65,2.01,0.002141,0.2474
4.16,18.8,305.1,705.0,0.17,1.0,0.000762,0.254
3.22,14.6,28.1,513.0,0.44,2.99,0.001447,0.0887
3.41,45.7,241.9,892.0,0.8,1.0,8.2e-05,0.1429
3.27,11.0,22.8,186.0,0.82,4.22,0.001438,0.0892
3.55,5.7,128.6,831.0,0.1,1.0,0.001017,0.135
6.28,71.9,253.2,482.0,0.68,3.73,0.021789,0.8821
3.33,4.3,35.3,883.0,0.01,2.29,0.002506,0.1687
3.62,21.0,290.0,226.0,0.72,1.47,0.00043,0.1307
3.96,10.0,290.7,440.0,0.65,1.0,0.000509,0.2853
4.52,16.2,24.1,449.0,0.4,5.72,0.020603,0.3071
3.11,25.2,98.4,409.0,0.03,1.29,0.000387,0.0932
3.96,2.9,154.0,432.0,0.53,2.11,0.001309,0.2097
3.26,31.0,138.5,728.0,0.92,1.0,0.000562,0.1406
3.41,14.7,311.5,469.0,0.43,1.0,0.000378,0.1045
3.47,35.3,307.1,445.0,0.04,1.0,0.000713,0.126
3.16,13.8,35.6,734.0,0.6,1.86,0.001804,0.1041
4.48,52.6,332.3,629.0,0.16,1.0,0.001527,0.3821
3.12,21.8,41.7,296.0,0.96,2.76,0.003111,0.0634
3.28,9.3,78.7,415.0,0.28,1.62,0.000707,0.1363
3.48,24.0,243.9,830.0,0.31,1.0,0.00146,0.1002
3.4,24.0,366.3,353.0,0.39,1.0,0.00029,0.0989
3.29,14.6,345.5,850.0,0.36,1.0,0.000252,0.0847
3.49,7.3,53.4,561.0,0.4,2.59,0.001061,0.1596
3.03,7.1,367.6,470.0,0.85,1.0,8.4e-05,0.1122
4.02,8.6,337.1,208.0,0.58,1.0,0.001299,0.1208
4.92,9.4,40.4,251.0,0.15,5.33,0.020303,0.2842
3.56,9.8,271.8,414.0,0.72,1.0,0.000147,0.1018
4.2,7.3,122.1,731.0,0.91,1.88,0.00198,0.1483
3.88,10.5,320.9,777.0,0.23,1.0,0.000671,0.1715
4.36,8.4,218.8,638.0,0.28,1.66,0.000928,0.2135
3.66,49.8,353.5,151.0,0.79,1.09,0.00073,0.1449
6.12,7.6,224.0,896.0,0.36,3.54,0.026348,0.2793
7.25,14.8,107.5,362.0,0.85,6.31,0.460207,1.5553
3.67,6.1,263.1,256.0,0.06,1.52,0.000406,0.1185
3.02,46.3,184.8,494.0,0.37,1.0,0.000152,0.1214
3.08,14.6,84.1,494.0,0.37,1.54,0.000741,0.0693
3.5,36.0,223.8,403.0,0.09,1.0,0.000185,0.1388
5.34,6.4,72.5,234.0,0.81,5.44,0.026071,0.4741
3.46,12.8,149.7,839.0,0.69,1.0,0.000424,0.0979
5.7,6.1,256.8,816.0,0.03,3.3,0.010277,0.8898
4.64,51.5,149.4,611.0,0.49,2.27,0.00187,0.3709
3.59,95.9,198.0,312.0,0.91,1.16,0.00037,0.1847
4.47,14.1,213.6,341.0,0.21,2.41,0.005321,0.1391
4.24,27.4,355.8,666.0,0.73,1.0,0.000346,0.2021
4.05,15.5,159.1,660.0,0.4,1.61,0.002601,0.2927
3.23,56.3,386.2,398.0,0.77,1.0,0.000107,0.1442
3.29,12.5,183.9,457.0,0.26,1.0,0.001063,0.0817
3.18,21.5,123.6,289.0,0.52,1.44,0.000223,0.0923
4.76,8.2,306.8,505.0,0.67,1.84,0.001224,0.3301
4.21,13.2,182.2,864.0,0.29,1.4,0.003757,0.2456
3.02,14.5,118.2,176.0,0.37,1.12,0.000186,0.1026
3.7,34.4,67.6,225.0,0.98,3.19,0.002052,0.0968
3.75,21.8,55.1,662.0,0.45,2.38,0.002603,0.2373
3.94,10.9,321.3,207.0,0.46,1.52,0.000814,0.105
4.52,24.7,64.2,230.0,0.21,4.25,0.010906,0.2822
3.14,21.5,162.8,873.0,0.39,1.0,0.001095,0.1269
5.01,8.7,224.4,368.0,0.38,3.01,0.005271,0.3319
3.48,12.1,304.0,820.0,0.34,1.0,0.000521,0.1661
3.43,27.9,311.7,253.0,0.09,1.0,0.000341,0.1171
3.08,12.0,396.1,273.0,0.57,1.0,3.4e-05,0.1091
3.14,10.0,64.8,603.0,0.01,1.21,0.001853,0.1087
6.08,46.2,101.4,889.0,0.68,4.68,0.059706,0.7942
4.41,16.1,59.9,341.0,0.79,4.12,0.02386,0.1836
4.04,15.6,43.4,177.0,0.1,3.99,0.003452,0.2031
3.32,65.0,31.1,739.0,0.89,1.26,0.000399,0.1142
4.43,10.2,80.0,153.0,0.04,3.98,0.015152,0.1953
4.25,20.3,64.5,611.0,0.06,3.24,0.003787,0.1632
3.01,5.9,175.3,639.0,0.72,1.0,0.000161,0.0945
3.32,29.7,233.8,852.0,0.08,1.0,0.00058,0.0983
3.9,6.5,153.6,876.0,0.12,1.19,0.000562,0.2187
4.11,4.9,19.8,176.0,0.02,5.43,0.011029,0.1877
5.97,17.7,372.2,306.0,0.86,3.41,0.018587,0.6203
3.36,18.4,27.4,494.0,0.82,3.03,0.002042,0.0844
4.98,70.9,60.9,262.0,0.13,4.12,0.024726,0.2418
4.38,20.6,87.2,604.0,0.01,2.36,0.008374,0.2153
3.14,12.1,93.4,899.0,0.09,1.0,0.001082,0.09
4.99,12.6,95.4,288.0,0.85,3.96,0.007596,0.3101
3.94,11.3,373.2,235.0,0.76,1.29,0.000315,0.2122
3.11,25.3,122.1,175.0,0.65,1.4,0.000488,0.0752
3.45,10.5,358.6,830.0,0.22,1.0,0.000569,0.0882
3.28,10.1,88.6,167.0,0.37,2.12,0.000485,0.0891
3.99,12.3,204.8,610.0,1.0,1.0,0.001264,0.2508
3.74,32.6,371.4,152.0,0.93,1.01,0.000162,0.1988
4.28,11.6,48.7,807.0,0.52,3.5,0.010463,0.1486
4.67,19.7,189.0,752.0,0.78,1.83,0.009296,0.1896
3.23,3.5,165.4,790.0,0.56,1.0,0.000311,0.0964
4.44,19.2,110.3,409.0,0.87,2.88,0.003251,0.2025
4.21,28.8,228.4,308.0,0.55,2.41,0.001622,0.1967
3.36,7.0,344.7,319.0,0.13,1.0,0.000222,0.0795
3.35,4.5,271.7,644.0,0.99,1.0,0.000343,0.1061
4.53,48.8,388.0,716.0,0.79,1.0,0.004121,0.2677
4.24,27.2,81.9,758.0,0.18,1.98,0.001931,0.2495
4.03,4.9,107.5,731.0,0.15,2.02,0.00592,0.0636
3.21,13.7,182.7,543.0,0.08,1.0,0.000447,0.0787
3.35,18.3,252.7,418.0,0.56,1.0,0.000274,0.1352
5.1,39.8,78.1,673.0,0.84,3.91,0.01271,0.5161
3.9,39.4,190.0,675.0,0.99,1.0,0.000409,0.1489
3.78,32.6,357.5,828.0,0.83,1.0,0.000713,0.1668
3.57,52.3,151.8,817.0,0.82,1.0,0.001085,0.092
3.44,13.3,26.2,221.0,0.26,4.31,0.004379,0.1316
3.77,18.0,296.2,476.0,0.53,1.0,0.000848,0.1678
4.83,11.2,383.0,542.0,0.6,1.34,0.00289,0.3728
3.6,30.2,318.8,491.0,0.16,1.0,0.001013,0.1465
3.09,104.5,281.7,506.0,0.8,1.0,0.000319,0.0841
7.06,20.6,52.8,874.0,0.3,6.26,4.555406,2.3605
3.06,11.0,66.9,320.0,0.44,2.11,0.000886,0.0877
3.06,4.5,316.4,770.0,0.21,1.0,0.000183,0.1185
5.64,42.6,213.0,246.0,0.43,4.6,0.010974,0.8649
4.89,37.8,291.4,281.0,0.31,2.98,0.004766,0.4094
3.51,52.2,70.1,318.0,0.59,1.94,0.000686,0.1467
5.22,4.5,367.5,314.0,0.3,2.3,0.007075,0.655
4.55,24.4,287.1,293.0,0.66,2.4,0.001269,0.2501
3.63,4.6,18.7,198.0,0.14,4.9,0.003438,0.0983
3.31,2.8,166.4,826.0,0.87,1.0,0.00027,0.1184
3.75,11.1,379.3,672.0,0.51,1.0,0.000366,0.116
3.32,10.5,35.8,455.0,0.0,2.67,0.002868,0.111
3.0,10.1,124.5,354.0,0.13,1.73,0.000607,0.0722
3.26,13.6,298.6,472.0,0.78,1.0,0.000125,0.0988
3.02,16.3,274.5,666.0,0.94,1.0,9e-05,0.0878
3.08,53.0,251.3,798.0,0.66,1.0,0.000196,0.0736
4.7,8.1,146.5,559.0,0.82,2.82,0.005441,0.1786
4.12,6.3,189.9,588.0,0.15,1.84,0.002735,0.2107
3.08,5.9,86.4,588.0,0.11,1.48,0.000272,0.0741
3.81,13.9,199.7,601.0,0.34,1.0,0.002068,0.176
4.42,3.5,279.5,428.0,0.33,1.35,0.00053,0.2364
3.16,28.1,148.3,569.0,0.97,1.0,0.000369,0.0899
4.47,6.6,42.4,471.0,0.19,4.4,0.009938,0.2653
3.29,8.6,145.0,308.0,0.47,1.0,0.000428,0.0984
3.02,6.9,125.7,418.0,0.71,1.0,0.000374,0.1121
3.92,15.8,79.6,477.0,0.8,2.69,0.001952,0.184
3.05,7.0,359.2,295.0,0.73,1.0,9.8e-05,0.0775
3.05,12.5,376.1,702.0,0.06,1.0,0.000181,0.0623
3.78,26.2,253.2,442.0,0.02,1.0,0.000381,0.1646
3.11,38.9,139.3,708.0,0.4,1.0,0.000371,0.1519
5.28,42.5,383.5,216.0,0.42,2.77,0.009934,0.3777
3.2,9.9,285.3,653.0,0.99,1.0,0.000338,0.0802
4.02,20.7,149.2,699.0,0.61,1.62,0.000714,0.1667
3.15,5.9,100.5,321.0,0.68,1.24,0.00102,0.0838
3.26,21.4,53.2,303.0,0.99,2.83,0.003102,0.117
5.47,15.6,341.7,793.0,0.16,2.6,0.002847,0.39
3.05,12.3,361.1,504.0,0.29,1.0,8.7e-05,0.088
5.17,34.0,257.8,599.0,0.04,2.5,0.00339,0.503
3.05,41.6,281.8,274.0,0.32,1.0,0.000224,0.0919
3.5,5.0,46.2,256.0,0.83,3.25,0.001633,0.1586
4.83,20.7,106.7,190.0,0.31,3.9,0.008506,0.3034
3.5,11.5,31.8,867.0,0.42,2.67,0.004997,0.0952
4.66,23.0,217.0,821.0,0.26,1.95,0.002739,0.2992
3.19,11.5,187.1,576.0,0.62,1.0,0.000214,0.0986
3.64,18.7,203.5,341.0,0.6,1.41,0.000818,0.1701
3.13,59.2,227.0,570.0,0.91,1.0,0.00019,0.1246
3.24,31.1,32.9,694.0,0.54,2.15,0.001103,0.09
4.02,5.4,230.4,436.0,0.7,1.49,0.000739,0.1669
4.54,60.7,308.0,189.0,0.42,2.02,0.003659,0.2954
3.76,3.6,16.5,153.0,0.16,5.22,0.011616,0.0745
4.89,7.1,337.3,625.0,0.19,2.05,0.007473,0.3372
3.12,9.5,112.9,613.0,0.53,1.0,0.000704,0.1209
3.18,15.9,69.9,347.0,0.22,2.08,0.000973,0.1107
3.17,24.1,125.6,507.0,0.44,1.0,0.000332,0.0747
3.18,19.6,287.0,159.0,0.78,1.0,0.000225,0.132
4.43,17.1,215.1,356.0,0.19,2.3,0.002857,0.173
3.04,15.6,364.0,895.0,0.0,1.0,0.000205,0.1515
3.14,11.7,47.5,549.0,0.78,1.74,0.000935,0.1057
3.26,23.1,375.6,818.0,0.45,1.0,0.00016,0.1764
6.55,8.6,12.1,580.0,0.06,8.39,1.355717,1.1739
3.14,62.8,256.2,757.0,0.31,1.0,0.000171,0.1144
3.82,5.7,59.3,378.0,0.93,3.14,0.006221,0.1646
3.28,10.1,13.2,667.0,0.0,3.77,0.005861,0.1248
3.6,63.2,169.3,705.0,0.03,1.0,0.001034,0.1175
4.42,21.2,388.7,240.0,0.71,2.07,0.001313,0.3111
3.88,7.4,381.2,230.0,0.48,1.0,0.000418,0.1506
3.24,30.0,218.7,176.0,0.51,1.06,0.000361,0.0954
4.65,30.8,110.5,300.0,0.27,3.4,0.004407,0.1248
4.3,17.5,218.6,692.0,0.52,1.65,0.001191,0.205
3.69,16.4,246.4,713.0,0.06,1.0,0.000388,0.1526
4.72,54.6,247.9,185.0,0.72,3.33,0.004555,0.2337
3.1,7.6,54.4,337.0,0.32,2.47,0.001451,0.1051
3.14,21.5,304.3,185.0,0.87,1.0,0.000244,0.1307
4.67,17.1,101.7,796.0,0.94,2.85,0.007286,0.2447
3.26,3.7,112.2,468.0,0.02,1.02,0.000472,0.1317
3.23,15.9,204.0,538.0,0.67,1.0,0.000367,0.1336
4.02,7.6,192.9,347.0,0.73,1.88,0.000481,0.1503
3.65,24.0,288.7,223.0,0.83,1.0,0.000608,0.1315
3.46,29.3,198.9,187.0,0.59,1.58,0.000627,0.0888
5.47,63.6,362.0,581.0,0.41,1.96,0.004418,0.451
3.25,8.6,146.9,482.0,0.44,1.08,0.000568,0.1792
3.17,47.8,52.3,375.0,0.78,1.81,0.002109,0.0499
3.05,3.7,89.2,259.0,0.28,2.14,0.000452,0.0927
3.05,6.0,17.3,719.0,0.44,3.16,0.002459,0.0778
3.05,59.8,122.0,506.0,0.87,1.0,9.7e-05,0.0846
3.13,11.7,280.6,772.0,0.03,1.0,0.000139,0.0832
3.2,21.5,317.8,213.0,0.07,1.0,0.000238,0.0372
3.1,10.1,189.1,297.0,0.99,1.0,0.000231,0.0741
3.1,3.9,245.4,342.0,0.09,1.0,0.000261,0.1633
3.99,34.6,89.5,440.0,0.65,2.34,0.003757,0.1666
3.28,10.2,321.2,572.0,0.08,1.0,0.000197,0.1429
3.12,36.4,207.1,450.0,0.76,1.0,0.000556,0.0995
4.58,15.1,252.7,697.0,0.53,1.54,0.000939,0.1772
3.3,32.1,179.7,825.0,0.74,1.0,0.000174,0.1013
3.63,118.5,131.2,275.0,0.57,1.51,0.000477,0.1473
3.21,20.5,130.6,327.0,0.74,1.4,0.000146,0.0964
4.47,22.4,312.1,501.0,0.81,1.37,0.001317,0.214
5.24,5.4,287.0,804.0,0.06,1.67,0.006753,0.4317
3.52,27.9,64.3,440.0,0.23,2.58,0.00193,0.1046
3.56,5.3,91.8,748.0,0.62,1.8,0.001335,0.1854
4.48,8.4,220.7,773.0,0.55,1.49,0.002388,0.2902
3.46,9.9,156.0,863.0,0.44,1.0,0.000824,0.1078
3.49,17.2,149.2,367.0,0.32,1.0,0.000298,0.229
6.99,5.9,27.6,896.0,0.56,7.43,1.038245,1.0319
3.22,27.1,109.5,179.0,0.39,2.1,0.000794,0.0983
5.55,5.3,248.2,555.0,0.58,3.67,0.020017,0.4834
3.02,60.6,387.7,441.0,0.52,1.0,0.000104,0.0822
3.81,18.9,166.4,450.0,0.42,1.77,0.001432,0.186
4.4,14.7,274.8,443.0,0.39,1.94,0.001722,0.1588
3.18,17.1,396.0,283.0,0.57,1.0,9.4e-05,0.1062
5.82,13.2,304.2,501.0,0.33,3.11,0.013979,0.8439
3.09,18.3,71.7,438.0,0.18,1.89,0.000459,0.0754
4.69,5.9,271.5,861.0,0.24,1.31,0.004057,0.3122
3.71,20.3,95.4,437.0,0.87,2.26,0.001451,0.1496
3.04,41.6,18.9,734.0,0.19,1.79,0.000955,0.079
3.74,2.0,302.8,645.0,0.87,1.0,0.001118,0.1511
3.02,3.6,307.4,601.0,0.49,1.0,0.000161,0.0845
3.56,68.6,299.4,650.0,0.74,1.0,0.000387,0.1409
4.22,24.6,141.1,609.0,0.08,1.58,0.001933,0.2181
3.24,7.2,303.6,771.0,0.74,1.0,0.000531,0.15
5.91,7.9,277.9,466.0,0.48,4.12,0.044542,0.7201
3.28,8.5,173.3,806.0,1.0,1.0,0.000153,0.0963
3.36,7.2,217.5,297.0,0.14,1.04,0.000639,0.1006
4.73,29.5,151.2,404.0,0.38,3.64,0.007191,0.262
3.84,10.6,64.7,387.0,0.12,2.09,0.003002,0.2515
4.25,6.6,205.8,353.0,0.15,2.61,0.000932,0.2249
3.33,4.7,389.2,486.0,0.45,1.0,9.8e-05,0.112
4.07,14.5,30.9,756.0,0.6,2.88,0.017341,0.1631
4.77,21.4,250.9,478.0,0.62,2.6,0.003484,0.2191
4.45,66.1,64.5,319.0,0.28,3.47,0.010309,0.2967
4.54,3.4,74.2,419.0,0.16,3.65,0.003517,0.232
7.03,18.2,339.5,372.0,0.19,5.4,0.203817,1.5312
6.36,4.6,397.8,277.0,0.59,4.28,0.023062,0.8517
3.27,45.0,8.2,599.0,0.19,2.6,0.002268,0.0823
4.87,3.5,38.8,363.0,0.25,4.89,0.030774,0.3154
6.35,19.1,75.1,836.0,0.84,4.83,0.113185,0.7937
3.17,30.5,201.6,215.0,0.89,1.0,0.000355,0.0712
3.24,12.1,12.7,379.0,0.74,3.87,0.001717,0.1278
3.44,8.5,167.6,636.0,0.76,1.13,0.0007,0.1704
4.54,21.4,227.9,353.0,0.7,2.13,0.004279,0.3024
3.59,43.6,87.9,432.0,0.55,2.06,0.000423,0.1246
3.42,30.1,220.1,625.0,0.52,1.0,0.000606,0.1152
4.54,23.3,262.6,726.0,1.0,1.17,0.001448,0.2908
3.86,84.0,69.3,743.0,0.58,1.39,0.00067,0.1629
3.01,19.8,13.2,796.0,0.32,2.25,0.001795,0.0992
3.66,20.5,10.3,543.0,0.25,3.95,0.008446,0.3334
4.2,8.3,300.9,427.0,0.79,1.81,0.002131,0.3344
3.0,14.3,85.3,854.0,0.94,1.0,0.001266,0.0866
3.32,29.3,142.9,420.0,0.12,1.0,0.000173,0.087
3.16,8.7,332.7,164.0,0.37,1.0,0.000283,0.1164
4.28,13.3,159.0,151.0,0.04,2.56,0.001726,0.3401
3.46,22.5,355.2,246.0,0.83,1.0,0.000505,0.0849
3.51,11.3,390.2,832.0,0.89,1.0,0.000272,0.1288
3.95,3.5,73.6,873.0,0.78,1.76,0.003786,0.1449
3.04,18.6,362.7,515.0,0.48,1.0,8.5e-05,0.1613
3.71,32.8,76.2,765.0,0.29,2.32,0.001358,0.1223
3.53,13.3,159.5,898.0,0.93,1.0,0.000874,0.1472
3.58,22.6,122.9,306.0,0.8,2.07,0.001185,0.1319
3.11,4.8,229.7,815.0,0.08,1.0,0.000441,0.1539
4.12,33.7,342.3,413.0,0.56,1.37,0.000638,0.1536
4.51,11.0,349.3,612.0,0.68,1.16,0.002693,0.202
5.33,16.2,388.2,790.0,0.3,1.7,0.008932,0.3988
6.09,7.9,315.6,716.0,0.12,3.67,0.018627,0.8757
3.95,59.9,267.2,900.0,0.69,1.0,0.000306,0.1401
3.2,19.7,58.9,223.0,0.76,2.63,0.000877,0.1176
4.65,95.4,381.7,506.0,0.37,1.34,0.003171,0.3183
4.73,11.1,124.8,818.0,0.56,2.51,0.003314,0.5931
3.21,23.3,25.8,502.0,0.57,2.82,0.002839,0.096
5.25,23.2,43.7,478.0,0.61,5.13,0.028287,0.4336
3.1,4.1,87.2,647.0,0.17,1.0,0.000503,0.0799
5.73,10.9,348.4,366.0,0.43,3.34,0.025887,0.5145
3.64,11.7,356.8,541.0,0.39,1.0,0.001095,0.1425
3.27,60.5,389.3,213.0,0.28,1.0,0.000276,0.0648
3.73,21.2,92.9,471.0,0.83,2.3,0.001609,0.1293
3.09,8.2,188.2,606.0,0.47,1.0,0.00045,0.1037
4.06,22.5,233.8,886.0,0.06,1.0,0.002326,0.1596
3.69,3.7,166.9,664.0,0.72,1.1,0.000353,0.1165
3.26,19.5,91.8,659.0,0.6,1.26,0.000844,0.1266
3.4,17.7,265.6,885.0,0.61,1.0,7.1e-05,0.155
3.31,50.2,77.9,538.0,0.1,1.84,0.00029,0.1177
4.24,15.7,26.6,745.0,0.36,3.28,0.017639,0.2635
3.06,4.2,110.9,671.0,0.62,1.0,0.000125,0.0555
3.97,26.8,251.7,411.0,0.73,1.88,0.000776,0.2012
4.91,96.6,41.3,689.0,0.21,2.77,0.012326,0.323
3.82,9.8,281.6,562.0,0.28,1.0,0.00042,0.1907
3.02,17.7,292.5,210.0,0.18,1.0,8.5e-05,0.1043
3.66,9.0,354.3,882.0,0.58,1.0,0.00089,0.1315
3.0,18.1,153.0,649.0,0.98,1.0,0.000155,0.11
3.67,4.7,376.7,517.0,0.89,1.0,0.000299,0.1936
3.86,43.1,152.8,404.0,0.37,1.93,0.000905,0.1216
4.53,105.9,266.7,752.0,0.28,1.29,0.001225,0.3821
3.67,7.5,16.2,323.0,0.7,4.73,0.002801,0.1036
5.56,21.6,253.1,326.0,0.58,3.2,0.030279,0.4988
3.48,10.7,76.7,312.0,0.16,2.83,0.000923,0.2397
5.93,17.9,369.4,718.0,0.3,3.09,0.014696,0.589
4.14,40.0,278.9,589.0,0.83,1.04,0.001719,0.1585
3.74,30.5,367.6,203.0,0.79,1.39,0.00024,0.1257
3.45,59.3,394.4,169.0,0.3,1.0,0.000369,0.0837
4.07,23.5,181.6,490.0,0.65,1.89,0.001493,0.1316
4.67,20.9,127.7,658.0,0.52,2.44,0.007054,0.2777
3.25,166.2,79.0,753.0,0.03,1.0,0.000607,0.1398
3.23,43.0,171.4,897.0,0.19,1.0,0.000124,0.0946
3.24,23.1,343.5,305.0,0.94,1.0,0.000262,0.0878
3.17,12.0,306.1,298.0,0.14,1.0,0.000189,0.094
7.25,25.9,226.5,584.0,0.49,5.88,0.129312,1.6396
3.09,43.9,92.8,561.0,0.89,1.45,0.000499,0.1915
3.36,30.2,135.0,150.0,0.92,1.86,0.000478,0.1153
3.63,17.0,188.9,355.0,0.29,1.38,0.00034,0.124
5.29,17.6,384.3,662.0,0.19,1.97,0.005639,0.4999
4.37,18.1,10.5,242.0,0.42,6.3,0.026628,0.2764
4.9,8.5,60.4,717.0,0.76,3.86,0.024177,0.6073
4.05,7.7,283.9,592.0,0.47,1.3,0.00292,0.1257
3.25,5.0,392.7,255.0,0.55,1.0,0.000153,0.1175
3.01,10.9,70.6,658.0,0.82,1.0,0.00078,0.1229
3.17,51.9,76.4,557.0,0.97,1.16,0.000977,0.1124
3.16,18.4,347.9,684.0,0.92,1.0,0.000121,0.0575
3.36,6.7,45.4,892.0,0.01,2.07,0.001655,0.1157
4.91,8.6,259.7,395.0,0.48,2.5,0.000684,0.338
3.45,3.7,272.6,650.0,0.11,1.0,0.000621,0.1202
3.22,19.1,101.3,568.0,0.51,1.41,0.000778,0.0741
3.9,36.2,248.7,465.0,0.67,1.12,0.000484,0.0939
4.89,7.6,304.9,649.0,0.23,1.72,0.001456,0.3666
3.62,8.1,51.2,630.0,0.58,2.67,0.002639,0.104
3.24,13.9,33.1,388.0,0.76,3.0,0.004821,0.0907
4.84,23.6,326.2,594.0,0.75,1.94,0.003468,0.3818
4.09,22.1,218.4,540.0,0.37,1.49,0.001629,0.2189
5.49,16.2,262.6,432.0,0.94,2.95,0.006678,0.4346
3.34,27.0,250.9,666.0,0.69,1.0,0.000263,0.1081
3.62,13.5,219.7,192.0,0.11,1.19,0.000611,0.1559
3.77,20.0,171.5,209.0,0.83,1.95,0.000961,0.14
3.65,54.0,356.4,538.0,0.32,1.0,0.000331,0.417
3.95,11.6,355.6,291.0,0.77,1.0,0.000492,0.1714
3.88,12.4,7.5,876.0,0.23,4.02,0.019643,0.1324
3.35,36.3,339.1,295.0,0.84,1.0,0.000232,0.0701
4.08,12.7,68.7,369.0,0.12,3.22,0.009493,0.25
4.27,16.6,285.6,706.0,0.15,1.19,0.002178,0.272
3.17,4.9,300.8,731.0,0.02,1.0,0.000196,0.0659
3.18,10.0,209.1,316.0,0.09,1.0,0.00018,0.0821
3.27,16.6,193.2,466.0,0.49,1.0,0.000545,0.1291
3.21,21.3,363.2,859.0,0.02,1.0,0.000115,0.0826
3.09,29.3,20.0,509.0,0.18,2.64,0.002175,0.1029
3.05,32.3,248.7,861.0,0.78,1.0,7.2e-05,0.0881
3.24,23.8,170.2,741.0,0.94,1.0,0.000247,0.0734
3.04,18.8,398.0,844.0,0.1,1.0,0.00033,0.0948
3.64,26.8,330.4,776.0,0.48,1.0,0.000513,0.1355
4.28,27.0,356.0,791.0,0.45,1.02,0.000794,0.1805
4.27,53.1,259.0,850.0,0.02,1.25,0.001545,0.1896
3.29,15.6,277.6,824.0,0.84,1.0,0.000142,0.1069
3.12,18.9,296.8,276.0,0.59,1.0,8.5e-05,0.0501
3.14,59.6,133.0,159.0,0.41,1.42,0.000306,0.0708
3.79,33.6,113.8,452.0,0.17,1.95,0.001261,0.1942
3.57,7.0,390.9,159.0,0.93,1.26,0.000405,0.1231
4.26,13.8,224.2,239.0,0.93,2.04,0.001484,0.1953
5.29,16.1,189.9,592.0,0.61,3.28,0.011182,0.4359
3.31,18.2,181.3,865.0,0.79,1.0,0.000364,0.1093
4.6,6.7,181.2,452.0,0.06,2.35,0.005008,0.2203
5.15,4.5,306.3,774.0,0.38,1.6,0.005707,0.4916
3.6,32.0,363.5,896.0,0.62,1.0,0.000598,0.1014
3.34,16.4,51.7,439.0,0.06,2.43,0.003747,0.1367
3.18,19.7,330.1,246.0,0.06,1.0,9.5e-05,0.0707
3.39,9.9,184.8,222.0,0.26,1.0,0.000539,0.1233
3.27,37.3,365.3,193.0,0.91,1.0,0.000107,0.1376
3.3,9.6,66.9,723.0,0.49,1.62,0.000887,0.1826
4.08,81.7,147.7,677.0,0.3,1.36,0.000968,0.2492
3.09,14.9,356.9,466.0,0.57,1.0,0.000253,0.0763
3.34,73.9,179.9,169.0,0.37,1.05,0.000499,0.1526
3.45,21.4,366.9,777.0,0.22,1.0,0.001029,0.0849
3.2,20.1,56.0,180.0,0.26,2.68,0.001435,0.0939
3.51,46.3,76.8,320.0,0.06,2.06,0.000956,0.1454
4.0,15.4,360.8,306.0,0.02,1.0,0.00052,0.2354
3.0,21.8,358.1,656.0,0.33,1.0,0.000135,0.0782
5.38,32.4,192.5,726.0,0.99,3.19,0.02588,0.4541
4.0,4.9,127.2,360.0,1.0,2.37,0.000895,0.3215
3.07,19.9,78.0,695.0,0.22,1.19,0.000572,0.0915
3.11,13.4,60.3,565.0,0.97,1.0,0.000677,0.1743
3.84,32.3,150.7,577.0,0.16,1.35,0.004283,0.2018
3.13,11.2,67.6,781.0,0.46,1.17,0.000755,0.0526
3.32,31.0,268.8,444.0,0.48,1.0,0.000279,0.093
3.59,10.6,351.4,192.0,0.45,1.0,0.000467,0.112
3.58,8.0,131.7,208.0,0.9,2.17,0.000844,0.0968
3.8,12.1,286.1,350.0,0.76,1.24,0.000183,0.1149
3.08,59.8,322.1,853.0,0.03,1.0,0.000223,0.1428
3.31,6.2,209.1,196.0,0.45,1.0,0.001806,0.1408
3.21,8.6,100.2,886.0,0.7,1.0,0.001111,0.0874
3.85,25.2,382.6,317.0,0.98,1.1,0.000246,0.1439
3.81,5.7,92.3,566.0,0.62,2.27,0.000846,0.1066
4.62,30.2,302.2,792.0,0.34,1.13,0.001751,0.2457
3.74,10.5,383.4,575.0,0.6,1.0,0.000433,0.1369
3.08,10.7,316.4,290.0,0.17,1.0,0.000122,0.108
3.15,4.7,98.7,411.0,0.14,1.6,0.00041,0.0802
3.04,11.8,123.1,791.0,0.54,1.0,0.000408,0.1634
3.98,37.5,283.8,620.0,0.39,1.0,0.000424,0.1649
3.34,12.2,312.2,254.0,0.5,1.0,0.000197,0.1459
3.58,20.5,322.8,318.0,0.08,1.0,0.000433,0.1141
3.03,24.1,286.6,350.0,0.13,1.0,7.4e-05,0.0459
4.17,31.9,125.5,379.0,0.88,2.56,0.001377,0.2996
3.02,9.5,121.9,799.0,0.19,1.0,0.000539,0.1007
3.26,27.6,19.9,870.0,0.67,1.67,0.002477,0.1086
3.34,50.6,24.7,339.0,0.79,2.46,0.002247,0.128
3.48,18.2,239.8,744.0,0.71,1.0,0.000453,0.1392
7.52,8.6,327.1,672.0,0.75,5.65,0.157287,1.3477
7.04,16.2,144.5,526.0,0.13,5.63,0.354922,1.2873
3.12,6.0,338.6,633.0,0.97,1.0,0.000182,0.0861
3.45,24.4,266.1,351.0,0.19,1.0,0.000411,0.1005
3.42,5.7,14.8,501.0,0.33,4.51,0.004652,0.1338
3.16,11.9,345.9,860.0,0.63,1.0,0.000329,0.0714
3.08,30.9,132.9,408.0,0.4,1.0,0.000291,0.1302
3.13,6.6,332.9,510.0,0.85,1.0,0.000475,0.0646
3.39,13.2,75.8,639.0,0.36,1.34,0.001062,0.1277
3.05,33.3,143.5,443.0,0.85,1.04,0.000179,0.1213
3.2,6.1,268.3,431.0,0.64,1.0,0.000436,0.079
4.15,11.6,193.5,345.0,0.81,2.27,0.000986,0.2406
4.3,14.6,339.8,491.0,0.7,1.26,0.000498,0.189
3.31,5.5,273.3,293.0,0.04,1.0,0.000343,0.1386
4.92,22.7,358.3,608.0,0.46,1.86,0.003362,0.3212
3.37,34.3,394.4,674.0,0.79,1.0,3.7e-05,0.1543
3.68,31.1,108.0,337.0,1.0,2.19,0.001936,0.1407
3.41,8.7,302.1,424.0,0.64,1.0,0.000317,0.1276
3.23,39.7,108.9,591.0,0.89,1.0,0.000349,0.1227
3.43,29.0,195.9,221.0,0.22,1.13,0.000504,0.1385
3.14,14.5,263.4,807.0,0.47,1.0,0.000205,0.1285
3.12,25.5,312.7,844.0,0.61,1.0,0.000101,0.1096
3.0,12.4,291.8,896.0,0.51,1.0,8.7e-05,0.0969
3.31,18.6,368.4,842.0,0.05,1.0,0.000261,0.1187
3.26,38.0,144.5,577.0,0.11,1.0,0.000351,0.1051
3.11,21.6,75.3,643.0,0.08,1.14,0.001669,0.0692
3.26,42.4,377.2,791.0,0.34,1.0,7.3e-05,0.1355
3.67,12.3,243.3,359.0,0.75,1.02,0.000748,0.1559
4.33,15.2,331.5,796.0,0.37,1.0,0.001475,0.4471
3.68,8.2,187.1,653.0,0.91,1.0,0.000167,0.1107
3.42,18.2,338.3,881.0,0.4,1.0,0.00037,0.1077
3.11,22.4,262.6,769.0,0.05,1.0,0.000364,0.1023
3.06,2.5,15.7,614.0,0.99,3.42,0.003327,0.1027
4.06,5.6,337.8,188.0,0.97,1.47,0.000623,0.1656
3.07,19.4,282.0,229.0,0.07,1.0,6.9e-05,0.0835
3.06,13.5,151.2,627.0,0.64,1.0,0.000372,0.1374
3.61,4.2,259.3,640.0,0.08,1.0,0.001279,0.1492
5.36,11.9,246.6,708.0,0.62,2.31,0.006702,0.3279
4.92,52.6,325.3,560.0,0.08,2.25,0.003503,0.4214
3.27,21.0,92.7,602.0,0.67,1.31,0.000431,0.0803
3.36,5.4,351.4,335.0,0.09,1.0,0.00021,0.1083
3.24,14.1,237.6,689.0,0.27,1.0,0.000336,0.1428
3.42,3.7,161.7,599.0,0.17,1.0,0.000504,0.137
4.34,13.7,205.3,689.0,0.5,1.63,0.00197,0.2412
3.1,11.6,10.8,306.0,0.72,5.01,0.003031,0.0925
3.19,29.9,357.1,786.0,0.39,1.0,0.000518,0.1207
4.22,10.7,128.1,555.0,0.45,2.15,0.003013,0.2769
3.4,7.9,243.1,795.0,0.1,1.0,0.000111,0.0819
3.61,16.4,187.8,354.0,0.39,1.0,0.000949,0.1306
3.12,80.2,15.2,244.0,0.82,2.27,0.00093,0.0898
3.01,9.3,149.1,513.0,0.86,1.0,0.000222,0.089
4.57,27.0,209.0,363.0,0.93,2.0,0.009821,0.2934
3.83,8.4,47.3,294.0,0.19,4.13,0.004778,0.1271
3.82,7.8,183.6,442.0,0.62,1.12,0.000722,0.1645
3.13,19.8,234.0,552.0,0.21,1.0,0.000192,0.0957
3.33,11.9,348.9,670.0,0.56,1.0,0.000137,0.1182
3.51,28.8,353.0,366.0,0.68,1.0,0.000115,0.1464
3.46,25.9,390.0,293.0,0.65,1.0,0.000343,0.2336
3.03,27.2,341.1,705.0,0.73,1.0,0.000127,0.1491
5.62,16.1,102.1,810.0,0.24,3.81,0.032237,0.4553
3.07,32.7,245.7,756.0,0.89,1.0,0.000122,0.0885
3.01,16.3,266.2,760.0,0.13,1.0,0.000178,0.0968
3.34,25.6,114.1,648.0,0.67,1.28,0.000983,0.2034
3.07,4.4,189.3,844.0,0.47,1.0,0.000168,0.0766
3.59,16.3,82.2,692.0,0.62,1.53,0.002966,0.1304
4.74,18.5,25.1,471.0,0.22,5.56,0.023418,0.3007
3.47,24.1,50.9,899.0,0.38,2.0,0.002634,0.1111
3.71,16.2,191.8,353.0,0.5,1.25,0.000319,0.1074
3.7,28.2,197.5,834.0,0.04,1.0,0.00091,0.1626
3.52,10.5,135.0,742.0,0.38,1.0,0.001036,0.164
3.33,7.7,361.3,709.0,0.53,1.0,0.000215,0.096
4.22,18.6,212.3,300.0,0.26,2.45,0.000867,0.1682
3.69,13.4,352.0,263.0,0.82,1.04,0.000621,0.1361
3.68,17.2,125.2,804.0,0.73,1.0,0.000823,0.1596
4.84,4.2,294.9,840.0,0.52,1.37,0.001686,0.4393
3.09,5.5,89.6,229.0,0.87,1.55,0.000513,0.1025
4.51,49.2,327.0,468.0,0.74,1.79,0.004275,0.1783
3.64,28.7,19.1,308.0,0.48,3.8,0.003963,0.2142
4.21,22.2,296.5,593.0,0.76,1.2,0.000732,0.2033
3.28,53.0,148.7,761.0,0.97,1.0,0.000553,0.079
3.52,16.9,77.8,694.0,0.71,1.1,0.001745,0.1232
3.11,40.8,83.3,308.0,0.73,1.82,0.000511,0.1062
3.13,11.8,63.6,352.0,0.98,2.03,0.000795,0.1011
3.76,91.7,129.1,778.0,0.06,1.37,0.00301,0.1215
3.34,2.7,249.5,795.0,0.52,1.0,0.000338,0.1102
3.3,16.0,225.7,395.0,0.68,1.0,0.000485,0.1516
5.17,2.5,143.8,239.0,0.19,4.09,0.014455,0.3053
3.62,19.8,384.4,181.0,0.34,1.0,0.000209,0.1623
3.73,32.2,304.1,804.0,0.94,1.0,0.000349,0.101
5.38,23.3,386.8,547.0,0.25,2.34,0.003335,0.5263
3.67,19.3,371.9,815.0,0.24,1.0,0.00039,0.2103
3.55,17.4,219.4,691.0,0.6,1.0,0.000279,0.1967
3.19,12.4,370.7,271.0,0.01,1.0,6e-05,0.1263
3.52,10.9,313.0,633.0,0.78,1.0,0.000371,0.1459
3.81,19.4,369.0,459.0,0.34,1.0,0.000552,0.1631
3.05,19.4,320.6,711.0,0.19,1.0,9e-05,0.0745
3.58,53.8,64.6,815.0,0.19,1.3,0.000909,0.1552
4.82,21.9,384.1,212.0,0.93,2.77,0.002303,0.3879
3.45,26.4,108.9,497.0,0.81,1.0,0.00053,0.1349
3.09,21.8,178.8,238.0,0.68,1.0,0.00041,0.083
3.27,10.6,346.8,832.0,0.87,1.0,0.000119,0.1145
3.43,8.6,145.9,232.0,0.49,1.38,0.001527,0.1738
3.52,42.5,67.9,376.0,0.64,2.06,0.003136,0.1153
3.19,6.9,92.5,251.0,0.43,1.36,0.000532,0.0929
3.19,22.8,353.7,369.0,0.3,1.0,6.8e-05,0.0769
4.01,31.6,392.4,642.0,0.46,1.0,0.000318,0.1865
3.31,9.6,115.1,178.0,0.6,1.51,0.0007,0.1049
3.06,70.0,101.0,732.0,0.74,1.0,0.000212,0.068
3.14,25.2,125.6,638.0,0.1,1.0,0.000279,0.1372
3.18,15.8,252.1,807.0,0.44,1.0,8e-05,0.0481
3.02,12.6,192.4,838.0,0.73,1.0,0.000155,0.1118
3.3,53.7,67.7,247.0,0.54,2.21,0.000739,0.1332
3.09,5.6,397.6,809.0,0.95,1.0,8.8e-05,0.1115
3.67,24.0,20.5,392.0,0.09,3.72,0.00367,0.1221
3.85,13.0,204.1,623.0,0.22,1.04,0.000684,0.1502
3.83,55.4,183.1,579.0,0.08,1.0,0.000972,0.1834
3.02,19.2,217.7,667.0,0.47,1.0,8.4e-05,0.0672
4.11,11.8,342.3,816.0,0.27,1.0,0.000258,0.2571
3.61,41.8,222.7,209.0,0.97,1.74,0.000232,0.1804
3.41,12.2,188.9,337.0,0.02,1.22,0.000131,0.1619
5.2,47.1,14.9,189.0,0.04,6.28,0.023407,0.6194
3.23,30.2,103.7,617.0,0.64,1.09,0.000945,0.0921
3.82,21.4,183.4,762.0,0.54,1.0,0.001156,0.1851
3.57,35.7,71.6,381.0,0.92,2.4,0.001754,0.1342
5.16,12.4,97.2,552.0,0.6,3.98,0.010578,0.3908
4.07,27.9,312.6,170.0,0.89,1.53,0.001503,0.2436
3.78,11.3,230.8,555.0,0.91,1.0,0.000736,0.1202
3.88,21.0,20.4,613.0,0.23,3.27,0.012081,0.1916
3.41,6.1,223.2,421.0,0.23,1.04,0.000274,0.1014
3.99,44.7,115.8,422.0,0.51,2.2,0.002551,0.1833
4.15,3.5,163.4,402.0,0.81,2.49,0.002839,0.104
5.01,6.5,373.0,678.0,0.35,1.67,0.00218,0.3554
3.01,22.7,41.2,724.0,0.81,1.79,0.002347,0.0476
3.61,18.5,344.8,796.0,0.94,1.0,0.000434,0.1713
3.03,32.6,301.7,603.0,0.87,1.0,8.8e-05,0.0781
4.5,5.0,399.6,228.0,0.79,2.21,0.003038,0.3406
4.8,10.9,284.6,867.0,0.39,1.27,0.0061,0.3463
5.0,21.2,311.8,260.0,0.63,2.21,0.008713,0.2383
3.07,13.2,104.3,328.0,0.75,1.35,0.00091,0.0945
4.15,16.6,365.3,177.0,0.4,1.44,0.000867,0.2586
4.53,23.5,353.8,487.0,0.28,1.85,0.001966,0.2615
4.34,16.9,236.2,219.0,0.04,1.69,0.002529,0.1923
3.05,7.6,240.5,163.0,0.09,1.0,0.000264,0.0734
4.88,4.2,70.2,756.0,0.51,3.03,0.019884,0.3503
3.61,10.4,221.6,282.0,0.33,1.64,0.000497,0.1189
3.75,6.8,386.8,551.0,0.82,1.0,0.000246,0.165
3.85,4.1,61.5,663.0,0.74,2.47,0.00415,0.1465
4.83,24.7,12.3,558.0,0.58,5.3,0.03102,0.3021
3.25,34.6,243.2,773.0,0.82,1.0,0.000209,0.0886
4.09,14.5,197.6,504.0,0.94,2.11,0.00075,0.2141
3.07,48.8,70.5,662.0,0.33,1.0,0.000845,0.075
3.11,46.8,189.3,756.0,0.35,1.0,0.000287,0.1336
3.2,24.3,308.9,363.0,0.57,1.0,0.00011,0.1267
3.52,3.8,385.4,292.0,0.69,1.0,0.000446,0.1307
5.19,13.7,280.9,723.0,0.11,2.41,0.00379,0.2155
5.52,51.7,309.0,568.0,0.69,2.98,0.006975,0.661
3.32,11.1,159.5,387.0,0.81,1.0,0.000203,0.0811
3.35,33.0,202.2,760.0,0.61,1.0,0.000628,0.1055
5.4,27.5,282.6,453.0,0.8,3.19,0.010077,0.7788
3.54,10.1,381.2,159.0,0.77,1.0,0.000207,0.1436
3.32,10.8,140.8,249.0,0.88,2.24,0.000911,0.1303
6.05,20.3,25.3,217.0,0.37,7.53,0.328941,0.7424
3.76,5.6,101.9,191.0,0.99,3.0,0.000701,0.1953
3.75,18.8,391.3,437.0,0.17,1.0,0.000174,0.2433
3.34,17.3,230.1,177.0,0.03,1.15,0.000312,0.093
3.61,9.9,71.8,870.0,0.86,1.54,0.001316,0.1104
4.11,10.8,233.9,850.0,0.07,1.0,0.000532,0.1768
3.76,5.8,216.2,432.0,0.53,1.43,0.000321,0.1767
3.93,4.1,341.5,286.0,0.12,1.0,0.00052,0.1327
4.23,6.9,217.8,644.0,0.06,1.65,0.001047,0.1869
4.09,101.7,362.2,459.0,0.06,1.02,0.001207,0.2667
3.46,16.2,55.6,209.0,0.7,2.91,0.002196,0.0941
3.76,16.7,354.0,819.0,0.73,1.0,0.000179,0.1517
3.43,11.5,99.4,862.0,0.17,1.16,0.000764,0.1722
4.1,22.0,302.6,637.0,0.45,1.0,0.002928,0.1086
3.21,50.4,49.7,690.0,0.26,1.0,0.000651,0.1221
3.35,10.8,215.7,381.0,0.07,1.0,0.000448,0.0947
3.32,12.2,61.7,202.0,0.73,2.88,0.000735,0.1312
4.11,25.3,271.4,700.0,0.06,1.0,0.000608,0.1997
7.12,20.7,249.7,467.0,0.12,5.36,0.239709,2.184
3.94,26.9,248.5,562.0,0.63,1.0,0.000648,0.1462
3.87,3.0,235.6,322.0,0.81,1.29,0.000658,0.2245
4.23,9.1,15.0,892.0,0.87,4.97,0.039111,0.2652
3.28,78.7,72.0,533.0,0.12,1.34,0.001368,0.0535
3.07,9.3,24.1,578.0,0.05,2.58,0.003298,0.0963
4.06,26.2,131.7,511.0,0.99,2.03,0.000665,0.1966
4.6,45.2,223.0,629.0,0.52,1.59,0.007184,0.5338
3.06,29.9,140.6,610.0,0.46,1.0,0.00143,0.0998
3.84,29.0,51.5,537.0,0.85,3.07,0.003332,0.115
4.72,10.0,338.2,408.0,0.92,1.68,0.000895,0.2943
3.87,2.8,372.9,640.0,0.55,1.0,0.000582,0.1566
3.12,14.0,313.6,787.0,0.34,1.0,0.000139,0.0806
3.66,27.8,80.8,679.0,0.85,1.35,0.001306,0.1324
3.96,17.7,351.4,170.0,0.92,1.23,0.001474,0.0928
4.43,21.2,32.6,833.0,0.36,3.57,0.010294,0.1692
3.44,10.6,62.0,291.0,0.49,2.57,0.001277,0.1636
3.73,10.0,338.1,846.0,0.31,1.0,0.000217,0.1751
3.44,13.3,145.4,473.0,0.39,1.0,0.000937,0.1246
3.93,24.9,308.5,164.0,0.36,1.3,0.001089,0.1622
3.33,136.0,73.7,521.0,0.31,1.0,0.000312,0.1997
4.89,17.6,319.5,736.0,0.07,2.01,0.00391,0.2503
3.22,12.6,138.7,398.0,0.57,1.0,0.000178,0.1456
3.88,18.7,221.5,827.0,0.23,1.0,0.000519,0.1309
3.84,28.1,285.0,562.0,0.93,1.0,0.000384,0.1592
3.78,23.0,220.4,566.0,0.9,1.0,0.001002,0.1124
3.05,17.0,106.4,410.0,0.12,1.31,0.000474,0.0673
4.11,9.7,379.3,243.0,0.61,1.77,0.00079,0.3572
3.49,13.1,43.6,379.0,0.84,3.1,0.001896,0.1113
3.84,34.3,335.7,508.0,0.88,1.0,0.000409,0.1892
3.05,36.5,262.1,829.0,0.99,1.0,0.000103,0.1179
4.43,7.2,54.5,215.0,0.24,4.53,0.007855,0.2031
3.24,33.3,331.7,756.0,0.28,1.0,0.000232,0.1087
3.29,7.4,138.7,731.0,0.62,1.0,0.00026,0.135
3.42,93.9,75.5,365.0,0.21,1.87,0.001332,0.1018
4.64,24.5,291.4,823.0,0.01,1.28,0.002515,0.349
5.27,35.8,126.5,419.0,0.39,3.92,0.031339,0.4166
3.14,16.3,261.5,876.0,0.75,1.0,0.000183,0.0895
3.12,19.0,161.0,279.0,0.72,1.13,0.000221,0.106
3.28,55.6,172.9,501.0,0.78,1.0,0.0008,0.1196
3.17,3.2,166.5,666.0,0.9,1.0,0.000337,0.0811
5.05,12.4,374.8,777.0,0.95,1.59,0.002966,0.3088
3.15,49.1,48.7,395.0,0.36,1.5,0.001003,0.099
3.0,11.7,345.3,651.0,0.26,1.0,0.000135,0.0971
4.4,18.3,149.6,525.0,0.83,2.37,0.005756,0.2393
4.23,8.1,26.4,777.0,0.04,3.59,0.014803,0.1576
3.07,50.3,399.1,802.0,0.1,1.0,6.8e-05,0.0855
3.43,3.8,193.0,788.0,0.88,1.0,0.00064,0.079
3.74,2.4,55.8,363.0,0.93,2.88,0.003994,0.1513
3.79,18.8,41.3,762.0,0.39,2.33,0.007781,0.2842
3.94,22.5,41.6,758.0,0.52,2.83,0.00515,0.131
4.51,10.2,308.1,667.0,0.75,1.32,0.000611,0.1999
3.5,3.7,88.7,237.0,0.01,2.63,0.000946,0.0838
3.84,19.7,306.5,741.0,0.51,1.0,0.000986,0.1305
3.05,15.7,224.2,614.0,0.79,1.0,0.0003,0.1575
3.24,15.6,96.5,841.0,0.33,1.0,0.001149,0.0915
3.08,9.0,157.0,434.0,0.37,1.0,0.000248,0.081
3.11,9.3,223.1,736.0,0.86,1.0,0.00033,0.1388
6.25,38.5,343.8,649.0,0.51,3.24,0.030275,1.1723
3.14,33.8,215.2,684.0,0.49,1.0,0.000203,0.0621
3.86,16.8,147.5,671.0,0.02,1.02,0.002004,0.1397
5.11,18.4,394.3,539.0,0.46,2.36,0.002029,0.3735
3.1,29.0,64.0,460.0,0.27,1.6,0.00053,0.0865
3.57,64.2,146.9,296.0,0.15,1.73,0.000579,0.1317
3.9,3.2,314.9,739.0,0.05,1.0,0.000257,0.2086
4.99,39.1,45.5,412.0,0.61,4.24,0.024493,0.3085
3.11,14.2,342.3,693.0,0.88,1.0,7.9e-05,0.0897
3.53,7.6,379.6,167.0,0.92,1.0,0.000426,0.0615
3.22,12.8,198.5,872.0,0.14,1.0,0.000184,0.0833
4.36,20.8,336.8,579.0,0.9,1.02,0.000339,0.2488
4.43,12.4,106.7,221.0,0.8,3.65,0.003407,0.2018
3.67,16.5,73.7,159.0,0.1,3.44,0.005644,0.2003
3.86,15.8,327.4,731.0,0.74,1.0,0.001686,0.2205
3.86,8.0,390.8,655.0,0.6,1.0,0.000117,0.1814
3.15,18.4,221.1,205.0,0.12,1.13,0.000398,0.0834
3.27,15.6,53.4,684.0,0.86,1.76,0.001075,0.1514
3.11,17.0,26.1,734.0,0.81,2.65,0.000975,0.1215
3.27,25.0,121.9,521.0,0.29,1.24,0.00028,0.0931
3.04,24.0,327.8,296.0,0.48,1.0,0.000102,0.1363
3.37,15.6,137.6,574.0,0.97,1.0,0.001093,0.1608
3.18,21.2,85.3,642.0,0.74,1.37,0.000639,0.0938
5.43,28.3,316.1,875.0,0.92,2.62,0.012635,0.7137
3.76,20.5,152.7,874.0,0.06,1.15,0.002098,0.1634
3.45,45.8,345.1,335.0,0.68,1.0,0.000216,0.1036
3.4,9.4,345.1,364.0,0.22,1.0,0.00015,0.1443
4.75,7.9,147.8,879.0,0.13,1.93,0.006197,0.2156
4.73,3.6,265.6,237.0,0.7,3.02,0.003253,0.3073
3.16,28.3,248.8,543.0,0.91,1.0,0.000246,0.076
3.52,12.9,176.6,832.0,0.74,1.0,0.00051,0.0904
3.28,12.4,318.4,479.0,0.37,1.0,0.000122,0.1278
3.22,53.3,232.0,278.0,0.36,1.0,0.000157,0.1331
3.81,33.6,395.2,157.0,0.43,1.3,0.000522,0.1355
4.35,12.7,382.4,521.0,0.51,1.72,0.001602,0.1423
3.43,13.5,48.4,266.0,0.52,3.69,0.002718,0.0938
3.74,19.5,253.8,227.0,0.73,1.3,0.000734,0.1455
3.46,41.6,269.5,246.0,0.93,1.0,0.000258,0.1077
5.53,15.7,287.9,345.0,0.45,3.25,0.005245,0.7754
3.07,18.5,31.1,879.0,0.12,1.82,0.00115,0.0883
3.18,4.0,63.8,843.0,0.84,1.88,0.001534,0.1203
4.57,24.1,27.0,573.0,0.62,4.85,0.008576,0.3923
3.9,13.9,179.3,159.0,0.49,1.86,0.001163,0.1679
3.78,6.9,336.4,257.0,0.87,1.0,0.000456,0.2037
3.03,4.8,276.3,208.0,0.57,1.0,0.000126,0.0947
4.6,27.6,367.4,895.0,0.41,1.0,0.000595,0.1944
3.03,4.9,243.7,536.0,0.08,1.0,0.000213,0.0831
3.11,98.7,103.9,208.0,0.89,1.62,0.000339,0.1424
3.12,2.9,45.7,753.0,0.14,1.24,0.001446,0.1061
4.45,10.7,179.6,534.0,0.19,2.26,0.001636,0.2735
3.37,4.7,30.4,394.0,0.7,3.61,0.002406,0.1407
3.74,11.0,353.8,364.0,0.06,1.0,0.000352,0.1906
4.62,53.1,18.3,887.0,0.92,3.5,0.004143,0.1921
3.43,7.8,366.2,151.0,0.86,1.0,0.000228,0.1462
3.02,4.0,248.4,383.0,0.97,1.0,9.9e-05,0.0773
4.93,22.5,224.8,891.0,0.31,2.04,0.004567,0.3432
3.96,28.2,263.7,481.0,0.4,1.0,0.00022,0.2175
3.77,18.3,269.2,558.0,0.56,1.0,0.000538,0.153
3.31,3.7,76.7,214.0,0.23,2.38,0.001108,0.1131
7.45,23.0,26.2,355.0,0.48,8.76,1.293602,1.8238
5.11,6.7,106.1,354.0,0.26,4.51,0.004293,0.5598
3.06,14.6,85.9,531.0,0.33,1.31,0.001059,0.1162
3.39,63.6,15.9,870.0,0.94,1.67,0.000676,0.0743
3.67,6.4,42.6,752.0,0.32,2.6,0.004351,0.157
3.2,40.4,349.0,190.0,0.96,1.0,0.000186,0.0698
5.48,22.8,200.4,342.0,0.69,3.74,0.03712,0.5469
3.29,4.5,298.5,747.0,0.94,1.0,0.00109,0.1077
4.37,77.0,119.6,604.0,0.81,2.41,0.002291,0.1719
3.49,6.8,352.1,175.0,0.45,1.0,0.000169,0.1275
3.58,14.5,191.8,495.0,0.65,1.0,0.00055,0.133
3.18,11.2,291.5,699.0,0.94,1.0,0.000212,0.092
3.21,33.1,256.6,805.0,0.96,1.0,0.000549,0.1018
3.43,9.2,320.5,344.0,0.01,1.0,0.000118,0.0947
3.49,6.4,248.8,347.0,0.6,1.0,0.00071,0.1546
3.5,41.7,273.1,702.0,0.06,1.0,0.000253,0.0877
3.21,11.2,130.3,327.0,0.11,1.13,0.000186,0.1074
4.02,20.4,146.1,484.0,0.55,1.67,0.001241,0.0958
3.66,22.3,380.4,735.0,0.89,1.0,0.000201,0.2159
3.46,35.3,23.5,167.0,0.2,3.09,0.002004,0.1147
5.32,13.1,217.9,372.0,0.35,3.69,0.005998,0.4391
3.01,11.9,157.9,206.0,0.3,1.27,0.000217,0.0701
4.59,14.8,231.0,827.0,0.43,1.0,0.001941,0.3668
4.01,13.4,78.2,209.0,0.68,3.09,0.00301,0.1752
3.03,25.1,48.8,787.0,0.78,1.59,0.00285,0.0721
5.72,13.9,184.5,356.0,0.02,3.74,0.03094,0.4022
3.26,7.1,399.2,607.0,0.1,1.0,0.000238,0.1507
4.27,8.4,320.3,432.0,0.6,1.17,0.001227,0.192
3.09,16.9,331.5,620.0,0.1,1.0,0.000252,0.0857
4.54,17.8,324.3,316.0,0.65,2.92,0.000878,0.1069
4.92,10.7,252.4,665.0,0.93,2.4,0.007448,0.3681
4.99,12.5,138.9,531.0,0.59,2.83,0.009551,0.3965
3.24,18.0,172.1,751.0,0.09,1.0,0.000738,0.0766
5.57,19.8,204.1,551.0,0.76,3.18,0.055665,0.6062
3.23,10.3,182.5,745.0,0.02,1.0,0.000333,0.0989
3.28,9.5,288.0,743.0,0.31,1.0,0.000374,0.0782
7.83,40.5,114.7,438.0,0.66,7.29,0.476299,2.5758
3.72,7.0,75.0,229.0,0.05,2.94,0.002146,0.0859
4.51,15.2,208.3,642.0,0.99,2.05,0.001525,0.2639
3.83,20.7,17.4,575.0,0.97,3.42,0.00634,0.1676
3.61,9.9,393.8,778.0,0.45,1.0,0.000316,0.1753
4.39,28.0,331.4,353.0,0.76,1.02,0.000959,0.1878
4.15,6.9,37.2,212.0,0.17,5.03,0.006033,0.1948
3.2,39.6,198.3,650.0,0.87,1.0,0.000133,0.0895
3.27,29.0,283.9,171.0,0.96,1.0,0.000525,0.1916
3.1,15.0,261.2,500.0,0.65,1.0,0.000185,0.1217
4.18,23.2,127.0,482.0,0.7,2.42,0.003025,0.1768
4.26,11.6,160.7,405.0,0.95,2.51,0.001563,0.253
4.86,28.8,365.2,333.0,0.97,1.89,0.001605,0.3702
4.96,36.7,43.5,163.0,0.73,4.85,0.054438,0.3619
4.31,9.3,29.6,421.0,0.11,4.94,0.034302,0.2041
3.44,22.1,274.0,749.0,0.87,1.0,0.000162,0.0974
3.13,14.3,161.4,175.0,0.35,1.72,0.000219,0.0723
3.0,43.8,329.3,755.0,0.7,1.0,0.000263,0.0803
3.95,9.1,208.2,465.0,0.48,1.19,0.001862,0.1287
4.12,34.7,321.8,714.0,0.21,1.0,0.002119,0.2035
5.57,18.7,345.1,651.0,0.62,3.24,0.01024,0.5745
4.49,19.3,138.5,262.0,0.52,4.19,0.002354,0.1989
3.01,10.9,268.9,602.0,0.52,1.0,9.7e-05,0.0848
3.02,30.1,47.4,537.0,0.46,1.92,0.001428,0.0866
3.16,53.3,59.9,275.0,0.42,2.07,0.001051,0.0844
4.51,9.4,125.7,179.0,0.03,3.51,0.004679,0.2552
3.53,37.1,239.8,406.0,0.13,1.0,0.000542,0.147
3.61,81.7,74.2,370.0,0.04,1.69,0.002112,0.0976
3.49,3.0,239.8,335.0,0.52,1.0,0.000616,0.1548
4.15,45.4,269.8,795.0,0.07,1.0,0.000672,0.2861
3.18,19.9,217.4,644.0,0.04,1.0,0.000792,0.126
3.64,11.0,236.7,772.0,0.65,1.0,0.000498,0.143
3.51,5.8,389.2,227.0,0.44,1.0,0.000124,0.1587
3.24,12.0,8.5,530.0,0.31,4.42,0.011451,0.1135
3.25,15.5,255.2,818.0,0.39,1.0,0.000176,0.1117
3.59,32.2,397.6,678.0,0.19,1.0,0.000572,0.139
4.9,5.3,175.5,830.0,0.22,2.04,0.004543,0.3246
3.41,33.5,133.2,177.0,0.41,2.03,0.000333,0.1318
3.02,8.9,282.3,746.0,0.19,1.0,0.000167,0.1285
3.32,45.1,22.1,749.0,0.43,1.58,0.001593,0.1011
3.35,15.4,249.6,511.0,0.28,1.0,0.000591,0.1198
4.39,7.4,228.9,781.0,0.71,1.77,0.002813,0.1711
3.41,15.9,42.8,655.0,0.09,2.61,0.00212,0.1833
3.55,9.9,26.8,509.0,0.96,2.98,0.00753,0.1529
4.45,38.9,138.2,439.0,0.11,2.53,0.004724,0.2249
5.09,13.2,273.9,376.0,0.61,2.7,0.007599,0.4489
3.48,10.1,204.5,362.0,0.64,1.0,0.000442,0.1374
3.32,18.9,251.2,764.0,0.67,1.0,0.000111,0.0782
3.57,68.7,347.5,539.0,0.31,1.0,0.000191,0.1801
3.34,13.0,115.4,459.0,0.89,1.29,0.001339,0.1375
4.17,11.7,81.2,401.0,0.32,3.08,0.001211,0.2323
5.08,5.8,345.1,656.0,0.96,1.67,0.001982,0.4055
3.22,34.7,31.0,543.0,0.29,2.35,0.002128,0.0784
3.69,7.0,111.6,565.0,0.93,1.72,0.00139,0.1392
3.43,9.9,70.0,789.0,0.46,1.73,0.003586,0.1006
6.32,11.4,23.5,367.0,0.85,7.71,1.836054,0.6308
3.21,20.4,114.5,868.0,0.12,1.0,0.00144,0.148
4.63,32.5,72.6,450.0,0.33,3.75,0.006518,0.2716
3.09,6.1,378.5,357.0,0.21,1.0,9.6e-05,0.1138
5.05,8.7,180.1,647.0,0.86,2.63,0.008731,0.4203
3.47,24.9,261.4,522.0,0.41,1.0,0.000152,0.0988
3.64,25.7,164.1,397.0,0.5,1.0,0.000544,0.1015
3.43,23.7,50.8,262.0,0.7,2.48,0.003417,0.1137
3.17,48.1,146.7,348.0,0.87,1.0,0.000107,0.0701
3.07,71.3,178.3,826.0,0.33,1.0,0.000123,0.1795
3.92,13.0,205.2,473.0,0.02,1.18,0.000531,0.1902
4.06,5.8,362.6,777.0,0.52,1.0,0.000164,0.1641
3.56,6.7,391.0,186.0,0.41,1.0,0.000294,0.0866
3.03,10.7,338.9,662.0,0.0,1.0,0.000205,0.0809
4.31,24.2,50.2,681.0,0.07,3.04,0.007665,0.3215
3.46,6.2,85.8,709.0,0.97,1.7,0.000922,0.1091
3.51,13.1,72.5,256.0,0.2,2.54,0.001457,0.0651
3.19,18.9,332.0,385.0,0.7,1.0,0.00016,0.0578
6.19,25.0,327.1,737.0,0.21,2.33,0.011152,0.715
4.22,61.0,157.8,554.0,0.16,1.81,0.003431,0.2589
3.16,76.3,379.9,222.0,0.64,1.0,0.000114,0.0828
3.15,2.4,101.9,324.0,0.71,1.71,0.000601,0.1084
3.75,8.6,32.5,275.0,0.44,3.64,0.001705,0.1419
3.11,38.0,31.6,468.0,0.02,1.57,0.000651,0.1116
3.99,51.0,364.6,763.0,0.15,1.0,0.000206,0.1695
3.67,16.6,300.4,383.0,0.08,1.0,0.000647,0.0891
3.18,20.5,22.3,722.0,0.28,2.58,0.003085,0.109
4.84,20.7,71.7,668.0,0.5,3.55,0.011024,0.2257
3.22,12.4,110.6,346.0,0.95,1.0,0.000743,0.0697
3.61,35.8,158.4,669.0,0.58,1.0,0.000352,0.1576
4.3,6.3,189.1,575.0,0.52,1.72,0.001958,0.2688
3.37,7.4,265.0,453.0,0.05,1.0,0.000359,0.0601
3.55,45.7,373.4,572.0,0.88,1.0,0.000258,0.1054
3.56,18.4,244.0,518.0,0.3,1.05,0.000507,0.11
3.44,6.7,35.2,707.0,0.17,3.0,0.003348,0.1262
3.04,3.8,163.7,294.0,0.04,1.0,0.000177,0.0583
3.87,71.1,37.1,394.0,0.5,2.59,0.001547,0.1124
3.29,25.9,31.8,640.0,0.21,2.31,0.003351,0.0829
3.33,6.4,68.7,496.0,0.06,2.35,0.001121,0.1204
3.76,8.4,96.7,460.0,0.02,1.96,0.002673,0.25
3.05,13.5,120.3,370.0,0.13,1.11,0.0007,0.1605
3.84,33.6,230.4,876.0,0.2,1.0,0.001296,0.1097
3.35,26.7,140.8,576.0,0.88,1.0,0.000384,0.1296
3.91,4.4,5.9,339.0,0.11,5.98,0.03151,0.1834
4.51,57.6,170.9,686.0,0.49,2.16,0.003842,0.3791
3.66,32.6,252.5,340.0,0.98,1.0,0.000584,0.1466
4.06,12.9,134.6,553.0,0.88,2.04,0.002296,0.1825
5.01,4.7,29.6,704.0,0.96,5.29,0.041515,0.4362
4.34,13.4,241.6,260.0,0.6,2.32,0.001739,0.1831
3.06,29.2,106.4,650.0,0.56,1.0,0.000256,0.0921
4.28,7.5,360.7,201.0,0.4,1.93,0.000455,0.1619
4.37,31.3,399.7,473.0,0.73,1.0,0.001273,0.2077
3.1,24.5,186.0,345.0,0.34,1.0,0.00028,0.0992
3.65,11.2,79.4,520.0,0.81,2.0,0.004717,0.1364
3.28,24.4,26.3,336.0,0.15,3.13,0.002478,0.0871
3.29,45.0,82.1,843.0,0.02,1.0,0.000907,0.1655
3.07,20.6,47.7,728.0,0.91,1.25,0.000637,0.0757
3.3,8.6,140.6,524.0,0.39,1.0,0.004435,0.1037
4.17,13.5,296.4,573.0,0.97,1.14,0.001146,0.2031
5.55,9.9,145.9,852.0,0.81,3.38,0.020926,0.5859
6.06,14.6,376.5,483.0,0.61,3.52,0.011615,0.7622
3.26,51.3,131.0,664.0,0.77,1.0,0.0002,0.1249
7.53,7.7,76.6,847.0,0.9,7.09,1.070681,1.5042
4.92,98.2,155.3,416.0,0.02,3.05,0.005921,0.3561
3.15,6.2,99.7,727.0,0.68,1.0,0.001415,0.0754
3.57,182.7,57.6,552.0,0.85,1.0,0.000417,0.0844
4.31,47.7,359.3,380.0,0.99,1.69,0.000956,0.281
4.04,16.6,387.3,523.0,0.99,1.0,0.000508,0.1799
4.16,9.3,333.9,758.0,0.06,1.0,0.000621,0.1384
3.12,23.4,19.2,225.0,0.11,3.29,0.001338,0.0781
3.58,2.6,109.8,460.0,0.41,2.05,0.001723,0.1578
3.62,7.1,30.0,193.0,0.06,4.54,0.009043,0.1887
3.22,67.7,56.5,896.0,0.8,1.06,0.000423,0.1017
3.32,14.5,5.0,308.0,0.03,4.91,0.002872,0.0627
4.62,17.8,318.7,261.0,0.8,2.63,0.000802,0.3604
4.6,2.3,22.6,567.0,0.42,5.46,0.05404,0.3301
3.19,11.2,220.0,573.0,0.06,1.0,0.000213,0.0886
3.39,4.4,134.3,568.0,0.46,1.0,0.00126,0.2593
4.55,8.7,121.4,656.0,0.58,2.66,0.003226,0.2009
4.7,8.7,236.9,391.0,0.11,2.22,0.002289,0.2624
4.27,7.2,45.5,488.0,0.25,4.15,0.008006,0.2229
3.47,57.8,271.0,611.0,0.47,1.0,0.000341,0.2051
5.51,8.3,104.3,224.0,0.82,4.85,0.028731,0.3755
3.29,18.6,309.9,770.0,0.91,1.0,0.000264,0.1257
3.45,34.6,219.8,639.0,0.48,1.0,0.000554,0.1055
4.09,48.3,43.2,511.0,0.64,2.96,0.013996,0.2493
3.41,23.7,224.9,393.0,0.42,1.0,0.000318,0.1413
3.31,4.8,47.1,288.0,0.65,2.7,0.002677,0.1305
3.15,42.4,218.2,574.0,0.08,1.0,0.0008,0.0915
3.75,18.1,303.9,417.0,0.97,1.0,0.000357,0.1766
4.85,38.2,320.6,206.0,0.31,2.63,0.001826,0.5474
8.5,26.6,373.8,427.0,0.85,7.26,1.094181,5.3601
3.85,24.7,82.9,678.0,0.17,1.73,0.002472,0.1794
3.06,16.8,279.1,295.0,0.94,1.0,0.000131,0.0872
3.69,14.5,128.0,690.0,0.08,1.66,0.000747,0.141
3.08,4.6,27.8,380.0,0.7,3.1,0.00187,0.1031
3.75,5.8,88.6,774.0,0.09,1.42,0.001577,0.1615
3.74,18.6,350.1,886.0,0.22,1.0,0.000884,0.1381
3.29,18.5,6.4,217.0,0.26,4.4,0.003058,0.1159
4.12,20.1,397.3,230.0,0.04,1.29,0.000605,0.1683
3.14,22.9,296.4,827.0,0.59,1.0,0.000206,0.0852
3.73,14.9,92.9,628.0,0.83,2.31,0.001577,0.2158
4.0,9.2,364.3,658.0,0.76,1.0,0.000727,0.1856
3.87,7.1,84.3,709.0,0.8,2.02,0.003672,0.2097
3.13,17.8,332.6,358.0,0.01,1.0,7e-05,0.1448
3.09,10.4,89.8,575.0,0.37,1.2,0.000325,0.0972
4.26,7.9,172.8,741.0,0.31,1.42,0.001637,0.2218
3.42,12.2,94.9,696.0,0.7,1.62,0.000928,0.143
3.11,19.0,244.0,756.0,0.98,1.0,0.000238,0.1388
3.35,6.9,120.4,317.0,0.27,1.96,0.001902,0.1096
3.38,26.8,135.3,204.0,0.87,1.74,0.000867,0.1205
3.06,74.9,205.4,792.0,0.3,1.0,0.000221,0.1112
4.11,14.0,131.0,230.0,0.41,3.08,0.001049,0.3062
3.01,38.1,105.8,583.0,0.88,1.0,0.000549,0.107
3.98,26.7,8.5,462.0,0.59,4.43,0.012543,0.1608
3.22,9.2,150.4,234.0,0.04,1.52,0.000692,0.0708
3.33,90.4,22.8,238.0,0.22,2.15,0.00085,0.2233
4.77,16.0,307.7,470.0,0.17,1.84,0.003912,0.287
3.36,17.0,350.0,647.0,0.53,1.0,0.000231,0.1273
3.9,17.0,330.9,374.0,0.22,1.15,0.000719,0.1473
4.85,19.9,25.0,211.0,0.38,5.84,0.017083,0.5133
3.19,24.1,184.6,253.0,0.47,1.0,0.000818,0.1436
3.09,25.2,230.1,660.0,0.16,1.0,0.000204,0.1467
4.44,16.2,317.4,832.0,0.68,1.0,0.002803,0.2734
3.17,12.6,140.4,289.0,0.72,1.24,0.000604,0.057
5.15,49.8,302.0,506.0,0.54,1.7,0.002738,0.4146
3.21,18.0,306.8,512.0,0.19,1.0,0.000124,0.1012
3.35,6.2,314.5,405.0,0.57,1.0,0.000132,0.0893
4.97,15.1,140.1,845.0,0.28,2.49,0.009106,0.4592
3.67,24.8,33.5,761.0,0.4,2.75,0.004456,0.2079
4.92,22.7,88.0,649.0,0.29,3.38,0.011272,0.3736
3.28,11.8,369.1,806.0,0.75,1.0,0.000224,0.1541
3.56,14.3,312.6,673.0,0.07,1.0,0.00041,0.1465
3.05,6.6,114.5,367.0,0.56,1.6,0.000529,0.0859
3.13,20.5,292.1,574.0,0.2,1.0,0.000211,0.1115
3.53,27.4,166.2,592.0,0.43,1.18,0.000296,0.0949
3.19,75.9,335.0,416.0,0.86,1.0,0.000272,0.1278
3.87,8.9,280.9,440.0,0.76,1.0,0.000335,0.2667
3.41,20.4,46.8,798.0,0.4,2.15,0.001002,0.0824
3.89,17.6,246.0,350.0,0.51,1.08,0.0003,0.1322
3.74,3.0,196.1,555.0,0.78,1.09,0.001097,0.1629
3.49,47.6,179.6,639.0,0.4,1.0,0.000295,0.0669
4.2,40.8,73.9,337.0,0.82,3.55,0.001844,0.1419
3.89,24.4,377.5,565.0,0.88,1.0,0.000439,0.1984
3.47,22.3,180.1,479.0,0.83,1.0,0.000265,0.153
3.3,14.2,97.5,867.0,0.86,1.0,0.001083,0.0734
3.98,21.9,362.0,422.0,0.19,1.0,0.000601,0.1684
4.23,19.7,218.8,572.0,0.77,1.43,0.001029,0.1403
3.31,20.5,86.0,295.0,0.41,1.39,0.000474,0.0765
3.21,7.9,222.9,732.0,0.11,1.0,0.000222,0.1282
3.12,3.5,313.8,200.0,0.33,1.0,0.000116,0.0744
3.3,4.1,387.7,328.0,0.56,1.0,0.000163,0.1075
3.91,35.0,342.4,283.0,0.42,1.0,0.000556,0.1793
3.22,73.8,286.6,624.0,0.78,1.0,0.000209,0.1507
4.25,40.5,120.6,391.0,0.25,2.97,0.002035,0.2385
3.5,16.2,237.4,792.0,0.34,1.0,0.001168,0.1303
3.97,6.1,388.0,481.0,0.07,1.0,0.001722,0.2347
4.32,18.6,329.9,666.0,0.56,1.0,0.001411,0.2328
3.04,9.3,149.0,889.0,0.53,1.0,0.000231,0.1247
5.77,21.2,112.5,810.0,0.94,4.39,0.009042,0.7615
4.06,17.8,213.8,398.0,0.78,1.57,0.000553,0.1628
3.47,6.0,277.0,659.0,0.73,1.0,0.000683,0.1006
3.06,30.5,382.2,644.0,0.08,1.0,0.000211,0.0965
3.04,27.0,21.4,835.0,0.11,1.56,0.002582,0.0991
4.43,35.0,109.7,652.0,0.28,2.44,0.005417,0.2562
4.37,17.9,273.0,634.0,0.05,1.0,0.004207,0.2998
3.89,11.3,274.3,352.0,0.35,1.19,0.000823,0.1529
4.06,41.5,217.0,432.0,1.0,1.4,0.000886,0.2152
3.6,17.2,124.9,361.0,0.22,1.84,0.000703,0.1257
3.04,30.8,249.1,384.0,0.18,1.0,9.2e-05,0.0987
3.46,15.8,182.7,857.0,0.92,1.0,0.000781,0.1223
3.48,7.0,206.0,594.0,0.49,1.0,0.000256,0.1104
3.08,11.9,130.6,880.0,0.94,1.0,0.000387,0.0868
3.22,5.8,132.3,842.0,0.73,1.0,0.000374,0.0784
3.18,7.9,119.8,812.0,0.66,1.0,0.000499,0.1508
3.3,11.7,125.9,639.0,0.74,1.0,0.001004,0.0906
3.17,10.0,13.5,180.0,0.47,4.46,0.007343,0.098
4.01,100.1,15.2,789.0,0.16,1.43,0.001072,0.1375
3.88,7.8,113.7,656.0,0.59,1.73,0.002429,0.1286
3.5,11.9,196.4,434.0,0.78,1.21,0.000786,0.1242
4.7,22.7,355.9,500.0,0.41,1.49,0.000909,0.3538
3.36,84.3,117.8,877.0,0.73,1.0,0.000973,0.1194
4.26,17.3,23.5,727.0,0.93,4.35,0.015125,0.2363
3.19,26.1,359.9,476.0,0.92,1.0,4.5e-05,0.0917
3.3,13.7,388.3,714.0,0.85,1.0,0.000139,0.1113
4.81,7.9,87.4,688.0,0.88,3.13,0.007842,0.3583
4.26,9.9,373.2,409.0,0.85,1.6,0.000386,0.4251
3.23,33.9,352.5,838.0,0.56,1.0,0.000158,0.1187
3.52,15.1,139.5,623.0,0.47,1.0,0.000725,0.143
3.18,16.8,194.7,796.0,0.8,1.0,7.9e-05,0.0556
3.33,16.1,168.1,847.0,0.59,1.0,0.000608,0.1278
5.32,44.9,394.5,342.0,0.28,2.78,0.002912,0.591
3.68,58.4,149.0,409.0,0.82,1.4,0.001289,0.1634
3.7,17.1,321.2,496.0,0.88,1.0,0.000388,0.0915
3.49,11.1,106.4,666.0,0.36,1.7,0.002843,0.16
3.28,12.1,238.6,332.0,0.89,1.0,0.000165,0.0723
3.99,5.1,183.0,159.0,0.4,2.62,0.001578,0.1397
3.31,13.1,80.8,319.0,0.99,2.09,0.000304,0.1098
4.13,26.4,253.5,575.0,0.59,1.0,0.00191,0.1896
3.63,25.7,54.0,854.0,0.49,1.05,0.002813,0.11
3.2,10.4,149.2,525.0,0.5,1.03,0.000324,0.1059
3.83,16.2,169.5,766.0,0.0,1.0,0.0004,0.1263
4.23,11.9,20.7,297.0,0.2,4.78,0.032153,0.1587
3.05,17.0,221.0,893.0,0.5,1.0,0.000438,0.0651
3.31,36.5,342.5,300.0,0.28,1.0,0.000311,0.0663
3.02,20.3,220.7,749.0,0.38,1.0,0.000232,0.115
4.73,9.1,82.5,542.0,0.1,3.6,0.015885,0.3338
3.1,12.0,191.8,733.0,0.01,1.0,0.000377,0.0829
3.87,9.5,25.2,514.0,0.46,3.58,0.012905,0.1732
3.06,18.1,316.7,770.0,0.01,1.0,0.000127,0.1029
4.48,12.6,141.9,398.0,0.73,2.87,0.004013,0.2846
3.52,5.7,312.2,347.0,0.96,1.0,0.001962,0.1082
4.1,10.2,312.2,544.0,0.86,1.0,0.00098,0.2438
3.42,28.6,276.3,271.0,0.98,1.13,0.000249,0.0839
4.13,6.7,167.4,649.0,0.63,1.87,0.003845,0.1225
4.61,7.3,338.9,493.0,0.96,1.22,0.002434,0.283
3.89,20.6,60.4,293.0,0.66,3.16,0.007065,0.1427
4.52,82.8,387.1,429.0,0.2,1.39,0.001082,0.2423
3.26,21.0,51.7,293.0,0.11,2.63,0.000525,0.2175
3.44,8.4,384.2,610.0,0.35,1.0,0.000211,0.1775
3.14,12.7,361.7,270.0,0.86,1.0,0.000203,0.1265
3.11,24.1,248.4,407.0,0.97,1.0,0.000277,0.1143
3.19,53.6,34.6,541.0,0.88,1.06,0.000726,0.0834
4.23,54.7,72.1,511.0,0.43,3.0,0.003606,0.3609
3.37,7.3,208.5,818.0,0.85,1.0,0.000487,0.098
3.0,11.1,81.4,573.0,0.12,1.0,0.000402,0.1055
4.76,13.6,347.1,605.0,0.3,1.8,0.004867,0.3386
3.53,16.5,61.6,454.0,0.91,2.25,0.001942,0.1108
3.07,27.0,142.5,743.0,0.02,1.0,0.000138,0.0515
3.87,21.6,244.5,283.0,0.5,1.1,0.002038,0.3331
3.07,15.0,283.9,204.0,0.21,1.0,0.00027,0.1682
3.07,54.2,226.0,601.0,0.02,1.0,0.000306,0.098
3.37,17.6,90.6,491.0,0.96,1.4,0.003461,0.1192
4.76,5.2,85.2,530.0,0.37,3.14,0.018024,0.4335
4.63,16.6,381.3,798.0,0.68,1.0,0.002783,0.176
3.27,11.3,373.9,274.0,0.08,1.0,0.000264,0.112
3.19,14.2,159.7,189.0,0.45,1.53,0.00096,0.0853
3.26,71.6,325.1,236.0,0.28,1.0,0.000124,0.1153
3.26,24.5,298.6,873.0,0.06,1.0,3.8e-05,0.0806
3.33,5.9,188.5,829.0,0.58,1.0,0.000268,0.081
3.24,18.5,390.0,873.0,0.53,1.0,0.000133,0.1271
5.28,23.8,370.9,232.0,0.15,2.91,0.003067,0.393
3.16,11.7,355.5,653.0,0.27,1.0,0.000342,0.1202
3.06,32.8,80.3,842.0,0.9,1.0,0.000287,0.0927
3.11,11.2,12.3,294.0,0.68,3.73,0.002958,0.0771
3.01,28.4,186.2,259.0,0.21,1.0,0.000342,0.0829
3.07,10.4,263.8,238.0,0.07,1.0,0.000114,0.0946
3.26,8.7,50.6,475.0,0.91,2.55,0.002985,0.0773
3.17,32.4,258.3,363.0,0.67,1.0,0.000112,0.0737
3.9,5.1,344.8,699.0,0.21,1.0,0.000679,0.0907
3.11,83.0,164.2,719.0,0.44,1.0,0.000185,0.0928
4.07,14.6,98.7,588.0,0.69,2.67,0.001266,0.2824
3.43,3.2,314.6,208.0,0.17,1.0,0.000142,0.1219
5.55,6.2,398.9,461.0,0.24,2.62,0.010885,0.3601
3.96,8.1,13.1,204.0,0.86,5.52,0.014682,0.1492
3.5,2.8,261.3,535.0,0.12,1.0,0.000622,0.1115
5.55,55.1,274.5,212.0,0.37,3.75,0.014806,0.365
6.15,135.8,324.7,297.0,0.93,4.2,0.010987,1.031
5.22,9.4,244.6,365.0,0.31,3.31,0.00185,0.7271
4.54,24.3,11.6,170.0,0.76,5.61,0.029636,0.2361
4.13,82.1,120.6,833.0,0.81,1.13,0.001268,0.2561
5.11,11.5,148.3,194.0,0.25,4.21,0.01353,0.3429
3.22,28.0,266.5,369.0,0.46,1.0,0.000305,0.0945
3.92,35.9,158.6,590.0,0.25,1.61,0.002844,0.146
3.82,4.5,82.0,269.0,0.81,2.92,0.011692,0.2108
3.06,21.0,122.0,285.0,0.93,1.53,0.000787,0.1271
3.71,40.1,22.6,724.0,0.27,2.31,0.004376,0.1149
3.41,18.2,156.3,707.0,0.83,1.0,0.000246,0.1466
3.92,19.3,255.2,719.0,0.2,1.0,0.000654,0.2325
3.44,44.0,174.4,523.0,0.81,1.12,0.000264,0.0587
3.94,48.1,215.1,379.0,0.75,1.34,0.001314,0.1132
3.77,15.7,336.9,244.0,0.39,1.43,0.000249,0.1194
3.24,3.6,113.3,858.0,0.63,1.0,0.000913,0.0952
5.43,12.7,122.8,188.0,0.71,4.72,0.015727,0.429
4.49,15.9,137.7,739.0,0.89,2.24,0.00448,0.1929
3.76,16.9,224.1,800.0,0.31,1.0,0.000353,0.1578
3.43,19.1,368.3,725.0,0.76,1.0,0.000153,0.1164
3.25,9.5,333.8,449.0,0.17,1.0,6.6e-05,0.1477
3.52,17.0,335.8,174.0,0.59,1.47,0.000378,0.174
4.28,5.2,44.4,409.0,0.11,4.53,0.005586,0.1033
3.37,100.9,310.9,484.0,0.1,1.0,0.000183,0.1248
4.21,12.6,130.9,554.0,0.67,1.73,0.00436,0.237
4.47,11.5,198.3,744.0,0.55,1.89,0.002876,0.3606
4.04,49.3,390.6,451.0,0.96,1.0,0.000585,0.1459
3.26,14.6,135.7,657.0,0.38,1.0,0.000185,0.1178
3.28,19.4,382.4,415.0,0.38,1.0,0.000328,0.0946
4.2,95.8,148.8,740.0,0.97,1.05,0.001567,0.1317
3.76,8.1,240.1,563.0,0.42,1.0,0.000506,0.1731
5.29,17.0,294.2,461.0,0.36,3.3,0.009456,0.4337
4.17,21.7,293.1,841.0,0.65,1.0,0.003277,0.1955
3.17,33.8,388.9,723.0,0.53,1.0,0.000117,0.1129
3.52,9.1,298.7,862.0,0.54,1.0,0.000525,0.1213
5.04,11.2,57.5,716.0,0.66,4.55,0.057224,0.3294
7.32,4.2,373.1,536.0,0.1,4.94,0.087069,1.7735
3.16,32.9,265.8,354.0,0.44,1.0,9.2e-05,0.0723
3.72,12.3,248.7,803.0,0.28,1.0,0.001014,0.0982
4.19,10.7,249.8,841.0,0.24,1.0,0.002052,0.2572
5.76,20.8,304.5,616.0,0.6,3.03,0.01429,0.4935
3.05,40.0,317.2,263.0,0.19,1.0,0.000198,0.165
6.45,9.0,259.7,753.0,0.13,4.28,0.027142,1.1566
4.27,3.6,43.4,633.0,0.25,3.76,0.015919,0.2475
3.22,7.5,306.2,852.0,0.96,1.0,0.000481,0.0942
4.66,25.1,386.0,301.0,0.31,2.55,0.001514,0.2804
4.38,19.6,265.4,583.0,0.89,1.58,0.000718,0.4669
3.16,8.6,54.3,456.0,0.73,2.67,0.000782,0.061
5.08,21.2,382.7,415.0,0.43,2.24,0.002401,0.2511
3.73,12.0,250.8,586.0,0.4,1.0,0.000451,0.1103
3.02,16.7,233.8,790.0,0.47,1.0,0.000183,0.0822
3.02,8.4,347.7,287.0,0.4,1.0,0.0001,0.1421
3.02,5.4,185.7,791.0,0.45,1.0,0.000657,0.12
3.95,19.2,221.1,456.0,0.93,1.0,0.00304,0.1408
4.25,23.6,238.7,625.0,0.02,1.0,0.000552,0.1524
3.01,16.3,347.2,502.0,0.27,1.0,0.000132,0.0548
3.01,4.5,107.1,338.0,0.51,1.53,0.000128,0.0571
3.95,27.2,205.6,509.0,0.53,1.48,0.000859,0.2701
4.06,36.4,396.2,561.0,0.98,1.0,0.000823,0.1736
5.79,10.1,188.9,577.0,0.36,3.8,0.036875,0.6233
3.25,14.7,350.7,246.0,0.88,1.0,3.8e-05,0.0885
3.14,15.0,380.4,353.0,0.1,1.0,0.000165,0.1374
3.37,12.4,360.6,768.0,0.14,1.0,0.000335,0.0871
4.15,16.1,314.4,372.0,0.17,1.39,0.002167,0.2632
4.02,34.7,183.2,729.0,0.4,1.0,0.000852,0.1658
3.34,25.3,367.6,410.0,0.45,1.0,0.000329,0.1301
4.73,3.9,127.6,465.0,0.03,3.14,0.012889,0.2939
7.95,12.7,300.1,558.0,0.08,5.83,0.826921,1.5512
3.12,13.8,139.0,799.0,0.12,1.0,0.000337,0.0722
3.09,6.7,364.8,806.0,0.68,1.0,8.4e-05,0.0835
3.31,2.2,362.1,492.0,0.68,1.0,0.000226,0.1429
3.56,31.9,72.4,769.0,0.43,1.37,0.00131,0.1897
3.65,22.1,114.2,714.0,0.52,2.18,0.001827,0.1506
3.43,22.6,310.0,268.0,0.44,1.0,0.000299,0.1141
